window,test_span,gid,y,gender,division,config,p,is_men
0,[6618-7117],6618,1,men,Catch Weight,A: top-240 WITHOUT is_southpaw,0.8,True
0,[6618-7117],6619,1,women,Women's Featherweight,A: top-240 WITHOUT is_southpaw,0.8333333333333334,False
0,[6618-7117],6620,0,women,Women's Flyweight,A: top-240 WITHOUT is_southpaw,0.6433566433566433,False
0,[6618-7117],6621,0,men,Middleweight,A: top-240 WITHOUT is_southpaw,0.6033057851239669,True
0,[6618-7117],6622,1,men,Welterweight,A: top-240 WITHOUT is_southpaw,0.6433566433566433,True
0,[6618-7117],6623,1,men,Light Heavyweight,A: top-240 WITHOUT is_southpaw,0.5032258064516129,True
0,[6618-7117],6624,0,men,Lightweight,A: top-240 WITHOUT is_southpaw,0.5714285714285714,True
0,[6618-7117],6625,1,men,Flyweight,A: top-240 WITHOUT is_southpaw,0.5714285714285714,True
0,[6618-7117],6626,1,women,Women's Flyweight,A: top-240 WITHOUT is_southpaw,0.4411764705882353,False
0,[6618-7117],6627,1,men,Light Heavyweight,A: top-240 WITHOUT is_southpaw,0.5032258064516129,True
0,[6618-7117],6628,0,men,Featherweight,A: top-240 WITHOUT is_southpaw,0.21739130434782608,True
0,[6618-7117],6629,1,men,Lightweight,A: top-240 WITHOUT is_southpaw,0.6033057851239669,True
0,[6618-7117],6630,1,men,Heavyweight,A: top-240 WITHOUT is_southpaw,0.6433566433566433,True
0,[6618-7117],6631,1,men,Welterweight,A: top-240 WITHOUT is_southpaw,0.6433566433566433,True
0,[6618-7117],6632,0,men,Featherweight,A: top-240 WITHOUT is_southpaw,0.21739130434782608,True
0,[6618-7117],6633,1,men,Catch Weight,A: top-240 WITHOUT is_southpaw,0.6033057851239669,True
0,[6618-7117],6634,1,women,Women's Strawweight,A: top-240 WITHOUT is_southpaw,0.6433566433566433,False
0,[6618-7117],6635,0,men,Bantamweight,A: top-240 WITHOUT is_southpaw,0.21739130434782608,True
0,[6618-7117],6636,0,men,Light Heavyweight,A: top-240 WITHOUT is_southpaw,0.6433566433566433,True
0,[6618-7117],6637,0,men,Bantamweight,A: top-240 WITHOUT is_southpaw,0.6433566433566433,True
0,[6618-7117],6638,0,men,Middleweight,A: top-240 WITHOUT is_southpaw,0.21739130434782608,True
0,[6618-7117],6639,0,women,Women's Flyweight,A: top-240 WITHOUT is_southpaw,0.5032258064516129,False
0,[6618-7117],6640,1,men,Featherweight,A: top-240 WITHOUT is_southpaw,0.4411764705882353,True
0,[6618-7117],6641,1,women,Women's Flyweight,A: top-240 WITHOUT is_southpaw,0.5032258064516129,False
0,[6618-7117],6642,1,men,Featherweight,A: top-240 WITHOUT is_southpaw,0.6433566433566433,True
0,[6618-7117],6643,1,men,Middleweight,A: top-240 WITHOUT is_southpaw,0.6033057851239669,True
0,[6618-7117],6644,1,men,Lightweight,A: top-240 WITHOUT is_southpaw,0.5,True
0,[6618-7117],6645,1,men,Light Heavyweight,A: top-240 WITHOUT is_southpaw,0.6033057851239669,True
0,[6618-7117],6646,0,men,Light Heavyweight,A: top-240 WITHOUT is_southpaw,0.5032258064516129,True
0,[6618-7117],6647,1,men,Welterweight,A: top-240 WITHOUT is_southpaw,0.5,True
0,[6618-7117],6648,0,men,Bantamweight,A: top-240 WITHOUT is_southpaw,0.21739130434782608,True
0,[6618-7117],6649,1,men,Flyweight,A: top-240 WITHOUT is_southpaw,0.6033057851239669,True
0,[6618-7117],6650,0,men,Heavyweight,A: top-240 WITHOUT is_southpaw,0.5032258064516129,True
0,[6618-7117],6651,0,women,Women's Strawweight,A: top-240 WITHOUT is_southpaw,0.8,False
0,[6618-7117],6652,1,men,Bantamweight,A: top-240 WITHOUT is_southpaw,0.8,True
0,[6618-7117],6653,0,men,Light Heavyweight,A: top-240 WITHOUT is_southpaw,0.6433566433566433,True
0,[6618-7117],6654,0,men,Featherweight,A: top-240 WITHOUT is_southpaw,0.5032258064516129,True
0,[6618-7117],6655,1,women,Women's Flyweight,A: top-240 WITHOUT is_southpaw,0.5032258064516129,False
0,[6618-7117],6656,1,men,Welterweight,A: top-240 WITHOUT is_southpaw,0.6433566433566433,True
0,[6618-7117],6657,1,men,Lightweight,A: top-240 WITHOUT is_southpaw,0.8,True
0,[6618-7117],6658,1,men,Featherweight,A: top-240 WITHOUT is_southpaw,0.6033057851239669,True
0,[6618-7117],6659,0,men,Heavyweight,A: top-240 WITHOUT is_southpaw,0.5032258064516129,True
0,[6618-7117],6660,0,men,Lightweight,A: top-240 WITHOUT is_southpaw,0.4411764705882353,True
0,[6618-7117],6661,1,men,Flyweight,A: top-240 WITHOUT is_southpaw,0.6428571428571429,True
0,[6618-7117],6662,0,women,Women's Flyweight,A: top-240 WITHOUT is_southpaw,0.4411764705882353,False
0,[6618-7117],6663,1,men,Middleweight,A: top-240 WITHOUT is_southpaw,0.6433566433566433,True
0,[6618-7117],6664,1,men,Bantamweight,A: top-240 WITHOUT is_southpaw,0.6033057851239669,True
0,[6618-7117],6665,1,women,Women's Bantamweight,A: top-240 WITHOUT is_southpaw,0.4411764705882353,False
0,[6618-7117],6666,1,men,Featherweight,A: top-240 WITHOUT is_southpaw,0.5032258064516129,True
0,[6618-7117],6667,1,men,Welterweight,A: top-240 WITHOUT is_southpaw,0.6428571428571429,True
0,[6618-7117],6668,0,men,Flyweight,A: top-240 WITHOUT is_southpaw,0.6433566433566433,True
0,[6618-7117],6669,0,men,Welterweight,A: top-240 WITHOUT is_southpaw,0.4888006738620922,True
0,[6618-7117],6670,0,women,Women's Flyweight,A: top-240 WITHOUT is_southpaw,0.4411764705882353,False
0,[6618-7117],6671,1,men,Heavyweight,A: top-240 WITHOUT is_southpaw,0.8333333333333334,True
0,[6618-7117],6672,1,men,Lightweight,A: top-240 WITHOUT is_southpaw,0.6433566433566433,True
0,[6618-7117],6673,1,men,Bantamweight,A: top-240 WITHOUT is_southpaw,0.6033057851239669,True
0,[6618-7117],6674,1,women,Women's Strawweight,A: top-240 WITHOUT is_southpaw,0.5032258064516129,False
0,[6618-7117],6675,1,men,Heavyweight,A: top-240 WITHOUT is_southpaw,0.5032258064516129,True
0,[6618-7117],6676,0,men,Welterweight,A: top-240 WITHOUT is_southpaw,0.5714285714285714,True
0,[6618-7117],6677,0,women,Women's Bantamweight,A: top-240 WITHOUT is_southpaw,0.541688422405262,False
0,[6618-7117],6678,1,men,Middleweight,A: top-240 WITHOUT is_southpaw,0.6033057851239669,True
0,[6618-7117],6679,1,men,Welterweight,A: top-240 WITHOUT is_southpaw,0.6033057851239669,True
0,[6618-7117],6680,1,women,Women's Strawweight,A: top-240 WITHOUT is_southpaw,0.6033057851239669,False
0,[6618-7117],6681,0,men,Welterweight,A: top-240 WITHOUT is_southpaw,0.21739130434782608,True
0,[6618-7117],6682,1,men,Bantamweight,A: top-240 WITHOUT is_southpaw,0.5032258064516129,True
0,[6618-7117],6683,1,men,Featherweight,A: top-240 WITHOUT is_southpaw,0.8,True
0,[6618-7117],6684,0,men,Lightweight,A: top-240 WITHOUT is_southpaw,0.4411764705882353,True
0,[6618-7117],6685,1,men,Bantamweight,A: top-240 WITHOUT is_southpaw,0.6033057851239669,True
0,[6618-7117],6686,0,women,Women's Strawweight,A: top-240 WITHOUT is_southpaw,0.6033057851239669,False
0,[6618-7117],6687,1,men,Lightweight,A: top-240 WITHOUT is_southpaw,0.6433566433566433,True
0,[6618-7117],6688,0,men,Heavyweight,A: top-240 WITHOUT is_southpaw,0.5032258064516129,True
0,[6618-7117],6689,1,men,Lightweight,A: top-240 WITHOUT is_southpaw,0.6428571428571429,True
0,[6618-7117],6690,1,men,Lightweight,A: top-240 WITHOUT is_southpaw,0.6433566433566433,True
0,[6618-7117],6691,0,women,Women's Bantamweight,A: top-240 WITHOUT is_southpaw,0.21739130434782608,False
0,[6618-7117],6692,1,men,Welterweight,A: top-240 WITHOUT is_southpaw,0.5032258064516129,True
0,[6618-7117],6693,1,men,Featherweight,A: top-240 WITHOUT is_southpaw,0.8333333333333334,True
0,[6618-7117],6694,1,women,Women's Bantamweight,A: top-240 WITHOUT is_southpaw,0.5032258064516129,False
0,[6618-7117],6695,0,men,Welterweight,A: top-240 WITHOUT is_southpaw,0.6433566433566433,True
0,[6618-7117],6696,1,men,Middleweight,A: top-240 WITHOUT is_southpaw,0.6033057851239669,True
0,[6618-7117],6697,0,men,Welterweight,A: top-240 WITHOUT is_southpaw,0.6433566433566433,True
0,[6618-7117],6698,1,men,Heavyweight,A: top-240 WITHOUT is_southpaw,0.6428571428571429,True
0,[6618-7117],6699,0,men,Light Heavyweight,A: top-240 WITHOUT is_southpaw,0.5032258064516129,True
0,[6618-7117],6700,1,men,Welterweight,A: top-240 WITHOUT is_southpaw,0.5714285714285714,True
0,[6618-7117],6701,1,men,Bantamweight,A: top-240 WITHOUT is_southpaw,0.6033057851239669,True
0,[6618-7117],6702,1,men,Light Heavyweight,A: top-240 WITHOUT is_southpaw,0.8333333333333334,True
0,[6618-7117],6703,0,men,Welterweight,A: top-240 WITHOUT is_southpaw,0.5032258064516129,True
0,[6618-7117],6704,0,men,Welterweight,A: top-240 WITHOUT is_southpaw,0.6433566433566433,True
0,[6618-7117],6705,0,men,Featherweight,A: top-240 WITHOUT is_southpaw,0.5032258064516129,True
0,[6618-7117],6706,1,women,Women's Flyweight,A: top-240 WITHOUT is_southpaw,0.6033057851239669,False
0,[6618-7117],6707,0,men,Lightweight,A: top-240 WITHOUT is_southpaw,0.4411764705882353,True
0,[6618-7117],6708,0,women,Women's Strawweight,A: top-240 WITHOUT is_southpaw,0.6033057851239669,False
0,[6618-7117],6709,0,men,Catch Weight,A: top-240 WITHOUT is_southpaw,0.6433566433566433,True
0,[6618-7117],6710,0,women,Women's Flyweight,A: top-240 WITHOUT is_southpaw,0.5714285714285714,False
0,[6618-7117],6711,1,men,Lightweight,A: top-240 WITHOUT is_southpaw,0.6033057851239669,True
0,[6618-7117],6712,1,men,Welterweight,A: top-240 WITHOUT is_southpaw,0.5032258064516129,True
0,[6618-7117],6713,0,men,Flyweight,A: top-240 WITHOUT is_southpaw,0.6033057851239669,True
0,[6618-7117],6714,1,men,Middleweight,A: top-240 WITHOUT is_southpaw,0.6433566433566433,True
0,[6618-7117],6715,1,men,Heavyweight,A: top-240 WITHOUT is_southpaw,0.8333333333333334,True
0,[6618-7117],6716,0,men,Lightweight,A: top-240 WITHOUT is_southpaw,0.4411764705882353,True
0,[6618-7117],6717,0,men,Featherweight,A: top-240 WITHOUT is_southpaw,0.5032258064516129,True
0,[6618-7117],6718,1,men,Heavyweight,A: top-240 WITHOUT is_southpaw,0.5032258064516129,True
0,[6618-7117],6719,0,men,Bantamweight,A: top-240 WITHOUT is_southpaw,0.5032258064516129,True
0,[6618-7117],6720,1,men,Featherweight,A: top-240 WITHOUT is_southpaw,0.5032258064516129,True
0,[6618-7117],6721,1,men,Heavyweight,A: top-240 WITHOUT is_southpaw,0.6433566433566433,True
0,[6618-7117],6722,1,men,Bantamweight,A: top-240 WITHOUT is_southpaw,0.5032258064516129,True
0,[6618-7117],6723,0,women,Women's Strawweight,A: top-240 WITHOUT is_southpaw,0.21739130434782608,False
0,[6618-7117],6724,0,men,Flyweight,A: top-240 WITHOUT is_southpaw,0.6433566433566433,True
0,[6618-7117],6725,1,women,Women's Flyweight,A: top-240 WITHOUT is_southpaw,0.5714285714285714,False
0,[6618-7117],6726,1,men,Welterweight,A: top-240 WITHOUT is_southpaw,0.6433566433566433,True
0,[6618-7117],6727,1,men,Flyweight,A: top-240 WITHOUT is_southpaw,0.6033057851239669,True
0,[6618-7117],6728,1,women,Women's Featherweight,A: top-240 WITHOUT is_southpaw,0.5032258064516129,False
0,[6618-7117],6729,1,men,Welterweight,A: top-240 WITHOUT is_southpaw,0.5032258064516129,True
0,[6618-7117],6730,1,men,Welterweight,A: top-240 WITHOUT is_southpaw,0.5032258064516129,True
0,[6618-7117],6731,0,men,Light Heavyweight,A: top-240 WITHOUT is_southpaw,0.5032258064516129,True
0,[6618-7117],6732,1,men,Lightweight,A: top-240 WITHOUT is_southpaw,0.6428571428571429,True
0,[6618-7117],6733,0,women,Women's Strawweight,A: top-240 WITHOUT is_southpaw,0.8333333333333334,False
0,[6618-7117],6734,1,men,Lightweight,A: top-240 WITHOUT is_southpaw,0.5032258064516129,True
0,[6618-7117],6735,1,men,Flyweight,A: top-240 WITHOUT is_southpaw,0.6433566433566433,True
0,[6618-7117],6736,1,women,Women's Strawweight,A: top-240 WITHOUT is_southpaw,0.6033057851239669,False
0,[6618-7117],6737,1,men,Lightweight,A: top-240 WITHOUT is_southpaw,0.6033057851239669,True
0,[6618-7117],6738,1,women,Women's Flyweight,A: top-240 WITHOUT is_southpaw,0.4411764705882353,False
0,[6618-7117],6739,0,men,Flyweight,A: top-240 WITHOUT is_southpaw,0.6433566433566433,True
0,[6618-7117],6740,0,men,Middleweight,A: top-240 WITHOUT is_southpaw,0.6033057851239669,True
0,[6618-7117],6741,1,women,Women's Flyweight,A: top-240 WITHOUT is_southpaw,0.4411764705882353,False
0,[6618-7117],6742,1,men,Bantamweight,A: top-240 WITHOUT is_southpaw,0.5032258064516129,True
0,[6618-7117],6743,1,men,Light Heavyweight,A: top-240 WITHOUT is_southpaw,0.4411764705882353,True
0,[6618-7117],6744,1,men,Light Heavyweight,A: top-240 WITHOUT is_southpaw,0.4411764705882353,True
0,[6618-7117],6745,0,men,Lightweight,A: top-240 WITHOUT is_southpaw,0.21739130434782608,True
0,[6618-7117],6746,0,women,Women's Strawweight,A: top-240 WITHOUT is_southpaw,0.6033057851239669,False
0,[6618-7117],6747,1,men,Featherweight,A: top-240 WITHOUT is_southpaw,0.6433566433566433,True
0,[6618-7117],6748,1,men,Bantamweight,A: top-240 WITHOUT is_southpaw,0.6433566433566433,True
0,[6618-7117],6749,0,men,Lightweight,A: top-240 WITHOUT is_southpaw,0.5032258064516129,True
0,[6618-7117],6750,1,men,Heavyweight,A: top-240 WITHOUT is_southpaw,0.8333333333333334,True
0,[6618-7117],6751,1,men,Middleweight,A: top-240 WITHOUT is_southpaw,0.8333333333333334,True
0,[6618-7117],6752,0,women,Women's Strawweight,A: top-240 WITHOUT is_southpaw,0.5032258064516129,False
0,[6618-7117],6753,1,men,Middleweight,A: top-240 WITHOUT is_southpaw,0.6033057851239669,True
0,[6618-7117],6754,0,men,Welterweight,A: top-240 WITHOUT is_southpaw,0.21739130434782608,True
0,[6618-7117],6755,0,women,Women's Bantamweight,A: top-240 WITHOUT is_southpaw,0.6033057851239669,False
0,[6618-7117],6756,0,men,Middleweight,A: top-240 WITHOUT is_southpaw,0.4411764705882353,True
0,[6618-7117],6757,1,men,Featherweight,A: top-240 WITHOUT is_southpaw,0.5032258064516129,True
0,[6618-7117],6758,1,men,Welterweight,A: top-240 WITHOUT is_southpaw,0.6433566433566433,True
0,[6618-7117],6759,1,men,Flyweight,A: top-240 WITHOUT is_southpaw,0.6433566433566433,True
0,[6618-7117],6760,0,men,Bantamweight,A: top-240 WITHOUT is_southpaw,0.6033057851239669,True
0,[6618-7117],6761,1,women,Women's Flyweight,A: top-240 WITHOUT is_southpaw,0.8333333333333334,False
0,[6618-7117],6762,1,men,Lightweight,A: top-240 WITHOUT is_southpaw,0.6433566433566433,True
0,[6618-7117],6763,0,men,Lightweight,A: top-240 WITHOUT is_southpaw,0.4411764705882353,True
0,[6618-7117],6764,1,men,Light Heavyweight,A: top-240 WITHOUT is_southpaw,0.6033057851239669,True
0,[6618-7117],6765,1,men,Flyweight,A: top-240 WITHOUT is_southpaw,0.6033057851239669,True
0,[6618-7117],6766,1,women,Women's Flyweight,A: top-240 WITHOUT is_southpaw,0.6033057851239669,False
0,[6618-7117],6767,0,men,Featherweight,A: top-240 WITHOUT is_southpaw,0.6033057851239669,True
0,[6618-7117],6768,0,men,Featherweight,A: top-240 WITHOUT is_southpaw,0.4411764705882353,True
0,[6618-7117],6769,1,men,Heavyweight,A: top-240 WITHOUT is_southpaw,0.6433566433566433,True
0,[6618-7117],6770,0,women,Women's Strawweight,A: top-240 WITHOUT is_southpaw,0.6033057851239669,False
0,[6618-7117],6771,0,men,Flyweight,A: top-240 WITHOUT is_southpaw,0.5032258064516129,True
0,[6618-7117],6772,1,men,Lightweight,A: top-240 WITHOUT is_southpaw,0.6428571428571429,True
0,[6618-7117],6773,1,men,Flyweight,A: top-240 WITHOUT is_southpaw,0.6428571428571429,True
0,[6618-7117],6774,0,men,Featherweight,A: top-240 WITHOUT is_southpaw,0.5714285714285714,True
0,[6618-7117],6775,0,men,Bantamweight,A: top-240 WITHOUT is_southpaw,0.5032258064516129,True
0,[6618-7117],6776,1,men,Flyweight,A: top-240 WITHOUT is_southpaw,0.6033057851239669,True
0,[6618-7117],6777,0,men,Lightweight,A: top-240 WITHOUT is_southpaw,0.6433566433566433,True
0,[6618-7117],6778,1,men,Featherweight,A: top-240 WITHOUT is_southpaw,0.6033057851239669,True
0,[6618-7117],6779,1,men,Light Heavyweight,A: top-240 WITHOUT is_southpaw,0.6433566433566433,True
0,[6618-7117],6780,1,men,Featherweight,A: top-240 WITHOUT is_southpaw,0.5714285714285714,True
0,[6618-7117],6781,0,men,Welterweight,A: top-240 WITHOUT is_southpaw,0.6033057851239669,True
0,[6618-7117],6782,1,men,Flyweight,A: top-240 WITHOUT is_southpaw,0.6033057851239669,True
0,[6618-7117],6783,0,men,Lightweight,A: top-240 WITHOUT is_southpaw,0.6033057851239669,True
0,[6618-7117],6784,1,men,Bantamweight,A: top-240 WITHOUT is_southpaw,0.6433566433566433,True
0,[6618-7117],6785,0,women,Women's Strawweight,A: top-240 WITHOUT is_southpaw,0.5032258064516129,False
0,[6618-7117],6786,1,men,Bantamweight,A: top-240 WITHOUT is_southpaw,0.6033057851239669,True
0,[6618-7117],6787,0,men,Flyweight,A: top-240 WITHOUT is_southpaw,0.6033057851239669,True
0,[6618-7117],6788,1,men,Featherweight,A: top-240 WITHOUT is_southpaw,0.5032258064516129,True
0,[6618-7117],6789,0,women,Women's Featherweight,A: top-240 WITHOUT is_southpaw,0.4411764705882353,False
0,[6618-7117],6790,0,women,Women's Strawweight,A: top-240 WITHOUT is_southpaw,0.8333333333333334,False
0,[6618-7117],6791,1,men,Bantamweight,A: top-240 WITHOUT is_southpaw,0.5032258064516129,True
0,[6618-7117],6792,1,men,Middleweight,A: top-240 WITHOUT is_southpaw,0.6033057851239669,True
0,[6618-7117],6793,0,men,Featherweight,A: top-240 WITHOUT is_southpaw,0.5032258064516129,True
0,[6618-7117],6794,1,men,Lightweight,A: top-240 WITHOUT is_southpaw,0.6433566433566433,True
0,[6618-7117],6795,0,men,Welterweight,A: top-240 WITHOUT is_southpaw,0.4411764705882353,True
0,[6618-7117],6796,1,women,Women's Strawweight,A: top-240 WITHOUT is_southpaw,0.4411764705882353,False
0,[6618-7117],6797,1,women,Women's Flyweight,A: top-240 WITHOUT is_southpaw,0.6433566433566433,False
0,[6618-7117],6798,0,men,Light Heavyweight,A: top-240 WITHOUT is_southpaw,0.6033057851239669,True
0,[6618-7117],6799,1,men,Welterweight,A: top-240 WITHOUT is_southpaw,0.6033057851239669,True
0,[6618-7117],6800,1,men,Featherweight,A: top-240 WITHOUT is_southpaw,0.6433566433566433,True
0,[6618-7117],6801,1,men,Middleweight,A: top-240 WITHOUT is_southpaw,0.5032258064516129,True
0,[6618-7117],6802,0,men,Bantamweight,A: top-240 WITHOUT is_southpaw,0.4411764705882353,True
0,[6618-7117],6803,1,men,Middleweight,A: top-240 WITHOUT is_southpaw,0.5032258064516129,True
0,[6618-7117],6804,1,women,Women's Strawweight,A: top-240 WITHOUT is_southpaw,0.5032258064516129,False
0,[6618-7117],6805,0,men,Welterweight,A: top-240 WITHOUT is_southpaw,0.4411764705882353,True
0,[6618-7117],6806,1,men,Middleweight,A: top-240 WITHOUT is_southpaw,0.6033057851239669,True
0,[6618-7117],6807,1,men,Bantamweight,A: top-240 WITHOUT is_southpaw,0.6433566433566433,True
0,[6618-7117],6808,0,men,Middleweight,A: top-240 WITHOUT is_southpaw,0.6033057851239669,True
0,[6618-7117],6809,1,men,Lightweight,A: top-240 WITHOUT is_southpaw,0.6033057851239669,True
0,[6618-7117],6810,0,men,Welterweight,A: top-240 WITHOUT is_southpaw,0.4411764705882353,True
0,[6618-7117],6811,0,men,Featherweight,A: top-240 WITHOUT is_southpaw,0.5032258064516129,True
0,[6618-7117],6812,0,women,Women's Flyweight,A: top-240 WITHOUT is_southpaw,0.5032258064516129,False
0,[6618-7117],6813,1,women,Women's Strawweight,A: top-240 WITHOUT is_southpaw,0.5032258064516129,False
0,[6618-7117],6814,0,men,Flyweight,A: top-240 WITHOUT is_southpaw,0.5032258064516129,True
0,[6618-7117],6815,0,men,Bantamweight,A: top-240 WITHOUT is_southpaw,0.6033057851239669,True
0,[6618-7117],6816,1,men,Featherweight,A: top-240 WITHOUT is_southpaw,0.6033057851239669,True
0,[6618-7117],6817,1,men,Light Heavyweight,A: top-240 WITHOUT is_southpaw,0.5032258064516129,True
0,[6618-7117],6818,0,men,Bantamweight,A: top-240 WITHOUT is_southpaw,0.4411764705882353,True
0,[6618-7117],6819,0,men,Bantamweight,A: top-240 WITHOUT is_southpaw,0.043856811943296554,True
0,[6618-7117],6820,1,men,Lightweight,A: top-240 WITHOUT is_southpaw,0.6033057851239669,True
0,[6618-7117],6821,1,men,Heavyweight,A: top-240 WITHOUT is_southpaw,0.6033057851239669,True
0,[6618-7117],6822,0,men,Welterweight,A: top-240 WITHOUT is_southpaw,0.4411764705882353,True
0,[6618-7117],6823,0,men,Lightweight,A: top-240 WITHOUT is_southpaw,0.6033057851239669,True
0,[6618-7117],6824,1,men,Middleweight,A: top-240 WITHOUT is_southpaw,0.6033057851239669,True
0,[6618-7117],6825,0,women,Women's Bantamweight,A: top-240 WITHOUT is_southpaw,0.6433566433566433,False
0,[6618-7117],6826,0,women,Women's Flyweight,A: top-240 WITHOUT is_southpaw,0.4411764705882353,False
0,[6618-7117],6827,0,men,Middleweight,A: top-240 WITHOUT is_southpaw,0.4411764705882353,True
0,[6618-7117],6828,0,men,Middleweight,A: top-240 WITHOUT is_southpaw,0.21739130434782608,True
0,[6618-7117],6829,1,men,Welterweight,A: top-240 WITHOUT is_southpaw,0.6433566433566433,True
0,[6618-7117],6830,0,men,Lightweight,A: top-240 WITHOUT is_southpaw,0.4411764705882353,True
0,[6618-7117],6831,0,men,Welterweight,A: top-240 WITHOUT is_southpaw,0.5032258064516129,True
0,[6618-7117],6832,0,men,Middleweight,A: top-240 WITHOUT is_southpaw,0.6433566433566433,True
0,[6618-7117],6833,1,men,Featherweight,A: top-240 WITHOUT is_southpaw,0.6433566433566433,True
0,[6618-7117],6834,1,men,Middleweight,A: top-240 WITHOUT is_southpaw,0.8333333333333334,True
0,[6618-7117],6835,1,men,Welterweight,A: top-240 WITHOUT is_southpaw,0.5714285714285714,True
0,[6618-7117],6836,1,women,Women's Flyweight,A: top-240 WITHOUT is_southpaw,0.5714285714285714,False
0,[6618-7117],6837,1,men,Light Heavyweight,A: top-240 WITHOUT is_southpaw,0.6433566433566433,True
0,[6618-7117],6838,0,men,Bantamweight,A: top-240 WITHOUT is_southpaw,0.6433566433566433,True
0,[6618-7117],6839,1,men,Featherweight,A: top-240 WITHOUT is_southpaw,0.5032258064516129,True
0,[6618-7117],6840,1,men,Middleweight,A: top-240 WITHOUT is_southpaw,0.5714285714285714,True
0,[6618-7117],6841,1,men,Middleweight,A: top-240 WITHOUT is_southpaw,0.6433566433566433,True
0,[6618-7117],6842,1,men,Bantamweight,A: top-240 WITHOUT is_southpaw,0.4411764705882353,True
0,[6618-7117],6843,0,men,Heavyweight,A: top-240 WITHOUT is_southpaw,0.8333333333333334,True
0,[6618-7117],6844,0,men,Bantamweight,A: top-240 WITHOUT is_southpaw,0.21739130434782608,True
0,[6618-7117],6845,0,men,Lightweight,A: top-240 WITHOUT is_southpaw,0.5714285714285714,True
0,[6618-7117],6846,0,men,Lightweight,A: top-240 WITHOUT is_southpaw,0.21739130434782608,True
0,[6618-7117],6847,0,women,Women's Strawweight,A: top-240 WITHOUT is_southpaw,0.4411764705882353,False
0,[6618-7117],6848,0,men,Middleweight,A: top-240 WITHOUT is_southpaw,0.5032258064516129,True
0,[6618-7117],6849,1,men,Light Heavyweight,A: top-240 WITHOUT is_southpaw,0.5032258064516129,True
0,[6618-7117],6850,1,men,Featherweight,A: top-240 WITHOUT is_southpaw,0.6033057851239669,True
0,[6618-7117],6851,1,men,Bantamweight,A: top-240 WITHOUT is_southpaw,0.5032258064516129,True
0,[6618-7117],6852,1,men,Middleweight,A: top-240 WITHOUT is_southpaw,0.8333333333333334,True
0,[6618-7117],6853,1,men,Featherweight,A: top-240 WITHOUT is_southpaw,0.5032258064516129,True
0,[6618-7117],6854,1,men,Flyweight,A: top-240 WITHOUT is_southpaw,0.21739130434782608,True
0,[6618-7117],6855,1,men,Welterweight,A: top-240 WITHOUT is_southpaw,0.4411764705882353,True
0,[6618-7117],6856,0,women,Women's Strawweight,A: top-240 WITHOUT is_southpaw,0.5032258064516129,False
0,[6618-7117],6857,0,men,Featherweight,A: top-240 WITHOUT is_southpaw,0.5032258064516129,True
0,[6618-7117],6858,1,women,Women's Flyweight,A: top-240 WITHOUT is_southpaw,0.4411764705882353,False
0,[6618-7117],6859,1,men,Featherweight,A: top-240 WITHOUT is_southpaw,0.8333333333333334,True
0,[6618-7117],6860,0,men,Welterweight,A: top-240 WITHOUT is_southpaw,0.6033057851239669,True
0,[6618-7117],6861,0,women,Women's Flyweight,A: top-240 WITHOUT is_southpaw,0.6033057851239669,False
0,[6618-7117],6862,1,men,Lightweight,A: top-240 WITHOUT is_southpaw,0.5032258064516129,True
0,[6618-7117],6863,1,men,Flyweight,A: top-240 WITHOUT is_southpaw,0.8333333333333334,True
0,[6618-7117],6864,0,men,Featherweight,A: top-240 WITHOUT is_southpaw,0.5032258064516129,True
0,[6618-7117],6865,1,men,Lightweight,A: top-240 WITHOUT is_southpaw,0.6433566433566433,True
0,[6618-7117],6866,1,men,Light Heavyweight,A: top-240 WITHOUT is_southpaw,0.6433566433566433,True
0,[6618-7117],6867,0,men,Light Heavyweight,A: top-240 WITHOUT is_southpaw,0.5032258064516129,True
0,[6618-7117],6868,1,women,Women's Flyweight,A: top-240 WITHOUT is_southpaw,0.6033057851239669,False
0,[6618-7117],6869,1,men,Lightweight,A: top-240 WITHOUT is_southpaw,0.5032258064516129,True
0,[6618-7117],6870,1,men,Middleweight,A: top-240 WITHOUT is_southpaw,0.6033057851239669,True
0,[6618-7117],6871,1,men,Heavyweight,A: top-240 WITHOUT is_southpaw,0.6033057851239669,True
0,[6618-7117],6872,0,men,Lightweight,A: top-240 WITHOUT is_southpaw,0.5032258064516129,True
0,[6618-7117],6873,0,men,Middleweight,A: top-240 WITHOUT is_southpaw,0.6033057851239669,True
0,[6618-7117],6874,1,men,Light Heavyweight,A: top-240 WITHOUT is_southpaw,0.6033057851239669,True
0,[6618-7117],6875,1,men,Featherweight,A: top-240 WITHOUT is_southpaw,0.5032258064516129,True
0,[6618-7117],6876,1,men,Flyweight,A: top-240 WITHOUT is_southpaw,0.5032258064516129,True
0,[6618-7117],6877,1,men,Lightweight,A: top-240 WITHOUT is_southpaw,0.4411764705882353,True
0,[6618-7117],6878,1,men,Welterweight,A: top-240 WITHOUT is_southpaw,0.6033057851239669,True
0,[6618-7117],6879,1,men,Light Heavyweight,A: top-240 WITHOUT is_southpaw,0.5714285714285714,True
0,[6618-7117],6880,1,women,Women's Bantamweight,A: top-240 WITHOUT is_southpaw,0.6433566433566433,False
0,[6618-7117],6881,1,men,Welterweight,A: top-240 WITHOUT is_southpaw,0.8333333333333334,True
0,[6618-7117],6882,1,men,Lightweight,A: top-240 WITHOUT is_southpaw,0.4411764705882353,True
0,[6618-7117],6883,1,men,Flyweight,A: top-240 WITHOUT is_southpaw,0.6433566433566433,True
0,[6618-7117],6884,1,men,Light Heavyweight,A: top-240 WITHOUT is_southpaw,0.8,True
0,[6618-7117],6885,1,men,Flyweight,A: top-240 WITHOUT is_southpaw,0.5032258064516129,True
0,[6618-7117],6886,0,men,Heavyweight,A: top-240 WITHOUT is_southpaw,0.5032258064516129,True
0,[6618-7117],6887,0,women,Women's Bantamweight,A: top-240 WITHOUT is_southpaw,0.5080652723479352,False
0,[6618-7117],6888,1,men,Welterweight,A: top-240 WITHOUT is_southpaw,0.5032258064516129,True
0,[6618-7117],6889,0,men,Lightweight,A: top-240 WITHOUT is_southpaw,0.6433566433566433,True
0,[6618-7117],6890,1,men,Flyweight,A: top-240 WITHOUT is_southpaw,0.6428571428571429,True
0,[6618-7117],6891,1,men,Featherweight,A: top-240 WITHOUT is_southpaw,0.6033057851239669,True
0,[6618-7117],6892,1,men,Heavyweight,A: top-240 WITHOUT is_southpaw,0.6433566433566433,True
0,[6618-7117],6893,0,men,Welterweight,A: top-240 WITHOUT is_southpaw,0.6033057851239669,True
0,[6618-7117],6894,1,women,Women's Bantamweight,A: top-240 WITHOUT is_southpaw,0.5032258064516129,False
0,[6618-7117],6895,1,women,Women's Strawweight,A: top-240 WITHOUT is_southpaw,0.6033057851239669,False
0,[6618-7117],6896,1,men,Welterweight,A: top-240 WITHOUT is_southpaw,0.6433566433566433,True
0,[6618-7117],6897,0,men,Middleweight,A: top-240 WITHOUT is_southpaw,0.21739130434782608,True
0,[6618-7117],6898,1,men,Lightweight,A: top-240 WITHOUT is_southpaw,0.6433566433566433,True
0,[6618-7117],6899,0,women,Women's Flyweight,A: top-240 WITHOUT is_southpaw,0.5032258064516129,False
0,[6618-7117],6900,1,men,Heavyweight,A: top-240 WITHOUT is_southpaw,0.6433566433566433,True
0,[6618-7117],6901,0,men,Welterweight,A: top-240 WITHOUT is_southpaw,0.5032258064516129,True
0,[6618-7117],6902,0,men,Light Heavyweight,A: top-240 WITHOUT is_southpaw,0.5032258064516129,True
0,[6618-7117],6903,0,men,Heavyweight,A: top-240 WITHOUT is_southpaw,0.5032258064516129,True
0,[6618-7117],6904,1,men,Middleweight,A: top-240 WITHOUT is_southpaw,0.5032258064516129,True
0,[6618-7117],6905,0,men,Heavyweight,A: top-240 WITHOUT is_southpaw,0.5032258064516129,True
0,[6618-7117],6906,1,men,Featherweight,A: top-240 WITHOUT is_southpaw,0.5714285714285714,True
0,[6618-7117],6907,0,men,Flyweight,A: top-240 WITHOUT is_southpaw,0.6033057851239669,True
0,[6618-7117],6908,0,women,Women's Strawweight,A: top-240 WITHOUT is_southpaw,0.6033057851239669,False
0,[6618-7117],6909,0,women,Women's Flyweight,A: top-240 WITHOUT is_southpaw,0.6428571428571429,False
0,[6618-7117],6910,0,men,Catch Weight,A: top-240 WITHOUT is_southpaw,0.6428571428571429,True
0,[6618-7117],6911,0,men,Flyweight,A: top-240 WITHOUT is_southpaw,0.6033057851239669,True
0,[6618-7117],6912,1,men,Lightweight,A: top-240 WITHOUT is_southpaw,0.6033057851239669,True
0,[6618-7117],6913,1,men,Heavyweight,A: top-240 WITHOUT is_southpaw,0.5714285714285714,True
0,[6618-7117],6914,1,men,Catch Weight,A: top-240 WITHOUT is_southpaw,0.21739130434782608,True
0,[6618-7117],6915,0,men,Middleweight,A: top-240 WITHOUT is_southpaw,0.5032258064516129,True
0,[6618-7117],6916,1,women,Women's Bantamweight,A: top-240 WITHOUT is_southpaw,0.21739130434782608,False
0,[6618-7117],6917,0,men,Light Heavyweight,A: top-240 WITHOUT is_southpaw,0.5714285714285714,True
0,[6618-7117],6918,1,women,Women's Strawweight,A: top-240 WITHOUT is_southpaw,0.5714285714285714,False
0,[6618-7117],6919,1,men,Featherweight,A: top-240 WITHOUT is_southpaw,0.5032258064516129,True
0,[6618-7117],6920,1,men,Bantamweight,A: top-240 WITHOUT is_southpaw,0.5032258064516129,True
0,[6618-7117],6921,0,men,Lightweight,A: top-240 WITHOUT is_southpaw,0.6033057851239669,True
0,[6618-7117],6922,0,men,Middleweight,A: top-240 WITHOUT is_southpaw,0.5032258064516129,True
0,[6618-7117],6923,0,men,Bantamweight,A: top-240 WITHOUT is_southpaw,0.5032258064516129,True
0,[6618-7117],6924,1,women,Women's Bantamweight,A: top-240 WITHOUT is_southpaw,0.5714285714285714,False
0,[6618-7117],6925,1,men,Lightweight,A: top-240 WITHOUT is_southpaw,0.5032258064516129,True
0,[6618-7117],6926,0,men,Flyweight,A: top-240 WITHOUT is_southpaw,0.5032258064516129,True
0,[6618-7117],6927,1,men,Bantamweight,A: top-240 WITHOUT is_southpaw,0.6033057851239669,True
0,[6618-7117],6928,0,men,Welterweight,A: top-240 WITHOUT is_southpaw,0.6433566433566433,True
0,[6618-7117],6929,0,men,Lightweight,A: top-240 WITHOUT is_southpaw,0.5032258064516129,True
0,[6618-7117],6930,1,men,Flyweight,A: top-240 WITHOUT is_southpaw,0.8117322999558034,True
0,[6618-7117],6931,1,men,Light Heavyweight,A: top-240 WITHOUT is_southpaw,0.8333333333333334,True
0,[6618-7117],6932,0,women,Women's Bantamweight,A: top-240 WITHOUT is_southpaw,0.5032258064516129,False
0,[6618-7117],6933,1,men,Heavyweight,A: top-240 WITHOUT is_southpaw,0.4411764705882353,True
0,[6618-7117],6934,0,men,Bantamweight,A: top-240 WITHOUT is_southpaw,0.21739130434782608,True
0,[6618-7117],6935,1,men,Middleweight,A: top-240 WITHOUT is_southpaw,0.5714285714285714,True
0,[6618-7117],6936,0,men,Welterweight,A: top-240 WITHOUT is_southpaw,0.8333333333333334,True
0,[6618-7117],6937,0,men,Bantamweight,A: top-240 WITHOUT is_southpaw,0.5032258064516129,True
0,[6618-7117],6938,0,men,Flyweight,A: top-240 WITHOUT is_southpaw,0.5032258064516129,True
0,[6618-7117],6939,0,women,Women's Strawweight,A: top-240 WITHOUT is_southpaw,0.5032258064516129,False
0,[6618-7117],6940,1,men,Heavyweight,A: top-240 WITHOUT is_southpaw,0.6428571428571429,True
0,[6618-7117],6941,0,men,Welterweight,A: top-240 WITHOUT is_southpaw,0.5714285714285714,True
0,[6618-7117],6942,1,men,Welterweight,A: top-240 WITHOUT is_southpaw,0.5714285714285714,True
0,[6618-7117],6943,1,men,Middleweight,A: top-240 WITHOUT is_southpaw,0.5032258064516129,True
0,[6618-7117],6944,0,men,Lightweight,A: top-240 WITHOUT is_southpaw,0.6033057851239669,True
0,[6618-7117],6945,0,women,Women's Strawweight,A: top-240 WITHOUT is_southpaw,0.6433566433566433,False
0,[6618-7117],6946,1,men,Featherweight,A: top-240 WITHOUT is_southpaw,0.5032258064516129,True
0,[6618-7117],6947,0,men,Lightweight,A: top-240 WITHOUT is_southpaw,0.5032258064516129,True
0,[6618-7117],6948,1,women,Women's Featherweight,A: top-240 WITHOUT is_southpaw,0.6033057851239669,False
0,[6618-7117],6949,0,men,Bantamweight,A: top-240 WITHOUT is_southpaw,0.4411764705882353,True
0,[6618-7117],6950,1,men,Lightweight,A: top-240 WITHOUT is_southpaw,0.6033057851239669,True
0,[6618-7117],6951,1,men,Lightweight,A: top-240 WITHOUT is_southpaw,0.6433566433566433,True
0,[6618-7117],6952,1,men,Middleweight,A: top-240 WITHOUT is_southpaw,0.5032258064516129,True
0,[6618-7117],6953,0,men,Middleweight,A: top-240 WITHOUT is_southpaw,0.5032258064516129,True
0,[6618-7117],6954,1,men,Featherweight,A: top-240 WITHOUT is_southpaw,0.5032258064516129,True
0,[6618-7117],6955,1,men,Middleweight,A: top-240 WITHOUT is_southpaw,0.6433566433566433,True
0,[6618-7117],6956,1,men,Middleweight,A: top-240 WITHOUT is_southpaw,0.4411764705882353,True
0,[6618-7117],6957,1,men,Heavyweight,A: top-240 WITHOUT is_southpaw,0.8333333333333334,True
0,[6618-7117],6958,0,men,Featherweight,A: top-240 WITHOUT is_southpaw,0.6433566433566433,True
0,[6618-7117],6959,1,men,Light Heavyweight,A: top-240 WITHOUT is_southpaw,0.6428571428571429,True
0,[6618-7117],6960,1,men,Welterweight,A: top-240 WITHOUT is_southpaw,0.6033057851239669,True
0,[6618-7117],6961,0,men,Heavyweight,A: top-240 WITHOUT is_southpaw,0.6433566433566433,True
0,[6618-7117],6962,1,men,Lightweight,A: top-240 WITHOUT is_southpaw,0.6428571428571429,True
0,[6618-7117],6963,0,women,Women's Flyweight,A: top-240 WITHOUT is_southpaw,0.5032258064516129,False
0,[6618-7117],6964,0,men,Welterweight,A: top-240 WITHOUT is_southpaw,0.6033057851239669,True
0,[6618-7117],6965,0,women,Women's Strawweight,A: top-240 WITHOUT is_southpaw,0.6433566433566433,False
0,[6618-7117],6966,0,men,Bantamweight,A: top-240 WITHOUT is_southpaw,0.5032258064516129,True
0,[6618-7117],6967,1,women,Women's Featherweight,A: top-240 WITHOUT is_southpaw,0.8,False
0,[6618-7117],6968,0,men,Heavyweight,A: top-240 WITHOUT is_southpaw,0.6433566433566433,True
0,[6618-7117],6969,1,men,Middleweight,A: top-240 WITHOUT is_southpaw,0.5032258064516129,True
0,[6618-7117],6970,1,men,Catch Weight,A: top-240 WITHOUT is_southpaw,0.8333333333333334,True
0,[6618-7117],6971,1,men,Light Heavyweight,A: top-240 WITHOUT is_southpaw,0.5032258064516129,True
0,[6618-7117],6972,1,men,Catch Weight,A: top-240 WITHOUT is_southpaw,0.6033057851239669,True
0,[6618-7117],6973,0,men,Catch Weight,A: top-240 WITHOUT is_southpaw,0.5032258064516129,True
0,[6618-7117],6974,1,men,Catch Weight,A: top-240 WITHOUT is_southpaw,0.6433566433566433,True
0,[6618-7117],6975,1,men,Welterweight,A: top-240 WITHOUT is_southpaw,0.5032258064516129,True
0,[6618-7117],6976,0,men,Featherweight,A: top-240 WITHOUT is_southpaw,0.6433566433566433,True
0,[6618-7117],6977,1,men,Bantamweight,A: top-240 WITHOUT is_southpaw,0.5032258064516129,True
0,[6618-7117],6978,1,women,Women's Strawweight,A: top-240 WITHOUT is_southpaw,0.5714285714285714,False
0,[6618-7117],6979,0,men,Lightweight,A: top-240 WITHOUT is_southpaw,0.6033057851239669,True
0,[6618-7117],6980,1,men,Bantamweight,A: top-240 WITHOUT is_southpaw,0.6033057851239669,True
0,[6618-7117],6981,1,men,Middleweight,A: top-240 WITHOUT is_southpaw,0.6033057851239669,True
0,[6618-7117],6982,0,women,Women's Strawweight,A: top-240 WITHOUT is_southpaw,0.6428571428571429,False
0,[6618-7117],6983,1,men,Lightweight,A: top-240 WITHOUT is_southpaw,0.5032258064516129,True
0,[6618-7117],6984,0,men,Bantamweight,A: top-240 WITHOUT is_southpaw,0.5032258064516129,True
0,[6618-7117],6985,0,women,Women's Flyweight,A: top-240 WITHOUT is_southpaw,0.5032258064516129,False
0,[6618-7117],6986,1,men,Lightweight,A: top-240 WITHOUT is_southpaw,0.4411764705882353,True
0,[6618-7117],6987,1,men,Welterweight,A: top-240 WITHOUT is_southpaw,0.6033057851239669,True
0,[6618-7117],6988,0,men,Middleweight,A: top-240 WITHOUT is_southpaw,0.5032258064516129,True
0,[6618-7117],6989,1,men,Middleweight,A: top-240 WITHOUT is_southpaw,0.6428571428571429,True
0,[6618-7117],6990,0,men,Heavyweight,A: top-240 WITHOUT is_southpaw,0.8333333333333334,True
0,[6618-7117],6991,1,men,Middleweight,A: top-240 WITHOUT is_southpaw,0.8333333333333334,True
0,[6618-7117],6992,1,men,Featherweight,A: top-240 WITHOUT is_southpaw,0.5032258064516129,True
0,[6618-7117],6993,1,men,Featherweight,A: top-240 WITHOUT is_southpaw,0.5032258064516129,True
0,[6618-7117],6994,1,men,Bantamweight,A: top-240 WITHOUT is_southpaw,0.5032258064516129,True
0,[6618-7117],6995,0,men,Middleweight,A: top-240 WITHOUT is_southpaw,0.6033057851239669,True
0,[6618-7117],6996,1,men,Bantamweight,A: top-240 WITHOUT is_southpaw,0.6033057851239669,True
0,[6618-7117],6997,0,men,Heavyweight,A: top-240 WITHOUT is_southpaw,0.6433566433566433,True
0,[6618-7117],6998,1,men,Lightweight,A: top-240 WITHOUT is_southpaw,0.6433566433566433,True
0,[6618-7117],6999,0,men,Flyweight,A: top-240 WITHOUT is_southpaw,0.6033057851239669,True
0,[6618-7117],7000,1,men,Flyweight,A: top-240 WITHOUT is_southpaw,0.5714285714285714,True
0,[6618-7117],7001,0,men,Featherweight,A: top-240 WITHOUT is_southpaw,0.6033057851239669,True
0,[6618-7117],7002,0,men,Bantamweight,A: top-240 WITHOUT is_southpaw,0.5032258064516129,True
0,[6618-7117],7003,1,men,Middleweight,A: top-240 WITHOUT is_southpaw,0.6433566433566433,True
0,[6618-7117],7004,1,men,Lightweight,A: top-240 WITHOUT is_southpaw,0.6033057851239669,True
0,[6618-7117],7005,1,men,Bantamweight,A: top-240 WITHOUT is_southpaw,0.4411764705882353,True
0,[6618-7117],7006,0,men,Catch Weight,A: top-240 WITHOUT is_southpaw,0.6033057851239669,True
0,[6618-7117],7007,0,men,Middleweight,A: top-240 WITHOUT is_southpaw,0.6033057851239669,True
0,[6618-7117],7008,1,men,Lightweight,A: top-240 WITHOUT is_southpaw,0.5032258064516129,True
0,[6618-7117],7009,0,men,Catch Weight,A: top-240 WITHOUT is_southpaw,0.6433566433566433,True
0,[6618-7117],7010,1,men,Heavyweight,A: top-240 WITHOUT is_southpaw,0.6433566433566433,True
0,[6618-7117],7011,1,men,Featherweight,A: top-240 WITHOUT is_southpaw,0.8333333333333334,True
0,[6618-7117],7012,1,men,Bantamweight,A: top-240 WITHOUT is_southpaw,0.6033057851239669,True
0,[6618-7117],7013,1,men,Welterweight,A: top-240 WITHOUT is_southpaw,0.6433566433566433,True
0,[6618-7117],7014,0,women,Women's Strawweight,A: top-240 WITHOUT is_southpaw,0.6033057851239669,False
0,[6618-7117],7015,1,men,Lightweight,A: top-240 WITHOUT is_southpaw,0.5714285714285714,True
0,[6618-7117],7016,1,men,Featherweight,A: top-240 WITHOUT is_southpaw,0.5032258064516129,True
0,[6618-7117],7017,0,men,Welterweight,A: top-240 WITHOUT is_southpaw,0.5032258064516129,True
0,[6618-7117],7018,1,men,Flyweight,A: top-240 WITHOUT is_southpaw,0.8,True
0,[6618-7117],7019,1,women,Women's Strawweight,A: top-240 WITHOUT is_southpaw,0.8,False
0,[6618-7117],7020,0,men,Middleweight,A: top-240 WITHOUT is_southpaw,0.6433566433566433,True
0,[6618-7117],7021,0,men,Light Heavyweight,A: top-240 WITHOUT is_southpaw,0.5032258064516129,True
0,[6618-7117],7022,1,men,Bantamweight,A: top-240 WITHOUT is_southpaw,0.21739130434782608,True
0,[6618-7117],7023,0,men,Middleweight,A: top-240 WITHOUT is_southpaw,0.21739130434782608,True
0,[6618-7117],7024,0,men,Bantamweight,A: top-240 WITHOUT is_southpaw,0.5032258064516129,True
0,[6618-7117],7025,1,women,Women's Flyweight,A: top-240 WITHOUT is_southpaw,0.6433566433566433,False
0,[6618-7117],7026,1,men,Bantamweight,A: top-240 WITHOUT is_southpaw,0.6428571428571429,True
0,[6618-7117],7027,1,men,Flyweight,A: top-240 WITHOUT is_southpaw,0.8333333333333334,True
0,[6618-7117],7028,1,women,Women's Bantamweight,A: top-240 WITHOUT is_southpaw,0.8333333333333334,False
0,[6618-7117],7029,1,men,Middleweight,A: top-240 WITHOUT is_southpaw,0.6433566433566433,True
0,[6618-7117],7030,0,men,Light Heavyweight,A: top-240 WITHOUT is_southpaw,0.5032258064516129,True
0,[6618-7117],7031,0,men,Middleweight,A: top-240 WITHOUT is_southpaw,0.5032258064516129,True
0,[6618-7117],7032,1,men,Welterweight,A: top-240 WITHOUT is_southpaw,0.5714285714285714,True
0,[6618-7117],7033,0,women,Women's Flyweight,A: top-240 WITHOUT is_southpaw,0.4411764705882353,False
0,[6618-7117],7034,1,men,Lightweight,A: top-240 WITHOUT is_southpaw,0.4411764705882353,True
0,[6618-7117],7035,0,men,Bantamweight,A: top-240 WITHOUT is_southpaw,0.5032258064516129,True
0,[6618-7117],7036,1,men,Bantamweight,A: top-240 WITHOUT is_southpaw,0.6033057851239669,True
0,[6618-7117],7037,0,men,Lightweight,A: top-240 WITHOUT is_southpaw,0.21739130434782608,True
0,[6618-7117],7038,1,men,Welterweight,A: top-240 WITHOUT is_southpaw,0.4411764705882353,True
0,[6618-7117],7039,1,men,Welterweight,A: top-240 WITHOUT is_southpaw,0.6033057851239669,True
0,[6618-7117],7040,1,men,Featherweight,A: top-240 WITHOUT is_southpaw,0.8,True
0,[6618-7117],7041,0,men,Flyweight,A: top-240 WITHOUT is_southpaw,0.6433566433566433,True
0,[6618-7117],7042,0,men,Lightweight,A: top-240 WITHOUT is_southpaw,0.5032258064516129,True
0,[6618-7117],7043,0,men,Featherweight,A: top-240 WITHOUT is_southpaw,0.6033057851239669,True
0,[6618-7117],7044,1,men,Featherweight,A: top-240 WITHOUT is_southpaw,0.6433566433566433,True
0,[6618-7117],7045,1,men,Bantamweight,A: top-240 WITHOUT is_southpaw,0.6033057851239669,True
0,[6618-7117],7046,0,men,Flyweight,A: top-240 WITHOUT is_southpaw,0.5032258064516129,True
0,[6618-7117],7047,1,men,Lightweight,A: top-240 WITHOUT is_southpaw,0.5032258064516129,True
0,[6618-7117],7048,0,men,Middleweight,A: top-240 WITHOUT is_southpaw,0.6433566433566433,True
0,[6618-7117],7049,0,men,Heavyweight,A: top-240 WITHOUT is_southpaw,0.4411764705882353,True
0,[6618-7117],7050,1,men,Bantamweight,A: top-240 WITHOUT is_southpaw,0.6428571428571429,True
0,[6618-7117],7051,0,men,Featherweight,A: top-240 WITHOUT is_southpaw,0.6433566433566433,True
0,[6618-7117],7052,0,men,Middleweight,A: top-240 WITHOUT is_southpaw,0.5032258064516129,True
0,[6618-7117],7053,1,men,Flyweight,A: top-240 WITHOUT is_southpaw,0.5032258064516129,True
0,[6618-7117],7054,0,men,Middleweight,A: top-240 WITHOUT is_southpaw,0.5714285714285714,True
0,[6618-7117],7055,1,men,Heavyweight,A: top-240 WITHOUT is_southpaw,0.6433566433566433,True
0,[6618-7117],7056,0,men,Welterweight,A: top-240 WITHOUT is_southpaw,0.5,True
0,[6618-7117],7057,0,men,Featherweight,A: top-240 WITHOUT is_southpaw,0.4411764705882353,True
0,[6618-7117],7058,0,men,Light Heavyweight,A: top-240 WITHOUT is_southpaw,0.6428571428571429,True
0,[6618-7117],7059,1,women,Women's Bantamweight,A: top-240 WITHOUT is_southpaw,0.8,False
0,[6618-7117],7060,0,men,Flyweight,A: top-240 WITHOUT is_southpaw,0.5032258064516129,True
0,[6618-7117],7061,0,men,Bantamweight,A: top-240 WITHOUT is_southpaw,0.4411764705882353,True
0,[6618-7117],7062,1,women,Women's Strawweight,A: top-240 WITHOUT is_southpaw,0.6033057851239669,False
0,[6618-7117],7063,1,women,Women's Flyweight,A: top-240 WITHOUT is_southpaw,0.8333333333333334,False
0,[6618-7117],7064,1,men,Bantamweight,A: top-240 WITHOUT is_southpaw,0.6033057851239669,True
0,[6618-7117],7065,1,men,Flyweight,A: top-240 WITHOUT is_southpaw,0.8,True
0,[6618-7117],7066,0,men,Featherweight,A: top-240 WITHOUT is_southpaw,0.5032258064516129,True
0,[6618-7117],7067,1,men,Welterweight,A: top-240 WITHOUT is_southpaw,0.5032258064516129,True
0,[6618-7117],7068,0,women,Women's Strawweight,A: top-240 WITHOUT is_southpaw,0.6433566433566433,False
0,[6618-7117],7069,1,men,Lightweight,A: top-240 WITHOUT is_southpaw,0.6433566433566433,True
0,[6618-7117],7070,1,men,Middleweight,A: top-240 WITHOUT is_southpaw,0.6433566433566433,True
0,[6618-7117],7071,0,men,Bantamweight,A: top-240 WITHOUT is_southpaw,0.4411764705882353,True
0,[6618-7117],7072,1,men,Light Heavyweight,A: top-240 WITHOUT is_southpaw,0.5032258064516129,True
0,[6618-7117],7073,1,men,Featherweight,A: top-240 WITHOUT is_southpaw,0.4411764705882353,True
0,[6618-7117],7074,1,women,Women's Strawweight,A: top-240 WITHOUT is_southpaw,0.5032258064516129,False
0,[6618-7117],7075,1,men,Lightweight,A: top-240 WITHOUT is_southpaw,0.5032258064516129,True
0,[6618-7117],7076,1,women,Women's Flyweight,A: top-240 WITHOUT is_southpaw,0.8333333333333334,False
0,[6618-7117],7077,0,women,Women's Strawweight,A: top-240 WITHOUT is_southpaw,0.4411764705882353,False
0,[6618-7117],7078,0,men,Lightweight,A: top-240 WITHOUT is_southpaw,0.5032258064516129,True
0,[6618-7117],7079,1,men,Lightweight,A: top-240 WITHOUT is_southpaw,0.5032258064516129,True
0,[6618-7117],7080,0,men,Bantamweight,A: top-240 WITHOUT is_southpaw,0.5032258064516129,True
0,[6618-7117],7081,1,men,Lightweight,A: top-240 WITHOUT is_southpaw,0.6033057851239669,True
0,[6618-7117],7082,0,men,Middleweight,A: top-240 WITHOUT is_southpaw,0.6433566433566433,True
0,[6618-7117],7083,0,men,Light Heavyweight,A: top-240 WITHOUT is_southpaw,0.6433566433566433,True
0,[6618-7117],7084,1,women,Women's Flyweight,A: top-240 WITHOUT is_southpaw,0.6033057851239669,False
0,[6618-7117],7085,1,men,Bantamweight,A: top-240 WITHOUT is_southpaw,0.6033057851239669,True
0,[6618-7117],7086,1,women,Women's Strawweight,A: top-240 WITHOUT is_southpaw,0.5032258064516129,False
0,[6618-7117],7087,1,men,Bantamweight,A: top-240 WITHOUT is_southpaw,0.6033057851239669,True
0,[6618-7117],7088,1,women,Women's Flyweight,A: top-240 WITHOUT is_southpaw,0.5032258064516129,False
0,[6618-7117],7089,0,men,Bantamweight,A: top-240 WITHOUT is_southpaw,0.4411764705882353,True
0,[6618-7117],7090,1,men,Welterweight,A: top-240 WITHOUT is_southpaw,0.6433566433566433,True
0,[6618-7117],7091,0,men,Welterweight,A: top-240 WITHOUT is_southpaw,0.5032258064516129,True
0,[6618-7117],7092,0,men,Heavyweight,A: top-240 WITHOUT is_southpaw,0.5714285714285714,True
0,[6618-7117],7093,1,men,Light Heavyweight,A: top-240 WITHOUT is_southpaw,0.5032258064516129,True
0,[6618-7117],7094,1,men,Flyweight,A: top-240 WITHOUT is_southpaw,0.6033057851239669,True
0,[6618-7117],7095,0,men,Featherweight,A: top-240 WITHOUT is_southpaw,0.1546586853468324,True
0,[6618-7117],7096,1,men,Lightweight,A: top-240 WITHOUT is_southpaw,0.6433566433566433,True
0,[6618-7117],7097,0,men,Featherweight,A: top-240 WITHOUT is_southpaw,0.21739130434782608,True
0,[6618-7117],7098,1,men,Lightweight,A: top-240 WITHOUT is_southpaw,0.21739130434782608,True
0,[6618-7117],7099,1,men,Lightweight,A: top-240 WITHOUT is_southpaw,0.4411764705882353,True
0,[6618-7117],7100,1,women,Women's Strawweight,A: top-240 WITHOUT is_southpaw,0.4411764705882353,False
0,[6618-7117],7101,1,women,Women's Strawweight,A: top-240 WITHOUT is_southpaw,0.6433566433566433,False
0,[6618-7117],7102,1,men,Middleweight,A: top-240 WITHOUT is_southpaw,0.5032258064516129,True
0,[6618-7117],7103,0,men,Middleweight,A: top-240 WITHOUT is_southpaw,0.5032258064516129,True
0,[6618-7117],7104,0,men,Heavyweight,A: top-240 WITHOUT is_southpaw,0.5032258064516129,True
0,[6618-7117],7105,1,men,Flyweight,A: top-240 WITHOUT is_southpaw,0.8333333333333334,True
0,[6618-7117],7106,0,men,Welterweight,A: top-240 WITHOUT is_southpaw,0.6033057851239669,True
0,[6618-7117],7107,1,men,Welterweight,A: top-240 WITHOUT is_southpaw,0.5032258064516129,True
0,[6618-7117],7108,0,men,Welterweight,A: top-240 WITHOUT is_southpaw,0.5032258064516129,True
0,[6618-7117],7109,1,men,Bantamweight,A: top-240 WITHOUT is_southpaw,0.8,True
0,[6618-7117],7110,1,men,Featherweight,A: top-240 WITHOUT is_southpaw,0.4411764705882353,True
0,[6618-7117],7111,1,men,Featherweight,A: top-240 WITHOUT is_southpaw,0.4411764705882353,True
0,[6618-7117],7112,1,men,Middleweight,A: top-240 WITHOUT is_southpaw,0.5032258064516129,True
0,[6618-7117],7113,1,men,Middleweight,A: top-240 WITHOUT is_southpaw,0.8333333333333334,True
0,[6618-7117],7114,1,men,Heavyweight,A: top-240 WITHOUT is_southpaw,0.6433566433566433,True
0,[6618-7117],7115,0,men,Featherweight,A: top-240 WITHOUT is_southpaw,0.6033057851239669,True
0,[6618-7117],7116,0,men,Middleweight,A: top-240 WITHOUT is_southpaw,0.5032258064516129,True
0,[6618-7117],7117,1,men,Catch Weight,A: top-240 WITHOUT is_southpaw,0.5032258064516129,True
0,[6618-7117],6618,1,men,Catch Weight,B: A + is_southpaw (+1 cols),0.6232394366197183,True
0,[6618-7117],6619,1,women,Women's Featherweight,B: A + is_southpaw (+1 cols),0.8378378378378378,False
0,[6618-7117],6620,0,women,Women's Flyweight,B: A + is_southpaw (+1 cols),0.6232394366197183,False
0,[6618-7117],6621,0,men,Middleweight,B: A + is_southpaw (+1 cols),0.6232394366197183,True
0,[6618-7117],6622,1,men,Welterweight,B: A + is_southpaw (+1 cols),0.6232394366197183,True
0,[6618-7117],6623,1,men,Light Heavyweight,B: A + is_southpaw (+1 cols),0.5,True
0,[6618-7117],6624,0,men,Lightweight,B: A + is_southpaw (+1 cols),0.5066666666666665,True
0,[6618-7117],6625,1,men,Flyweight,B: A + is_southpaw (+1 cols),0.5066666666666665,True
0,[6618-7117],6626,1,women,Women's Flyweight,B: A + is_southpaw (+1 cols),0.5,False
0,[6618-7117],6627,1,men,Light Heavyweight,B: A + is_southpaw (+1 cols),0.5066666666666665,True
0,[6618-7117],6628,0,men,Featherweight,B: A + is_southpaw (+1 cols),0.28349126045170225,True
0,[6618-7117],6629,1,men,Lightweight,B: A + is_southpaw (+1 cols),0.6232394366197183,True
0,[6618-7117],6630,1,men,Heavyweight,B: A + is_southpaw (+1 cols),0.6232394366197183,True
0,[6618-7117],6631,1,men,Welterweight,B: A + is_southpaw (+1 cols),0.6232394366197183,True
0,[6618-7117],6632,0,men,Featherweight,B: A + is_southpaw (+1 cols),0.32,True
0,[6618-7117],6633,1,men,Catch Weight,B: A + is_southpaw (+1 cols),0.6232394366197183,True
0,[6618-7117],6634,1,women,Women's Strawweight,B: A + is_southpaw (+1 cols),0.6232394366197183,False
0,[6618-7117],6635,0,men,Bantamweight,B: A + is_southpaw (+1 cols),0.32,True
0,[6618-7117],6636,0,men,Light Heavyweight,B: A + is_southpaw (+1 cols),0.6232394366197183,True
0,[6618-7117],6637,0,men,Bantamweight,B: A + is_southpaw (+1 cols),0.6232394366197183,True
0,[6618-7117],6638,0,men,Middleweight,B: A + is_southpaw (+1 cols),0.32,True
0,[6618-7117],6639,0,women,Women's Flyweight,B: A + is_southpaw (+1 cols),0.5066666666666665,False
0,[6618-7117],6640,1,men,Featherweight,B: A + is_southpaw (+1 cols),0.5,True
0,[6618-7117],6641,1,women,Women's Flyweight,B: A + is_southpaw (+1 cols),0.5066666666666665,False
0,[6618-7117],6642,1,men,Featherweight,B: A + is_southpaw (+1 cols),0.6232394366197183,True
0,[6618-7117],6643,1,men,Middleweight,B: A + is_southpaw (+1 cols),0.6232394366197183,True
0,[6618-7117],6644,1,men,Lightweight,B: A + is_southpaw (+1 cols),0.5,True
0,[6618-7117],6645,1,men,Light Heavyweight,B: A + is_southpaw (+1 cols),0.6232394366197183,True
0,[6618-7117],6646,0,men,Light Heavyweight,B: A + is_southpaw (+1 cols),0.5,True
0,[6618-7117],6647,1,men,Welterweight,B: A + is_southpaw (+1 cols),0.5,True
0,[6618-7117],6648,0,men,Bantamweight,B: A + is_southpaw (+1 cols),0.32,True
0,[6618-7117],6649,1,men,Flyweight,B: A + is_southpaw (+1 cols),0.6232394366197183,True
0,[6618-7117],6650,0,men,Heavyweight,B: A + is_southpaw (+1 cols),0.5066666666666665,True
0,[6618-7117],6651,0,women,Women's Strawweight,B: A + is_southpaw (+1 cols),0.8378378378378378,False
0,[6618-7117],6652,1,men,Bantamweight,B: A + is_southpaw (+1 cols),0.6343160396552726,True
0,[6618-7117],6653,0,men,Light Heavyweight,B: A + is_southpaw (+1 cols),0.6232394366197183,True
0,[6618-7117],6654,0,men,Featherweight,B: A + is_southpaw (+1 cols),0.5066666666666665,True
0,[6618-7117],6655,1,women,Women's Flyweight,B: A + is_southpaw (+1 cols),0.5066666666666665,False
0,[6618-7117],6656,1,men,Welterweight,B: A + is_southpaw (+1 cols),0.6232394366197183,True
0,[6618-7117],6657,1,men,Lightweight,B: A + is_southpaw (+1 cols),0.8378378378378378,True
0,[6618-7117],6658,1,men,Featherweight,B: A + is_southpaw (+1 cols),0.6232394366197183,True
0,[6618-7117],6659,0,men,Heavyweight,B: A + is_southpaw (+1 cols),0.6232394366197183,True
0,[6618-7117],6660,0,men,Lightweight,B: A + is_southpaw (+1 cols),0.5,True
0,[6618-7117],6661,1,men,Flyweight,B: A + is_southpaw (+1 cols),0.6232394366197183,True
0,[6618-7117],6662,0,women,Women's Flyweight,B: A + is_southpaw (+1 cols),0.5,False
0,[6618-7117],6663,1,men,Middleweight,B: A + is_southpaw (+1 cols),0.6232394366197183,True
0,[6618-7117],6664,1,men,Bantamweight,B: A + is_southpaw (+1 cols),0.6232394366197183,True
0,[6618-7117],6665,1,women,Women's Bantamweight,B: A + is_southpaw (+1 cols),0.5,False
0,[6618-7117],6666,1,men,Featherweight,B: A + is_southpaw (+1 cols),0.5066666666666665,True
0,[6618-7117],6667,1,men,Welterweight,B: A + is_southpaw (+1 cols),0.6232394366197183,True
0,[6618-7117],6668,0,men,Flyweight,B: A + is_southpaw (+1 cols),0.6232394366197183,True
0,[6618-7117],6669,0,men,Welterweight,B: A + is_southpaw (+1 cols),0.5,True
0,[6618-7117],6670,0,women,Women's Flyweight,B: A + is_southpaw (+1 cols),0.5,False
0,[6618-7117],6671,1,men,Heavyweight,B: A + is_southpaw (+1 cols),0.8378378378378378,True
0,[6618-7117],6672,1,men,Lightweight,B: A + is_southpaw (+1 cols),0.6232394366197183,True
0,[6618-7117],6673,1,men,Bantamweight,B: A + is_southpaw (+1 cols),0.6232394366197183,True
0,[6618-7117],6674,1,women,Women's Strawweight,B: A + is_southpaw (+1 cols),0.5066666666666665,False
0,[6618-7117],6675,1,men,Heavyweight,B: A + is_southpaw (+1 cols),0.5066666666666665,True
0,[6618-7117],6676,0,men,Welterweight,B: A + is_southpaw (+1 cols),0.5066666666666665,True
0,[6618-7117],6677,0,women,Women's Bantamweight,B: A + is_southpaw (+1 cols),0.5066666666666665,False
0,[6618-7117],6678,1,men,Middleweight,B: A + is_southpaw (+1 cols),0.6232394366197183,True
0,[6618-7117],6679,1,men,Welterweight,B: A + is_southpaw (+1 cols),0.6232394366197183,True
0,[6618-7117],6680,1,women,Women's Strawweight,B: A + is_southpaw (+1 cols),0.6232394366197183,False
0,[6618-7117],6681,0,men,Welterweight,B: A + is_southpaw (+1 cols),0.32,True
0,[6618-7117],6682,1,men,Bantamweight,B: A + is_southpaw (+1 cols),0.5066666666666665,True
0,[6618-7117],6683,1,men,Featherweight,B: A + is_southpaw (+1 cols),0.8378378378378378,True
0,[6618-7117],6684,0,men,Lightweight,B: A + is_southpaw (+1 cols),0.3333333333333333,True
0,[6618-7117],6685,1,men,Bantamweight,B: A + is_southpaw (+1 cols),0.6232394366197183,True
0,[6618-7117],6686,0,women,Women's Strawweight,B: A + is_southpaw (+1 cols),0.6232394366197183,False
0,[6618-7117],6687,1,men,Lightweight,B: A + is_southpaw (+1 cols),0.6232394366197183,True
0,[6618-7117],6688,0,men,Heavyweight,B: A + is_southpaw (+1 cols),0.6232394366197183,True
0,[6618-7117],6689,1,men,Lightweight,B: A + is_southpaw (+1 cols),0.6232394366197183,True
0,[6618-7117],6690,1,men,Lightweight,B: A + is_southpaw (+1 cols),0.6232394366197183,True
0,[6618-7117],6691,0,women,Women's Bantamweight,B: A + is_southpaw (+1 cols),0.32,False
0,[6618-7117],6692,1,men,Welterweight,B: A + is_southpaw (+1 cols),0.5066666666666665,True
0,[6618-7117],6693,1,men,Featherweight,B: A + is_southpaw (+1 cols),0.8378378378378378,True
0,[6618-7117],6694,1,women,Women's Bantamweight,B: A + is_southpaw (+1 cols),0.5066666666666665,False
0,[6618-7117],6695,0,men,Welterweight,B: A + is_southpaw (+1 cols),0.6232394366197183,True
0,[6618-7117],6696,1,men,Middleweight,B: A + is_southpaw (+1 cols),0.5066666666666665,True
0,[6618-7117],6697,0,men,Welterweight,B: A + is_southpaw (+1 cols),0.6232394366197183,True
0,[6618-7117],6698,1,men,Heavyweight,B: A + is_southpaw (+1 cols),0.6232394366197183,True
0,[6618-7117],6699,0,men,Light Heavyweight,B: A + is_southpaw (+1 cols),0.5066666666666665,True
0,[6618-7117],6700,1,men,Welterweight,B: A + is_southpaw (+1 cols),0.5066666666666665,True
0,[6618-7117],6701,1,men,Bantamweight,B: A + is_southpaw (+1 cols),0.6232394366197183,True
0,[6618-7117],6702,1,men,Light Heavyweight,B: A + is_southpaw (+1 cols),0.8378378378378378,True
0,[6618-7117],6703,0,men,Welterweight,B: A + is_southpaw (+1 cols),0.5066666666666665,True
0,[6618-7117],6704,0,men,Welterweight,B: A + is_southpaw (+1 cols),0.6232394366197183,True
0,[6618-7117],6705,0,men,Featherweight,B: A + is_southpaw (+1 cols),0.5,True
0,[6618-7117],6706,1,women,Women's Flyweight,B: A + is_southpaw (+1 cols),0.6232394366197183,False
0,[6618-7117],6707,0,men,Lightweight,B: A + is_southpaw (+1 cols),0.5,True
0,[6618-7117],6708,0,women,Women's Strawweight,B: A + is_southpaw (+1 cols),0.6232394366197183,False
0,[6618-7117],6709,0,men,Catch Weight,B: A + is_southpaw (+1 cols),0.6232394366197183,True
0,[6618-7117],6710,0,women,Women's Flyweight,B: A + is_southpaw (+1 cols),0.6232394366197183,False
0,[6618-7117],6711,1,men,Lightweight,B: A + is_southpaw (+1 cols),0.6232394366197183,True
0,[6618-7117],6712,1,men,Welterweight,B: A + is_southpaw (+1 cols),0.5066666666666665,True
0,[6618-7117],6713,0,men,Flyweight,B: A + is_southpaw (+1 cols),0.6232394366197183,True
0,[6618-7117],6714,1,men,Middleweight,B: A + is_southpaw (+1 cols),0.6232394366197183,True
0,[6618-7117],6715,1,men,Heavyweight,B: A + is_southpaw (+1 cols),0.8378378378378378,True
0,[6618-7117],6716,0,men,Lightweight,B: A + is_southpaw (+1 cols),0.3333333333333333,True
0,[6618-7117],6717,0,men,Featherweight,B: A + is_southpaw (+1 cols),0.5066666666666665,True
0,[6618-7117],6718,1,men,Heavyweight,B: A + is_southpaw (+1 cols),0.5066666666666665,True
0,[6618-7117],6719,0,men,Bantamweight,B: A + is_southpaw (+1 cols),0.5066666666666665,True
0,[6618-7117],6720,1,men,Featherweight,B: A + is_southpaw (+1 cols),0.5066666666666665,True
0,[6618-7117],6721,1,men,Heavyweight,B: A + is_southpaw (+1 cols),0.6232394366197183,True
0,[6618-7117],6722,1,men,Bantamweight,B: A + is_southpaw (+1 cols),0.5066666666666665,True
0,[6618-7117],6723,0,women,Women's Strawweight,B: A + is_southpaw (+1 cols),0.32,False
0,[6618-7117],6724,0,men,Flyweight,B: A + is_southpaw (+1 cols),0.6232394366197183,True
0,[6618-7117],6725,1,women,Women's Flyweight,B: A + is_southpaw (+1 cols),0.5066666666666665,False
0,[6618-7117],6726,1,men,Welterweight,B: A + is_southpaw (+1 cols),0.6232394366197183,True
0,[6618-7117],6727,1,men,Flyweight,B: A + is_southpaw (+1 cols),0.6232394366197183,True
0,[6618-7117],6728,1,women,Women's Featherweight,B: A + is_southpaw (+1 cols),0.5066666666666665,False
0,[6618-7117],6729,1,men,Welterweight,B: A + is_southpaw (+1 cols),0.5066666666666665,True
0,[6618-7117],6730,1,men,Welterweight,B: A + is_southpaw (+1 cols),0.5066666666666665,True
0,[6618-7117],6731,0,men,Light Heavyweight,B: A + is_southpaw (+1 cols),0.5066666666666665,True
0,[6618-7117],6732,1,men,Lightweight,B: A + is_southpaw (+1 cols),0.6232394366197183,True
0,[6618-7117],6733,0,women,Women's Strawweight,B: A + is_southpaw (+1 cols),0.8378378378378378,False
0,[6618-7117],6734,1,men,Lightweight,B: A + is_southpaw (+1 cols),0.5066666666666665,True
0,[6618-7117],6735,1,men,Flyweight,B: A + is_southpaw (+1 cols),0.6232394366197183,True
0,[6618-7117],6736,1,women,Women's Strawweight,B: A + is_southpaw (+1 cols),0.6232394366197183,False
0,[6618-7117],6737,1,men,Lightweight,B: A + is_southpaw (+1 cols),0.6232394366197183,True
0,[6618-7117],6738,1,women,Women's Flyweight,B: A + is_southpaw (+1 cols),0.5,False
0,[6618-7117],6739,0,men,Flyweight,B: A + is_southpaw (+1 cols),0.6232394366197183,True
0,[6618-7117],6740,0,men,Middleweight,B: A + is_southpaw (+1 cols),0.6232394366197183,True
0,[6618-7117],6741,1,women,Women's Flyweight,B: A + is_southpaw (+1 cols),0.3333333333333333,False
0,[6618-7117],6742,1,men,Bantamweight,B: A + is_southpaw (+1 cols),0.5066666666666665,True
0,[6618-7117],6743,1,men,Light Heavyweight,B: A + is_southpaw (+1 cols),0.5,True
0,[6618-7117],6744,1,men,Light Heavyweight,B: A + is_southpaw (+1 cols),0.37516855766452517,True
0,[6618-7117],6745,0,men,Lightweight,B: A + is_southpaw (+1 cols),0.32,True
0,[6618-7117],6746,0,women,Women's Strawweight,B: A + is_southpaw (+1 cols),0.6232394366197183,False
0,[6618-7117],6747,1,men,Featherweight,B: A + is_southpaw (+1 cols),0.6232394366197183,True
0,[6618-7117],6748,1,men,Bantamweight,B: A + is_southpaw (+1 cols),0.6232394366197183,True
0,[6618-7117],6749,0,men,Lightweight,B: A + is_southpaw (+1 cols),0.5066666666666665,True
0,[6618-7117],6750,1,men,Heavyweight,B: A + is_southpaw (+1 cols),0.8378378378378378,True
0,[6618-7117],6751,1,men,Middleweight,B: A + is_southpaw (+1 cols),0.8378378378378378,True
0,[6618-7117],6752,0,women,Women's Strawweight,B: A + is_southpaw (+1 cols),0.6232394366197183,False
0,[6618-7117],6753,1,men,Middleweight,B: A + is_southpaw (+1 cols),0.6232394366197183,True
0,[6618-7117],6754,0,men,Welterweight,B: A + is_southpaw (+1 cols),0.32,True
0,[6618-7117],6755,0,women,Women's Bantamweight,B: A + is_southpaw (+1 cols),0.6232394366197183,False
0,[6618-7117],6756,0,men,Middleweight,B: A + is_southpaw (+1 cols),0.5,True
0,[6618-7117],6757,1,men,Featherweight,B: A + is_southpaw (+1 cols),0.5066666666666665,True
0,[6618-7117],6758,1,men,Welterweight,B: A + is_southpaw (+1 cols),0.6232394366197183,True
0,[6618-7117],6759,1,men,Flyweight,B: A + is_southpaw (+1 cols),0.6232394366197183,True
0,[6618-7117],6760,0,men,Bantamweight,B: A + is_southpaw (+1 cols),0.6232394366197183,True
0,[6618-7117],6761,1,women,Women's Flyweight,B: A + is_southpaw (+1 cols),0.8378378378378378,False
0,[6618-7117],6762,1,men,Lightweight,B: A + is_southpaw (+1 cols),0.6232394366197183,True
0,[6618-7117],6763,0,men,Lightweight,B: A + is_southpaw (+1 cols),0.3333333333333333,True
0,[6618-7117],6764,1,men,Light Heavyweight,B: A + is_southpaw (+1 cols),0.6232394366197183,True
0,[6618-7117],6765,1,men,Flyweight,B: A + is_southpaw (+1 cols),0.6232394366197183,True
0,[6618-7117],6766,1,women,Women's Flyweight,B: A + is_southpaw (+1 cols),0.6232394366197183,False
0,[6618-7117],6767,0,men,Featherweight,B: A + is_southpaw (+1 cols),0.6232394366197183,True
0,[6618-7117],6768,0,men,Featherweight,B: A + is_southpaw (+1 cols),0.5,True
0,[6618-7117],6769,1,men,Heavyweight,B: A + is_southpaw (+1 cols),0.6232394366197183,True
0,[6618-7117],6770,0,women,Women's Strawweight,B: A + is_southpaw (+1 cols),0.6232394366197183,False
0,[6618-7117],6771,0,men,Flyweight,B: A + is_southpaw (+1 cols),0.5066666666666665,True
0,[6618-7117],6772,1,men,Lightweight,B: A + is_southpaw (+1 cols),0.6232394366197183,True
0,[6618-7117],6773,1,men,Flyweight,B: A + is_southpaw (+1 cols),0.6232394366197183,True
0,[6618-7117],6774,0,men,Featherweight,B: A + is_southpaw (+1 cols),0.5066666666666665,True
0,[6618-7117],6775,0,men,Bantamweight,B: A + is_southpaw (+1 cols),0.5066666666666665,True
0,[6618-7117],6776,1,men,Flyweight,B: A + is_southpaw (+1 cols),0.6232394366197183,True
0,[6618-7117],6777,0,men,Lightweight,B: A + is_southpaw (+1 cols),0.6232394366197183,True
0,[6618-7117],6778,1,men,Featherweight,B: A + is_southpaw (+1 cols),0.6232394366197183,True
0,[6618-7117],6779,1,men,Light Heavyweight,B: A + is_southpaw (+1 cols),0.6232394366197183,True
0,[6618-7117],6780,1,men,Featherweight,B: A + is_southpaw (+1 cols),0.6232394366197183,True
0,[6618-7117],6781,0,men,Welterweight,B: A + is_southpaw (+1 cols),0.6232394366197183,True
0,[6618-7117],6782,1,men,Flyweight,B: A + is_southpaw (+1 cols),0.6232394366197183,True
0,[6618-7117],6783,0,men,Lightweight,B: A + is_southpaw (+1 cols),0.6232394366197183,True
0,[6618-7117],6784,1,men,Bantamweight,B: A + is_southpaw (+1 cols),0.6232394366197183,True
0,[6618-7117],6785,0,women,Women's Strawweight,B: A + is_southpaw (+1 cols),0.5066666666666665,False
0,[6618-7117],6786,1,men,Bantamweight,B: A + is_southpaw (+1 cols),0.6232394366197183,True
0,[6618-7117],6787,0,men,Flyweight,B: A + is_southpaw (+1 cols),0.6232394366197183,True
0,[6618-7117],6788,1,men,Featherweight,B: A + is_southpaw (+1 cols),0.5066666666666665,True
0,[6618-7117],6789,0,women,Women's Featherweight,B: A + is_southpaw (+1 cols),0.5,False
0,[6618-7117],6790,0,women,Women's Strawweight,B: A + is_southpaw (+1 cols),0.8378378378378378,False
0,[6618-7117],6791,1,men,Bantamweight,B: A + is_southpaw (+1 cols),0.5066666666666665,True
0,[6618-7117],6792,1,men,Middleweight,B: A + is_southpaw (+1 cols),0.6232394366197183,True
0,[6618-7117],6793,0,men,Featherweight,B: A + is_southpaw (+1 cols),0.5066666666666665,True
0,[6618-7117],6794,1,men,Lightweight,B: A + is_southpaw (+1 cols),0.6232394366197183,True
0,[6618-7117],6795,0,men,Welterweight,B: A + is_southpaw (+1 cols),0.5,True
0,[6618-7117],6796,1,women,Women's Strawweight,B: A + is_southpaw (+1 cols),0.3333333333333333,False
0,[6618-7117],6797,1,women,Women's Flyweight,B: A + is_southpaw (+1 cols),0.6232394366197183,False
0,[6618-7117],6798,0,men,Light Heavyweight,B: A + is_southpaw (+1 cols),0.6232394366197183,True
0,[6618-7117],6799,1,men,Welterweight,B: A + is_southpaw (+1 cols),0.6232394366197183,True
0,[6618-7117],6800,1,men,Featherweight,B: A + is_southpaw (+1 cols),0.6232394366197183,True
0,[6618-7117],6801,1,men,Middleweight,B: A + is_southpaw (+1 cols),0.5066666666666665,True
0,[6618-7117],6802,0,men,Bantamweight,B: A + is_southpaw (+1 cols),0.3333333333333333,True
0,[6618-7117],6803,1,men,Middleweight,B: A + is_southpaw (+1 cols),0.5066666666666665,True
0,[6618-7117],6804,1,women,Women's Strawweight,B: A + is_southpaw (+1 cols),0.5066666666666665,False
0,[6618-7117],6805,0,men,Welterweight,B: A + is_southpaw (+1 cols),0.3333333333333333,True
0,[6618-7117],6806,1,men,Middleweight,B: A + is_southpaw (+1 cols),0.6232394366197183,True
0,[6618-7117],6807,1,men,Bantamweight,B: A + is_southpaw (+1 cols),0.6232394366197183,True
0,[6618-7117],6808,0,men,Middleweight,B: A + is_southpaw (+1 cols),0.6232394366197183,True
0,[6618-7117],6809,1,men,Lightweight,B: A + is_southpaw (+1 cols),0.6232394366197183,True
0,[6618-7117],6810,0,men,Welterweight,B: A + is_southpaw (+1 cols),0.5,True
0,[6618-7117],6811,0,men,Featherweight,B: A + is_southpaw (+1 cols),0.5066666666666665,True
0,[6618-7117],6812,0,women,Women's Flyweight,B: A + is_southpaw (+1 cols),0.5066666666666665,False
0,[6618-7117],6813,1,women,Women's Strawweight,B: A + is_southpaw (+1 cols),0.5066666666666665,False
0,[6618-7117],6814,0,men,Flyweight,B: A + is_southpaw (+1 cols),0.5066666666666665,True
0,[6618-7117],6815,0,men,Bantamweight,B: A + is_southpaw (+1 cols),0.6232394366197183,True
0,[6618-7117],6816,1,men,Featherweight,B: A + is_southpaw (+1 cols),0.6232394366197183,True
0,[6618-7117],6817,1,men,Light Heavyweight,B: A + is_southpaw (+1 cols),0.5066666666666665,True
0,[6618-7117],6818,0,men,Bantamweight,B: A + is_southpaw (+1 cols),0.5,True
0,[6618-7117],6819,0,men,Bantamweight,B: A + is_southpaw (+1 cols),1e-06,True
0,[6618-7117],6820,1,men,Lightweight,B: A + is_southpaw (+1 cols),0.6232394366197183,True
0,[6618-7117],6821,1,men,Heavyweight,B: A + is_southpaw (+1 cols),0.6232394366197183,True
0,[6618-7117],6822,0,men,Welterweight,B: A + is_southpaw (+1 cols),0.5,True
0,[6618-7117],6823,0,men,Lightweight,B: A + is_southpaw (+1 cols),0.6232394366197183,True
0,[6618-7117],6824,1,men,Middleweight,B: A + is_southpaw (+1 cols),0.6232394366197183,True
0,[6618-7117],6825,0,women,Women's Bantamweight,B: A + is_southpaw (+1 cols),0.6232394366197183,False
0,[6618-7117],6826,0,women,Women's Flyweight,B: A + is_southpaw (+1 cols),0.5,False
0,[6618-7117],6827,0,men,Middleweight,B: A + is_southpaw (+1 cols),0.5,True
0,[6618-7117],6828,0,men,Middleweight,B: A + is_southpaw (+1 cols),0.32,True
0,[6618-7117],6829,1,men,Welterweight,B: A + is_southpaw (+1 cols),0.6232394366197183,True
0,[6618-7117],6830,0,men,Lightweight,B: A + is_southpaw (+1 cols),0.5,True
0,[6618-7117],6831,0,men,Welterweight,B: A + is_southpaw (+1 cols),0.5,True
0,[6618-7117],6832,0,men,Middleweight,B: A + is_southpaw (+1 cols),0.6232394366197183,True
0,[6618-7117],6833,1,men,Featherweight,B: A + is_southpaw (+1 cols),0.6232394366197183,True
0,[6618-7117],6834,1,men,Middleweight,B: A + is_southpaw (+1 cols),0.8378378378378378,True
0,[6618-7117],6835,1,men,Welterweight,B: A + is_southpaw (+1 cols),0.5066666666666665,True
0,[6618-7117],6836,1,women,Women's Flyweight,B: A + is_southpaw (+1 cols),0.6232394366197183,False
0,[6618-7117],6837,1,men,Light Heavyweight,B: A + is_southpaw (+1 cols),0.6232394366197183,True
0,[6618-7117],6838,0,men,Bantamweight,B: A + is_southpaw (+1 cols),0.6232394366197183,True
0,[6618-7117],6839,1,men,Featherweight,B: A + is_southpaw (+1 cols),0.5066666666666665,True
0,[6618-7117],6840,1,men,Middleweight,B: A + is_southpaw (+1 cols),0.6232394366197183,True
0,[6618-7117],6841,1,men,Middleweight,B: A + is_southpaw (+1 cols),0.6232394366197183,True
0,[6618-7117],6842,1,men,Bantamweight,B: A + is_southpaw (+1 cols),0.5,True
0,[6618-7117],6843,0,men,Heavyweight,B: A + is_southpaw (+1 cols),0.8378378378378378,True
0,[6618-7117],6844,0,men,Bantamweight,B: A + is_southpaw (+1 cols),0.3333333333333333,True
0,[6618-7117],6845,0,men,Lightweight,B: A + is_southpaw (+1 cols),0.5066666666666665,True
0,[6618-7117],6846,0,men,Lightweight,B: A + is_southpaw (+1 cols),0.32,True
0,[6618-7117],6847,0,women,Women's Strawweight,B: A + is_southpaw (+1 cols),0.3333333333333333,False
0,[6618-7117],6848,0,men,Middleweight,B: A + is_southpaw (+1 cols),0.5066666666666665,True
0,[6618-7117],6849,1,men,Light Heavyweight,B: A + is_southpaw (+1 cols),0.5066666666666665,True
0,[6618-7117],6850,1,men,Featherweight,B: A + is_southpaw (+1 cols),0.6232394366197183,True
0,[6618-7117],6851,1,men,Bantamweight,B: A + is_southpaw (+1 cols),0.5066666666666665,True
0,[6618-7117],6852,1,men,Middleweight,B: A + is_southpaw (+1 cols),0.8378378378378378,True
0,[6618-7117],6853,1,men,Featherweight,B: A + is_southpaw (+1 cols),0.5066666666666665,True
0,[6618-7117],6854,1,men,Flyweight,B: A + is_southpaw (+1 cols),0.32,True
0,[6618-7117],6855,1,men,Welterweight,B: A + is_southpaw (+1 cols),0.5,True
0,[6618-7117],6856,0,women,Women's Strawweight,B: A + is_southpaw (+1 cols),0.5,False
0,[6618-7117],6857,0,men,Featherweight,B: A + is_southpaw (+1 cols),0.5,True
0,[6618-7117],6858,1,women,Women's Flyweight,B: A + is_southpaw (+1 cols),0.3333333333333333,False
0,[6618-7117],6859,1,men,Featherweight,B: A + is_southpaw (+1 cols),0.8378378378378378,True
0,[6618-7117],6860,0,men,Welterweight,B: A + is_southpaw (+1 cols),0.6232394366197183,True
0,[6618-7117],6861,0,women,Women's Flyweight,B: A + is_southpaw (+1 cols),0.6232394366197183,False
0,[6618-7117],6862,1,men,Lightweight,B: A + is_southpaw (+1 cols),0.5066666666666665,True
0,[6618-7117],6863,1,men,Flyweight,B: A + is_southpaw (+1 cols),0.8378378378378378,True
0,[6618-7117],6864,0,men,Featherweight,B: A + is_southpaw (+1 cols),0.5066666666666665,True
0,[6618-7117],6865,1,men,Lightweight,B: A + is_southpaw (+1 cols),0.6232394366197183,True
0,[6618-7117],6866,1,men,Light Heavyweight,B: A + is_southpaw (+1 cols),0.6232394366197183,True
0,[6618-7117],6867,0,men,Light Heavyweight,B: A + is_southpaw (+1 cols),0.5066666666666665,True
0,[6618-7117],6868,1,women,Women's Flyweight,B: A + is_southpaw (+1 cols),0.6232394366197183,False
0,[6618-7117],6869,1,men,Lightweight,B: A + is_southpaw (+1 cols),0.5066666666666665,True
0,[6618-7117],6870,1,men,Middleweight,B: A + is_southpaw (+1 cols),0.6232394366197183,True
0,[6618-7117],6871,1,men,Heavyweight,B: A + is_southpaw (+1 cols),0.6232394366197183,True
0,[6618-7117],6872,0,men,Lightweight,B: A + is_southpaw (+1 cols),0.5,True
0,[6618-7117],6873,0,men,Middleweight,B: A + is_southpaw (+1 cols),0.6232394366197183,True
0,[6618-7117],6874,1,men,Light Heavyweight,B: A + is_southpaw (+1 cols),0.6232394366197183,True
0,[6618-7117],6875,1,men,Featherweight,B: A + is_southpaw (+1 cols),0.5066666666666665,True
0,[6618-7117],6876,1,men,Flyweight,B: A + is_southpaw (+1 cols),0.5066666666666665,True
0,[6618-7117],6877,1,men,Lightweight,B: A + is_southpaw (+1 cols),0.5,True
0,[6618-7117],6878,1,men,Welterweight,B: A + is_southpaw (+1 cols),0.6232394366197183,True
0,[6618-7117],6879,1,men,Light Heavyweight,B: A + is_southpaw (+1 cols),0.6232394366197183,True
0,[6618-7117],6880,1,women,Women's Bantamweight,B: A + is_southpaw (+1 cols),0.6232394366197183,False
0,[6618-7117],6881,1,men,Welterweight,B: A + is_southpaw (+1 cols),0.8378378378378378,True
0,[6618-7117],6882,1,men,Lightweight,B: A + is_southpaw (+1 cols),0.5,True
0,[6618-7117],6883,1,men,Flyweight,B: A + is_southpaw (+1 cols),0.6232394366197183,True
0,[6618-7117],6884,1,men,Light Heavyweight,B: A + is_southpaw (+1 cols),0.6666666666666666,True
0,[6618-7117],6885,1,men,Flyweight,B: A + is_southpaw (+1 cols),0.5066666666666665,True
0,[6618-7117],6886,0,men,Heavyweight,B: A + is_southpaw (+1 cols),0.5066666666666665,True
0,[6618-7117],6887,0,women,Women's Bantamweight,B: A + is_southpaw (+1 cols),0.6232394366197183,False
0,[6618-7117],6888,1,men,Welterweight,B: A + is_southpaw (+1 cols),0.5,True
0,[6618-7117],6889,0,men,Lightweight,B: A + is_southpaw (+1 cols),0.6232394366197183,True
0,[6618-7117],6890,1,men,Flyweight,B: A + is_southpaw (+1 cols),0.6232394366197183,True
0,[6618-7117],6891,1,men,Featherweight,B: A + is_southpaw (+1 cols),0.6232394366197183,True
0,[6618-7117],6892,1,men,Heavyweight,B: A + is_southpaw (+1 cols),0.6232394366197183,True
0,[6618-7117],6893,0,men,Welterweight,B: A + is_southpaw (+1 cols),0.6232394366197183,True
0,[6618-7117],6894,1,women,Women's Bantamweight,B: A + is_southpaw (+1 cols),0.5066666666666665,False
0,[6618-7117],6895,1,women,Women's Strawweight,B: A + is_southpaw (+1 cols),0.6232394366197183,False
0,[6618-7117],6896,1,men,Welterweight,B: A + is_southpaw (+1 cols),0.6232394366197183,True
0,[6618-7117],6897,0,men,Middleweight,B: A + is_southpaw (+1 cols),0.32,True
0,[6618-7117],6898,1,men,Lightweight,B: A + is_southpaw (+1 cols),0.6232394366197183,True
0,[6618-7117],6899,0,women,Women's Flyweight,B: A + is_southpaw (+1 cols),0.5066666666666665,False
0,[6618-7117],6900,1,men,Heavyweight,B: A + is_southpaw (+1 cols),0.6232394366197183,True
0,[6618-7117],6901,0,men,Welterweight,B: A + is_southpaw (+1 cols),0.5066666666666665,True
0,[6618-7117],6902,0,men,Light Heavyweight,B: A + is_southpaw (+1 cols),0.5,True
0,[6618-7117],6903,0,men,Heavyweight,B: A + is_southpaw (+1 cols),0.5066666666666665,True
0,[6618-7117],6904,1,men,Middleweight,B: A + is_southpaw (+1 cols),0.5066666666666665,True
0,[6618-7117],6905,0,men,Heavyweight,B: A + is_southpaw (+1 cols),0.5066666666666665,True
0,[6618-7117],6906,1,men,Featherweight,B: A + is_southpaw (+1 cols),0.5066666666666665,True
0,[6618-7117],6907,0,men,Flyweight,B: A + is_southpaw (+1 cols),0.6232394366197183,True
0,[6618-7117],6908,0,women,Women's Strawweight,B: A + is_southpaw (+1 cols),0.6232394366197183,False
0,[6618-7117],6909,0,women,Women's Flyweight,B: A + is_southpaw (+1 cols),0.6232394366197183,False
0,[6618-7117],6910,0,men,Catch Weight,B: A + is_southpaw (+1 cols),0.6232394366197183,True
0,[6618-7117],6911,0,men,Flyweight,B: A + is_southpaw (+1 cols),0.6232394366197183,True
0,[6618-7117],6912,1,men,Lightweight,B: A + is_southpaw (+1 cols),0.6232394366197183,True
0,[6618-7117],6913,1,men,Heavyweight,B: A + is_southpaw (+1 cols),0.6232394366197183,True
0,[6618-7117],6914,1,men,Catch Weight,B: A + is_southpaw (+1 cols),0.32,True
0,[6618-7117],6915,0,men,Middleweight,B: A + is_southpaw (+1 cols),0.5066666666666665,True
0,[6618-7117],6916,1,women,Women's Bantamweight,B: A + is_southpaw (+1 cols),0.32,False
0,[6618-7117],6917,0,men,Light Heavyweight,B: A + is_southpaw (+1 cols),0.5066666666666665,True
0,[6618-7117],6918,1,women,Women's Strawweight,B: A + is_southpaw (+1 cols),0.5066666666666665,False
0,[6618-7117],6919,1,men,Featherweight,B: A + is_southpaw (+1 cols),0.5,True
0,[6618-7117],6920,1,men,Bantamweight,B: A + is_southpaw (+1 cols),0.5,True
0,[6618-7117],6921,0,men,Lightweight,B: A + is_southpaw (+1 cols),0.6232394366197183,True
0,[6618-7117],6922,0,men,Middleweight,B: A + is_southpaw (+1 cols),0.5066666666666665,True
0,[6618-7117],6923,0,men,Bantamweight,B: A + is_southpaw (+1 cols),0.5066666666666665,True
0,[6618-7117],6924,1,women,Women's Bantamweight,B: A + is_southpaw (+1 cols),0.5066666666666665,False
0,[6618-7117],6925,1,men,Lightweight,B: A + is_southpaw (+1 cols),0.5066666666666665,True
0,[6618-7117],6926,0,men,Flyweight,B: A + is_southpaw (+1 cols),0.5066666666666665,True
0,[6618-7117],6927,1,men,Bantamweight,B: A + is_southpaw (+1 cols),0.6232394366197183,True
0,[6618-7117],6928,0,men,Welterweight,B: A + is_southpaw (+1 cols),0.6232394366197183,True
0,[6618-7117],6929,0,men,Lightweight,B: A + is_southpaw (+1 cols),0.5066666666666665,True
0,[6618-7117],6930,1,men,Flyweight,B: A + is_southpaw (+1 cols),0.8378378378378378,True
0,[6618-7117],6931,1,men,Light Heavyweight,B: A + is_southpaw (+1 cols),0.8378378378378378,True
0,[6618-7117],6932,0,women,Women's Bantamweight,B: A + is_southpaw (+1 cols),0.5066666666666665,False
0,[6618-7117],6933,1,men,Heavyweight,B: A + is_southpaw (+1 cols),0.3333333333333333,True
0,[6618-7117],6934,0,men,Bantamweight,B: A + is_southpaw (+1 cols),0.25617539160473385,True
0,[6618-7117],6935,1,men,Middleweight,B: A + is_southpaw (+1 cols),0.5066666666666665,True
0,[6618-7117],6936,0,men,Welterweight,B: A + is_southpaw (+1 cols),0.8378378378378378,True
0,[6618-7117],6937,0,men,Bantamweight,B: A + is_southpaw (+1 cols),0.5066666666666665,True
0,[6618-7117],6938,0,men,Flyweight,B: A + is_southpaw (+1 cols),0.5066666666666665,True
0,[6618-7117],6939,0,women,Women's Strawweight,B: A + is_southpaw (+1 cols),0.5066666666666665,False
0,[6618-7117],6940,1,men,Heavyweight,B: A + is_southpaw (+1 cols),0.6232394366197183,True
0,[6618-7117],6941,0,men,Welterweight,B: A + is_southpaw (+1 cols),0.6232394366197183,True
0,[6618-7117],6942,1,men,Welterweight,B: A + is_southpaw (+1 cols),0.6232394366197183,True
0,[6618-7117],6943,1,men,Middleweight,B: A + is_southpaw (+1 cols),0.5066666666666665,True
0,[6618-7117],6944,0,men,Lightweight,B: A + is_southpaw (+1 cols),0.6232394366197183,True
0,[6618-7117],6945,0,women,Women's Strawweight,B: A + is_southpaw (+1 cols),0.6232394366197183,False
0,[6618-7117],6946,1,men,Featherweight,B: A + is_southpaw (+1 cols),0.5066666666666665,True
0,[6618-7117],6947,0,men,Lightweight,B: A + is_southpaw (+1 cols),0.5066666666666665,True
0,[6618-7117],6948,1,women,Women's Featherweight,B: A + is_southpaw (+1 cols),0.6232394366197183,False
0,[6618-7117],6949,0,men,Bantamweight,B: A + is_southpaw (+1 cols),0.3333333333333333,True
0,[6618-7117],6950,1,men,Lightweight,B: A + is_southpaw (+1 cols),0.6232394366197183,True
0,[6618-7117],6951,1,men,Lightweight,B: A + is_southpaw (+1 cols),0.6232394366197183,True
0,[6618-7117],6952,1,men,Middleweight,B: A + is_southpaw (+1 cols),0.5066666666666665,True
0,[6618-7117],6953,0,men,Middleweight,B: A + is_southpaw (+1 cols),0.5066666666666665,True
0,[6618-7117],6954,1,men,Featherweight,B: A + is_southpaw (+1 cols),0.5066666666666665,True
0,[6618-7117],6955,1,men,Middleweight,B: A + is_southpaw (+1 cols),0.6232394366197183,True
0,[6618-7117],6956,1,men,Middleweight,B: A + is_southpaw (+1 cols),0.3333333333333333,True
0,[6618-7117],6957,1,men,Heavyweight,B: A + is_southpaw (+1 cols),0.8378378378378378,True
0,[6618-7117],6958,0,men,Featherweight,B: A + is_southpaw (+1 cols),0.6232394366197183,True
0,[6618-7117],6959,1,men,Light Heavyweight,B: A + is_southpaw (+1 cols),0.6232394366197183,True
0,[6618-7117],6960,1,men,Welterweight,B: A + is_southpaw (+1 cols),0.6232394366197183,True
0,[6618-7117],6961,0,men,Heavyweight,B: A + is_southpaw (+1 cols),0.6232394366197183,True
0,[6618-7117],6962,1,men,Lightweight,B: A + is_southpaw (+1 cols),0.6232394366197183,True
0,[6618-7117],6963,0,women,Women's Flyweight,B: A + is_southpaw (+1 cols),0.5066666666666665,False
0,[6618-7117],6964,0,men,Welterweight,B: A + is_southpaw (+1 cols),0.6232394366197183,True
0,[6618-7117],6965,0,women,Women's Strawweight,B: A + is_southpaw (+1 cols),0.6232394366197183,False
0,[6618-7117],6966,0,men,Bantamweight,B: A + is_southpaw (+1 cols),0.5066666666666665,True
0,[6618-7117],6967,1,women,Women's Featherweight,B: A + is_southpaw (+1 cols),0.8378378378378378,False
0,[6618-7117],6968,0,men,Heavyweight,B: A + is_southpaw (+1 cols),0.6232394366197183,True
0,[6618-7117],6969,1,men,Middleweight,B: A + is_southpaw (+1 cols),0.5066666666666665,True
0,[6618-7117],6970,1,men,Catch Weight,B: A + is_southpaw (+1 cols),0.8378378378378378,True
0,[6618-7117],6971,1,men,Light Heavyweight,B: A + is_southpaw (+1 cols),0.5066666666666665,True
0,[6618-7117],6972,1,men,Catch Weight,B: A + is_southpaw (+1 cols),0.6232394366197183,True
0,[6618-7117],6973,0,men,Catch Weight,B: A + is_southpaw (+1 cols),0.5066666666666665,True
0,[6618-7117],6974,1,men,Catch Weight,B: A + is_southpaw (+1 cols),0.6232394366197183,True
0,[6618-7117],6975,1,men,Welterweight,B: A + is_southpaw (+1 cols),0.5066666666666665,True
0,[6618-7117],6976,0,men,Featherweight,B: A + is_southpaw (+1 cols),0.6232394366197183,True
0,[6618-7117],6977,1,men,Bantamweight,B: A + is_southpaw (+1 cols),0.5066666666666665,True
0,[6618-7117],6978,1,women,Women's Strawweight,B: A + is_southpaw (+1 cols),0.5763975587439213,False
0,[6618-7117],6979,0,men,Lightweight,B: A + is_southpaw (+1 cols),0.6232394366197183,True
0,[6618-7117],6980,1,men,Bantamweight,B: A + is_southpaw (+1 cols),0.6232394366197183,True
0,[6618-7117],6981,1,men,Middleweight,B: A + is_southpaw (+1 cols),0.6232394366197183,True
0,[6618-7117],6982,0,women,Women's Strawweight,B: A + is_southpaw (+1 cols),0.6232394366197183,False
0,[6618-7117],6983,1,men,Lightweight,B: A + is_southpaw (+1 cols),0.5066666666666665,True
0,[6618-7117],6984,0,men,Bantamweight,B: A + is_southpaw (+1 cols),0.5066666666666665,True
0,[6618-7117],6985,0,women,Women's Flyweight,B: A + is_southpaw (+1 cols),0.6232394366197183,False
0,[6618-7117],6986,1,men,Lightweight,B: A + is_southpaw (+1 cols),0.3333333333333333,True
0,[6618-7117],6987,1,men,Welterweight,B: A + is_southpaw (+1 cols),0.6232394366197183,True
0,[6618-7117],6988,0,men,Middleweight,B: A + is_southpaw (+1 cols),0.5066666666666665,True
0,[6618-7117],6989,1,men,Middleweight,B: A + is_southpaw (+1 cols),0.6232394366197183,True
0,[6618-7117],6990,0,men,Heavyweight,B: A + is_southpaw (+1 cols),0.8378378378378378,True
0,[6618-7117],6991,1,men,Middleweight,B: A + is_southpaw (+1 cols),0.8378378378378378,True
0,[6618-7117],6992,1,men,Featherweight,B: A + is_southpaw (+1 cols),0.5066666666666665,True
0,[6618-7117],6993,1,men,Featherweight,B: A + is_southpaw (+1 cols),0.5066666666666665,True
0,[6618-7117],6994,1,men,Bantamweight,B: A + is_southpaw (+1 cols),0.5,True
0,[6618-7117],6995,0,men,Middleweight,B: A + is_southpaw (+1 cols),0.6232394366197183,True
0,[6618-7117],6996,1,men,Bantamweight,B: A + is_southpaw (+1 cols),0.6232394366197183,True
0,[6618-7117],6997,0,men,Heavyweight,B: A + is_southpaw (+1 cols),0.6232394366197183,True
0,[6618-7117],6998,1,men,Lightweight,B: A + is_southpaw (+1 cols),0.6232394366197183,True
0,[6618-7117],6999,0,men,Flyweight,B: A + is_southpaw (+1 cols),0.6232394366197183,True
0,[6618-7117],7000,1,men,Flyweight,B: A + is_southpaw (+1 cols),0.5066666666666665,True
0,[6618-7117],7001,0,men,Featherweight,B: A + is_southpaw (+1 cols),0.6232394366197183,True
0,[6618-7117],7002,0,men,Bantamweight,B: A + is_southpaw (+1 cols),0.5,True
0,[6618-7117],7003,1,men,Middleweight,B: A + is_southpaw (+1 cols),0.6232394366197183,True
0,[6618-7117],7004,1,men,Lightweight,B: A + is_southpaw (+1 cols),0.6232394366197183,True
0,[6618-7117],7005,1,men,Bantamweight,B: A + is_southpaw (+1 cols),0.5,True
0,[6618-7117],7006,0,men,Catch Weight,B: A + is_southpaw (+1 cols),0.6232394366197183,True
0,[6618-7117],7007,0,men,Middleweight,B: A + is_southpaw (+1 cols),0.6061153518975616,True
0,[6618-7117],7008,1,men,Lightweight,B: A + is_southpaw (+1 cols),0.5066666666666665,True
0,[6618-7117],7009,0,men,Catch Weight,B: A + is_southpaw (+1 cols),0.6232394366197183,True
0,[6618-7117],7010,1,men,Heavyweight,B: A + is_southpaw (+1 cols),0.6232394366197183,True
0,[6618-7117],7011,1,men,Featherweight,B: A + is_southpaw (+1 cols),0.8378378378378378,True
0,[6618-7117],7012,1,men,Bantamweight,B: A + is_southpaw (+1 cols),0.6232394366197183,True
0,[6618-7117],7013,1,men,Welterweight,B: A + is_southpaw (+1 cols),0.6232394366197183,True
0,[6618-7117],7014,0,women,Women's Strawweight,B: A + is_southpaw (+1 cols),0.5066666666666665,False
0,[6618-7117],7015,1,men,Lightweight,B: A + is_southpaw (+1 cols),0.5066666666666665,True
0,[6618-7117],7016,1,men,Featherweight,B: A + is_southpaw (+1 cols),0.5066666666666665,True
0,[6618-7117],7017,0,men,Welterweight,B: A + is_southpaw (+1 cols),0.5066666666666665,True
0,[6618-7117],7018,1,men,Flyweight,B: A + is_southpaw (+1 cols),0.8378378378378378,True
0,[6618-7117],7019,1,women,Women's Strawweight,B: A + is_southpaw (+1 cols),0.8378378378378378,False
0,[6618-7117],7020,0,men,Middleweight,B: A + is_southpaw (+1 cols),0.6232394366197183,True
0,[6618-7117],7021,0,men,Light Heavyweight,B: A + is_southpaw (+1 cols),0.5066666666666665,True
0,[6618-7117],7022,1,men,Bantamweight,B: A + is_southpaw (+1 cols),0.32,True
0,[6618-7117],7023,0,men,Middleweight,B: A + is_southpaw (+1 cols),0.32,True
0,[6618-7117],7024,0,men,Bantamweight,B: A + is_southpaw (+1 cols),0.5066666666666665,True
0,[6618-7117],7025,1,women,Women's Flyweight,B: A + is_southpaw (+1 cols),0.6232394366197183,False
0,[6618-7117],7026,1,men,Bantamweight,B: A + is_southpaw (+1 cols),0.6232394366197183,True
0,[6618-7117],7027,1,men,Flyweight,B: A + is_southpaw (+1 cols),0.9609812371352445,True
0,[6618-7117],7028,1,women,Women's Bantamweight,B: A + is_southpaw (+1 cols),0.8378378378378378,False
0,[6618-7117],7029,1,men,Middleweight,B: A + is_southpaw (+1 cols),0.6232394366197183,True
0,[6618-7117],7030,0,men,Light Heavyweight,B: A + is_southpaw (+1 cols),0.5066666666666665,True
0,[6618-7117],7031,0,men,Middleweight,B: A + is_southpaw (+1 cols),0.5066666666666665,True
0,[6618-7117],7032,1,men,Welterweight,B: A + is_southpaw (+1 cols),0.6232394366197183,True
0,[6618-7117],7033,0,women,Women's Flyweight,B: A + is_southpaw (+1 cols),0.3333333333333333,False
0,[6618-7117],7034,1,men,Lightweight,B: A + is_southpaw (+1 cols),0.3333333333333333,True
0,[6618-7117],7035,0,men,Bantamweight,B: A + is_southpaw (+1 cols),0.5066666666666665,True
0,[6618-7117],7036,1,men,Bantamweight,B: A + is_southpaw (+1 cols),0.6232394366197183,True
0,[6618-7117],7037,0,men,Lightweight,B: A + is_southpaw (+1 cols),0.32,True
0,[6618-7117],7038,1,men,Welterweight,B: A + is_southpaw (+1 cols),0.3333333333333333,True
0,[6618-7117],7039,1,men,Welterweight,B: A + is_southpaw (+1 cols),0.6232394366197183,True
0,[6618-7117],7040,1,men,Featherweight,B: A + is_southpaw (+1 cols),0.8378378378378378,True
0,[6618-7117],7041,0,men,Flyweight,B: A + is_southpaw (+1 cols),0.6666666666666666,True
0,[6618-7117],7042,0,men,Lightweight,B: A + is_southpaw (+1 cols),0.5066666666666665,True
0,[6618-7117],7043,0,men,Featherweight,B: A + is_southpaw (+1 cols),0.6232394366197183,True
0,[6618-7117],7044,1,men,Featherweight,B: A + is_southpaw (+1 cols),0.6232394366197183,True
0,[6618-7117],7045,1,men,Bantamweight,B: A + is_southpaw (+1 cols),0.6232394366197183,True
0,[6618-7117],7046,0,men,Flyweight,B: A + is_southpaw (+1 cols),0.5066666666666665,True
0,[6618-7117],7047,1,men,Lightweight,B: A + is_southpaw (+1 cols),0.5066666666666665,True
0,[6618-7117],7048,0,men,Middleweight,B: A + is_southpaw (+1 cols),0.6232394366197183,True
0,[6618-7117],7049,0,men,Heavyweight,B: A + is_southpaw (+1 cols),0.5,True
0,[6618-7117],7050,1,men,Bantamweight,B: A + is_southpaw (+1 cols),0.6232394366197183,True
0,[6618-7117],7051,0,men,Featherweight,B: A + is_southpaw (+1 cols),0.6232394366197183,True
0,[6618-7117],7052,0,men,Middleweight,B: A + is_southpaw (+1 cols),0.5066666666666665,True
0,[6618-7117],7053,1,men,Flyweight,B: A + is_southpaw (+1 cols),0.5066666666666665,True
0,[6618-7117],7054,0,men,Middleweight,B: A + is_southpaw (+1 cols),0.6232394366197183,True
0,[6618-7117],7055,1,men,Heavyweight,B: A + is_southpaw (+1 cols),0.6232394366197183,True
0,[6618-7117],7056,0,men,Welterweight,B: A + is_southpaw (+1 cols),0.5,True
0,[6618-7117],7057,0,men,Featherweight,B: A + is_southpaw (+1 cols),0.5,True
0,[6618-7117],7058,0,men,Light Heavyweight,B: A + is_southpaw (+1 cols),0.6232394366197183,True
0,[6618-7117],7059,1,women,Women's Bantamweight,B: A + is_southpaw (+1 cols),0.6232394366197183,False
0,[6618-7117],7060,0,men,Flyweight,B: A + is_southpaw (+1 cols),0.5066666666666665,True
0,[6618-7117],7061,0,men,Bantamweight,B: A + is_southpaw (+1 cols),0.3333333333333333,True
0,[6618-7117],7062,1,women,Women's Strawweight,B: A + is_southpaw (+1 cols),0.6232394366197183,False
0,[6618-7117],7063,1,women,Women's Flyweight,B: A + is_southpaw (+1 cols),0.8378378378378378,False
0,[6618-7117],7064,1,men,Bantamweight,B: A + is_southpaw (+1 cols),0.6232394366197183,True
0,[6618-7117],7065,1,men,Flyweight,B: A + is_southpaw (+1 cols),0.8350964246086316,True
0,[6618-7117],7066,0,men,Featherweight,B: A + is_southpaw (+1 cols),0.5066666666666665,True
0,[6618-7117],7067,1,men,Welterweight,B: A + is_southpaw (+1 cols),0.5066666666666665,True
0,[6618-7117],7068,0,women,Women's Strawweight,B: A + is_southpaw (+1 cols),0.6232394366197183,False
0,[6618-7117],7069,1,men,Lightweight,B: A + is_southpaw (+1 cols),0.6232394366197183,True
0,[6618-7117],7070,1,men,Middleweight,B: A + is_southpaw (+1 cols),0.6232394366197183,True
0,[6618-7117],7071,0,men,Bantamweight,B: A + is_southpaw (+1 cols),0.5,True
0,[6618-7117],7072,1,men,Light Heavyweight,B: A + is_southpaw (+1 cols),0.5066666666666665,True
0,[6618-7117],7073,1,men,Featherweight,B: A + is_southpaw (+1 cols),0.3333333333333333,True
0,[6618-7117],7074,1,women,Women's Strawweight,B: A + is_southpaw (+1 cols),0.5066666666666665,False
0,[6618-7117],7075,1,men,Lightweight,B: A + is_southpaw (+1 cols),0.5066666666666665,True
0,[6618-7117],7076,1,women,Women's Flyweight,B: A + is_southpaw (+1 cols),0.8378378378378378,False
0,[6618-7117],7077,0,women,Women's Strawweight,B: A + is_southpaw (+1 cols),0.3333333333333333,False
0,[6618-7117],7078,0,men,Lightweight,B: A + is_southpaw (+1 cols),0.5066666666666665,True
0,[6618-7117],7079,1,men,Lightweight,B: A + is_southpaw (+1 cols),0.5066666666666665,True
0,[6618-7117],7080,0,men,Bantamweight,B: A + is_southpaw (+1 cols),0.5066666666666665,True
0,[6618-7117],7081,1,men,Lightweight,B: A + is_southpaw (+1 cols),0.6232394366197183,True
0,[6618-7117],7082,0,men,Middleweight,B: A + is_southpaw (+1 cols),0.6232394366197183,True
0,[6618-7117],7083,0,men,Light Heavyweight,B: A + is_southpaw (+1 cols),0.6232394366197183,True
0,[6618-7117],7084,1,women,Women's Flyweight,B: A + is_southpaw (+1 cols),0.6232394366197183,False
0,[6618-7117],7085,1,men,Bantamweight,B: A + is_southpaw (+1 cols),0.6232394366197183,True
0,[6618-7117],7086,1,women,Women's Strawweight,B: A + is_southpaw (+1 cols),0.5066666666666665,False
0,[6618-7117],7087,1,men,Bantamweight,B: A + is_southpaw (+1 cols),0.6232394366197183,True
0,[6618-7117],7088,1,women,Women's Flyweight,B: A + is_southpaw (+1 cols),0.5066666666666665,False
0,[6618-7117],7089,0,men,Bantamweight,B: A + is_southpaw (+1 cols),0.3248919006908943,True
0,[6618-7117],7090,1,men,Welterweight,B: A + is_southpaw (+1 cols),0.6232394366197183,True
0,[6618-7117],7091,0,men,Welterweight,B: A + is_southpaw (+1 cols),0.5066666666666665,True
0,[6618-7117],7092,0,men,Heavyweight,B: A + is_southpaw (+1 cols),0.5066666666666665,True
0,[6618-7117],7093,1,men,Light Heavyweight,B: A + is_southpaw (+1 cols),0.5,True
0,[6618-7117],7094,1,men,Flyweight,B: A + is_southpaw (+1 cols),0.6232394366197183,True
0,[6618-7117],7095,0,men,Featherweight,B: A + is_southpaw (+1 cols),0.22116549233440277,True
0,[6618-7117],7096,1,men,Lightweight,B: A + is_southpaw (+1 cols),0.6232394366197183,True
0,[6618-7117],7097,0,men,Featherweight,B: A + is_southpaw (+1 cols),0.32,True
0,[6618-7117],7098,1,men,Lightweight,B: A + is_southpaw (+1 cols),0.32,True
0,[6618-7117],7099,1,men,Lightweight,B: A + is_southpaw (+1 cols),0.5,True
0,[6618-7117],7100,1,women,Women's Strawweight,B: A + is_southpaw (+1 cols),0.3333333333333333,False
0,[6618-7117],7101,1,women,Women's Strawweight,B: A + is_southpaw (+1 cols),0.6232394366197183,False
0,[6618-7117],7102,1,men,Middleweight,B: A + is_southpaw (+1 cols),0.5,True
0,[6618-7117],7103,0,men,Middleweight,B: A + is_southpaw (+1 cols),0.5066666666666665,True
0,[6618-7117],7104,0,men,Heavyweight,B: A + is_southpaw (+1 cols),0.5066666666666665,True
0,[6618-7117],7105,1,men,Flyweight,B: A + is_southpaw (+1 cols),0.8378378378378378,True
0,[6618-7117],7106,0,men,Welterweight,B: A + is_southpaw (+1 cols),0.6232394366197183,True
0,[6618-7117],7107,1,men,Welterweight,B: A + is_southpaw (+1 cols),0.5,True
0,[6618-7117],7108,0,men,Welterweight,B: A + is_southpaw (+1 cols),0.5066666666666665,True
0,[6618-7117],7109,1,men,Bantamweight,B: A + is_southpaw (+1 cols),0.8333333333333334,True
0,[6618-7117],7110,1,men,Featherweight,B: A + is_southpaw (+1 cols),0.5,True
0,[6618-7117],7111,1,men,Featherweight,B: A + is_southpaw (+1 cols),0.3333333333333333,True
0,[6618-7117],7112,1,men,Middleweight,B: A + is_southpaw (+1 cols),0.5066666666666665,True
0,[6618-7117],7113,1,men,Middleweight,B: A + is_southpaw (+1 cols),0.8378378378378378,True
0,[6618-7117],7114,1,men,Heavyweight,B: A + is_southpaw (+1 cols),0.6232394366197183,True
0,[6618-7117],7115,0,men,Featherweight,B: A + is_southpaw (+1 cols),0.6232394366197183,True
0,[6618-7117],7116,0,men,Middleweight,B: A + is_southpaw (+1 cols),0.5066666666666665,True
0,[6618-7117],7117,1,men,Catch Weight,B: A + is_southpaw (+1 cols),0.5066666666666665,True
0,[6618-7117],6618,1,men,Catch Weight,A: top-240 WITHOUT is_southpaw~null,0.6382978723404256,True
0,[6618-7117],6619,1,women,Women's Featherweight,A: top-240 WITHOUT is_southpaw~null,0.825,False
0,[6618-7117],6620,0,women,Women's Flyweight,A: top-240 WITHOUT is_southpaw~null,0.6818181818181818,False
0,[6618-7117],6621,0,men,Middleweight,A: top-240 WITHOUT is_southpaw~null,0.6015625,True
0,[6618-7117],6622,1,men,Welterweight,A: top-240 WITHOUT is_southpaw~null,0.6015625,True
0,[6618-7117],6623,1,men,Light Heavyweight,A: top-240 WITHOUT is_southpaw~null,0.5275590551181102,True
0,[6618-7117],6624,0,men,Lightweight,A: top-240 WITHOUT is_southpaw~null,0.6015625,True
0,[6618-7117],6625,1,men,Flyweight,A: top-240 WITHOUT is_southpaw~null,0.55,True
0,[6618-7117],6626,1,women,Women's Flyweight,A: top-240 WITHOUT is_southpaw~null,0.4117647058823529,False
0,[6618-7117],6627,1,men,Light Heavyweight,A: top-240 WITHOUT is_southpaw~null,0.5275590551181102,True
0,[6618-7117],6628,0,men,Featherweight,A: top-240 WITHOUT is_southpaw~null,0.3448275862068966,True
0,[6618-7117],6629,1,men,Lightweight,A: top-240 WITHOUT is_southpaw~null,0.6015625,True
0,[6618-7117],6630,1,men,Heavyweight,A: top-240 WITHOUT is_southpaw~null,0.6382978723404256,True
0,[6618-7117],6631,1,men,Welterweight,A: top-240 WITHOUT is_southpaw~null,0.6382978723404256,True
0,[6618-7117],6632,0,men,Featherweight,A: top-240 WITHOUT is_southpaw~null,0.3448275862068966,True
0,[6618-7117],6633,1,men,Catch Weight,A: top-240 WITHOUT is_southpaw~null,0.6015625,True
0,[6618-7117],6634,1,women,Women's Strawweight,A: top-240 WITHOUT is_southpaw~null,0.6382978723404256,False
0,[6618-7117],6635,0,men,Bantamweight,A: top-240 WITHOUT is_southpaw~null,0.3448275862068966,True
0,[6618-7117],6636,0,men,Light Heavyweight,A: top-240 WITHOUT is_southpaw~null,0.6382978723404256,True
0,[6618-7117],6637,0,men,Bantamweight,A: top-240 WITHOUT is_southpaw~null,0.6382978723404256,True
0,[6618-7117],6638,0,men,Middleweight,A: top-240 WITHOUT is_southpaw~null,0.3448275862068966,True
0,[6618-7117],6639,0,women,Women's Flyweight,A: top-240 WITHOUT is_southpaw~null,0.5275590551181102,False
0,[6618-7117],6640,1,men,Featherweight,A: top-240 WITHOUT is_southpaw~null,0.5275590551181102,True
0,[6618-7117],6641,1,women,Women's Flyweight,A: top-240 WITHOUT is_southpaw~null,0.5275590551181102,False
0,[6618-7117],6642,1,men,Featherweight,A: top-240 WITHOUT is_southpaw~null,0.6382978723404256,True
0,[6618-7117],6643,1,men,Middleweight,A: top-240 WITHOUT is_southpaw~null,0.6015625,True
0,[6618-7117],6644,1,men,Lightweight,A: top-240 WITHOUT is_southpaw~null,0.5275590551181102,True
0,[6618-7117],6645,1,men,Light Heavyweight,A: top-240 WITHOUT is_southpaw~null,0.6015625,True
0,[6618-7117],6646,0,men,Light Heavyweight,A: top-240 WITHOUT is_southpaw~null,0.5275590551181102,True
0,[6618-7117],6647,1,men,Welterweight,A: top-240 WITHOUT is_southpaw~null,0.4117647058823529,True
0,[6618-7117],6648,0,men,Bantamweight,A: top-240 WITHOUT is_southpaw~null,0.3448275862068966,True
0,[6618-7117],6649,1,men,Flyweight,A: top-240 WITHOUT is_southpaw~null,0.6015625,True
0,[6618-7117],6650,0,men,Heavyweight,A: top-240 WITHOUT is_southpaw~null,0.5275590551181102,True
0,[6618-7117],6651,0,women,Women's Strawweight,A: top-240 WITHOUT is_southpaw~null,0.825,False
0,[6618-7117],6652,1,men,Bantamweight,A: top-240 WITHOUT is_southpaw~null,0.6818181818181818,True
0,[6618-7117],6653,0,men,Light Heavyweight,A: top-240 WITHOUT is_southpaw~null,0.6818181818181818,True
0,[6618-7117],6654,0,men,Featherweight,A: top-240 WITHOUT is_southpaw~null,0.5275590551181102,True
0,[6618-7117],6655,1,women,Women's Flyweight,A: top-240 WITHOUT is_southpaw~null,0.5275590551181102,False
0,[6618-7117],6656,1,men,Welterweight,A: top-240 WITHOUT is_southpaw~null,0.6382978723404256,True
0,[6618-7117],6657,1,men,Lightweight,A: top-240 WITHOUT is_southpaw~null,0.825,True
0,[6618-7117],6658,1,men,Featherweight,A: top-240 WITHOUT is_southpaw~null,0.6015625,True
0,[6618-7117],6659,0,men,Heavyweight,A: top-240 WITHOUT is_southpaw~null,0.55,True
0,[6618-7117],6660,0,men,Lightweight,A: top-240 WITHOUT is_southpaw~null,0.375,True
0,[6618-7117],6661,1,men,Flyweight,A: top-240 WITHOUT is_southpaw~null,0.6153846153846154,True
0,[6618-7117],6662,0,women,Women's Flyweight,A: top-240 WITHOUT is_southpaw~null,0.4,False
0,[6618-7117],6663,1,men,Middleweight,A: top-240 WITHOUT is_southpaw~null,0.6382978723404256,True
0,[6618-7117],6664,1,men,Bantamweight,A: top-240 WITHOUT is_southpaw~null,0.6015625,True
0,[6618-7117],6665,1,women,Women's Bantamweight,A: top-240 WITHOUT is_southpaw~null,0.3861419849106675,False
0,[6618-7117],6666,1,men,Featherweight,A: top-240 WITHOUT is_southpaw~null,0.5275590551181102,True
0,[6618-7117],6667,1,men,Welterweight,A: top-240 WITHOUT is_southpaw~null,0.6015625,True
0,[6618-7117],6668,0,men,Flyweight,A: top-240 WITHOUT is_southpaw~null,0.6382978723404256,True
0,[6618-7117],6669,0,men,Welterweight,A: top-240 WITHOUT is_southpaw~null,0.4718725508070239,True
0,[6618-7117],6670,0,women,Women's Flyweight,A: top-240 WITHOUT is_southpaw~null,0.375,False
0,[6618-7117],6671,1,men,Heavyweight,A: top-240 WITHOUT is_southpaw~null,0.825,True
0,[6618-7117],6672,1,men,Lightweight,A: top-240 WITHOUT is_southpaw~null,0.6382978723404256,True
0,[6618-7117],6673,1,men,Bantamweight,A: top-240 WITHOUT is_southpaw~null,0.6015625,True
0,[6618-7117],6674,1,women,Women's Strawweight,A: top-240 WITHOUT is_southpaw~null,0.55,False
0,[6618-7117],6675,1,men,Heavyweight,A: top-240 WITHOUT is_southpaw~null,0.5275590551181102,True
0,[6618-7117],6676,0,men,Welterweight,A: top-240 WITHOUT is_southpaw~null,0.55,True
0,[6618-7117],6677,0,women,Women's Bantamweight,A: top-240 WITHOUT is_southpaw~null,0.55,False
0,[6618-7117],6678,1,men,Middleweight,A: top-240 WITHOUT is_southpaw~null,0.6015625,True
0,[6618-7117],6679,1,men,Welterweight,A: top-240 WITHOUT is_southpaw~null,0.6015625,True
0,[6618-7117],6680,1,women,Women's Strawweight,A: top-240 WITHOUT is_southpaw~null,0.6015625,False
0,[6618-7117],6681,0,men,Welterweight,A: top-240 WITHOUT is_southpaw~null,0.3448275862068966,True
0,[6618-7117],6682,1,men,Bantamweight,A: top-240 WITHOUT is_southpaw~null,0.5275590551181102,True
0,[6618-7117],6683,1,men,Featherweight,A: top-240 WITHOUT is_southpaw~null,0.825,True
0,[6618-7117],6684,0,men,Lightweight,A: top-240 WITHOUT is_southpaw~null,0.375,True
0,[6618-7117],6685,1,men,Bantamweight,A: top-240 WITHOUT is_southpaw~null,0.6015625,True
0,[6618-7117],6686,0,women,Women's Strawweight,A: top-240 WITHOUT is_southpaw~null,0.6153846153846154,False
0,[6618-7117],6687,1,men,Lightweight,A: top-240 WITHOUT is_southpaw~null,0.6382978723404256,True
0,[6618-7117],6688,0,men,Heavyweight,A: top-240 WITHOUT is_southpaw~null,0.5275590551181102,True
0,[6618-7117],6689,1,men,Lightweight,A: top-240 WITHOUT is_southpaw~null,0.6015625,True
0,[6618-7117],6690,1,men,Lightweight,A: top-240 WITHOUT is_southpaw~null,0.6153846153846154,True
0,[6618-7117],6691,0,women,Women's Bantamweight,A: top-240 WITHOUT is_southpaw~null,0.3448275862068966,False
0,[6618-7117],6692,1,men,Welterweight,A: top-240 WITHOUT is_southpaw~null,0.5275590551181102,True
0,[6618-7117],6693,1,men,Featherweight,A: top-240 WITHOUT is_southpaw~null,0.825,True
0,[6618-7117],6694,1,women,Women's Bantamweight,A: top-240 WITHOUT is_southpaw~null,0.5275590551181102,False
0,[6618-7117],6695,0,men,Welterweight,A: top-240 WITHOUT is_southpaw~null,0.6153846153846154,True
0,[6618-7117],6696,1,men,Middleweight,A: top-240 WITHOUT is_southpaw~null,0.6015625,True
0,[6618-7117],6697,0,men,Welterweight,A: top-240 WITHOUT is_southpaw~null,0.6382978723404256,True
0,[6618-7117],6698,1,men,Heavyweight,A: top-240 WITHOUT is_southpaw~null,0.6153846153846154,True
0,[6618-7117],6699,0,men,Light Heavyweight,A: top-240 WITHOUT is_southpaw~null,0.55,True
0,[6618-7117],6700,1,men,Welterweight,A: top-240 WITHOUT is_southpaw~null,0.55,True
0,[6618-7117],6701,1,men,Bantamweight,A: top-240 WITHOUT is_southpaw~null,0.55,True
0,[6618-7117],6702,1,men,Light Heavyweight,A: top-240 WITHOUT is_southpaw~null,0.825,True
0,[6618-7117],6703,0,men,Welterweight,A: top-240 WITHOUT is_southpaw~null,0.4117647058823529,True
0,[6618-7117],6704,0,men,Welterweight,A: top-240 WITHOUT is_southpaw~null,0.6382978723404256,True
0,[6618-7117],6705,0,men,Featherweight,A: top-240 WITHOUT is_southpaw~null,0.5275590551181102,True
0,[6618-7117],6706,1,women,Women's Flyweight,A: top-240 WITHOUT is_southpaw~null,0.6153846153846154,False
0,[6618-7117],6707,0,men,Lightweight,A: top-240 WITHOUT is_southpaw~null,0.375,True
0,[6618-7117],6708,0,women,Women's Strawweight,A: top-240 WITHOUT is_southpaw~null,0.6015625,False
0,[6618-7117],6709,0,men,Catch Weight,A: top-240 WITHOUT is_southpaw~null,0.6015625,True
0,[6618-7117],6710,0,women,Women's Flyweight,A: top-240 WITHOUT is_southpaw~null,0.6015625,False
0,[6618-7117],6711,1,men,Lightweight,A: top-240 WITHOUT is_southpaw~null,0.6015625,True
0,[6618-7117],6712,1,men,Welterweight,A: top-240 WITHOUT is_southpaw~null,0.5275590551181102,True
0,[6618-7117],6713,0,men,Flyweight,A: top-240 WITHOUT is_southpaw~null,0.6015625,True
0,[6618-7117],6714,1,men,Middleweight,A: top-240 WITHOUT is_southpaw~null,0.6382978723404256,True
0,[6618-7117],6715,1,men,Heavyweight,A: top-240 WITHOUT is_southpaw~null,0.825,True
0,[6618-7117],6716,0,men,Lightweight,A: top-240 WITHOUT is_southpaw~null,0.375,True
0,[6618-7117],6717,0,men,Featherweight,A: top-240 WITHOUT is_southpaw~null,0.5275590551181102,True
0,[6618-7117],6718,1,men,Heavyweight,A: top-240 WITHOUT is_southpaw~null,0.5275590551181102,True
0,[6618-7117],6719,0,men,Bantamweight,A: top-240 WITHOUT is_southpaw~null,0.5275590551181102,True
0,[6618-7117],6720,1,men,Featherweight,A: top-240 WITHOUT is_southpaw~null,0.5275590551181102,True
0,[6618-7117],6721,1,men,Heavyweight,A: top-240 WITHOUT is_southpaw~null,0.6302104264919672,True
0,[6618-7117],6722,1,men,Bantamweight,A: top-240 WITHOUT is_southpaw~null,0.5275590551181102,True
0,[6618-7117],6723,0,women,Women's Strawweight,A: top-240 WITHOUT is_southpaw~null,0.3448275862068966,False
0,[6618-7117],6724,0,men,Flyweight,A: top-240 WITHOUT is_southpaw~null,0.6382978723404256,True
0,[6618-7117],6725,1,women,Women's Flyweight,A: top-240 WITHOUT is_southpaw~null,0.6015625,False
0,[6618-7117],6726,1,men,Welterweight,A: top-240 WITHOUT is_southpaw~null,0.6382978723404256,True
0,[6618-7117],6727,1,men,Flyweight,A: top-240 WITHOUT is_southpaw~null,0.6153846153846154,True
0,[6618-7117],6728,1,women,Women's Featherweight,A: top-240 WITHOUT is_southpaw~null,0.55,False
0,[6618-7117],6729,1,men,Welterweight,A: top-240 WITHOUT is_southpaw~null,0.55,True
0,[6618-7117],6730,1,men,Welterweight,A: top-240 WITHOUT is_southpaw~null,0.5275590551181102,True
0,[6618-7117],6731,0,men,Light Heavyweight,A: top-240 WITHOUT is_southpaw~null,0.5275590551181102,True
0,[6618-7117],6732,1,men,Lightweight,A: top-240 WITHOUT is_southpaw~null,0.6015625,True
0,[6618-7117],6733,0,women,Women's Strawweight,A: top-240 WITHOUT is_southpaw~null,0.825,False
0,[6618-7117],6734,1,men,Lightweight,A: top-240 WITHOUT is_southpaw~null,0.5275590551181102,True
0,[6618-7117],6735,1,men,Flyweight,A: top-240 WITHOUT is_southpaw~null,0.6382978723404256,True
0,[6618-7117],6736,1,women,Women's Strawweight,A: top-240 WITHOUT is_southpaw~null,0.6153846153846154,False
0,[6618-7117],6737,1,men,Lightweight,A: top-240 WITHOUT is_southpaw~null,0.6015625,True
0,[6618-7117],6738,1,women,Women's Flyweight,A: top-240 WITHOUT is_southpaw~null,0.4,False
0,[6618-7117],6739,0,men,Flyweight,A: top-240 WITHOUT is_southpaw~null,0.6382978723404256,True
0,[6618-7117],6740,0,men,Middleweight,A: top-240 WITHOUT is_southpaw~null,0.6015625,True
0,[6618-7117],6741,1,women,Women's Flyweight,A: top-240 WITHOUT is_southpaw~null,0.375,False
0,[6618-7117],6742,1,men,Bantamweight,A: top-240 WITHOUT is_southpaw~null,0.5275590551181102,True
0,[6618-7117],6743,1,men,Light Heavyweight,A: top-240 WITHOUT is_southpaw~null,0.4,True
0,[6618-7117],6744,1,men,Light Heavyweight,A: top-240 WITHOUT is_southpaw~null,0.4117647058823529,True
0,[6618-7117],6745,0,men,Lightweight,A: top-240 WITHOUT is_southpaw~null,0.3448275862068966,True
0,[6618-7117],6746,0,women,Women's Strawweight,A: top-240 WITHOUT is_southpaw~null,0.6015625,False
0,[6618-7117],6747,1,men,Featherweight,A: top-240 WITHOUT is_southpaw~null,0.6382978723404256,True
0,[6618-7117],6748,1,men,Bantamweight,A: top-240 WITHOUT is_southpaw~null,0.6382978723404256,True
0,[6618-7117],6749,0,men,Lightweight,A: top-240 WITHOUT is_southpaw~null,0.5275590551181102,True
0,[6618-7117],6750,1,men,Heavyweight,A: top-240 WITHOUT is_southpaw~null,0.825,True
0,[6618-7117],6751,1,men,Middleweight,A: top-240 WITHOUT is_southpaw~null,0.825,True
0,[6618-7117],6752,0,women,Women's Strawweight,A: top-240 WITHOUT is_southpaw~null,0.6015625,False
0,[6618-7117],6753,1,men,Middleweight,A: top-240 WITHOUT is_southpaw~null,0.6015625,True
0,[6618-7117],6754,0,men,Welterweight,A: top-240 WITHOUT is_southpaw~null,0.3448275862068966,True
0,[6618-7117],6755,0,women,Women's Bantamweight,A: top-240 WITHOUT is_southpaw~null,0.6015625,False
0,[6618-7117],6756,0,men,Middleweight,A: top-240 WITHOUT is_southpaw~null,0.4117647058823529,True
0,[6618-7117],6757,1,men,Featherweight,A: top-240 WITHOUT is_southpaw~null,0.5275590551181102,True
0,[6618-7117],6758,1,men,Welterweight,A: top-240 WITHOUT is_southpaw~null,0.6382978723404256,True
0,[6618-7117],6759,1,men,Flyweight,A: top-240 WITHOUT is_southpaw~null,0.6382978723404256,True
0,[6618-7117],6760,0,men,Bantamweight,A: top-240 WITHOUT is_southpaw~null,0.6015625,True
0,[6618-7117],6761,1,women,Women's Flyweight,A: top-240 WITHOUT is_southpaw~null,0.825,False
0,[6618-7117],6762,1,men,Lightweight,A: top-240 WITHOUT is_southpaw~null,0.6382978723404256,True
0,[6618-7117],6763,0,men,Lightweight,A: top-240 WITHOUT is_southpaw~null,0.375,True
0,[6618-7117],6764,1,men,Light Heavyweight,A: top-240 WITHOUT is_southpaw~null,0.6015625,True
0,[6618-7117],6765,1,men,Flyweight,A: top-240 WITHOUT is_southpaw~null,0.55,True
0,[6618-7117],6766,1,women,Women's Flyweight,A: top-240 WITHOUT is_southpaw~null,0.6015625,False
0,[6618-7117],6767,0,men,Featherweight,A: top-240 WITHOUT is_southpaw~null,0.6015625,True
0,[6618-7117],6768,0,men,Featherweight,A: top-240 WITHOUT is_southpaw~null,0.4117647058823529,True
0,[6618-7117],6769,1,men,Heavyweight,A: top-240 WITHOUT is_southpaw~null,0.6153846153846154,True
0,[6618-7117],6770,0,women,Women's Strawweight,A: top-240 WITHOUT is_southpaw~null,0.6015625,False
0,[6618-7117],6771,0,men,Flyweight,A: top-240 WITHOUT is_southpaw~null,0.5275590551181102,True
0,[6618-7117],6772,1,men,Lightweight,A: top-240 WITHOUT is_southpaw~null,0.6153846153846154,True
0,[6618-7117],6773,1,men,Flyweight,A: top-240 WITHOUT is_southpaw~null,0.6153846153846154,True
0,[6618-7117],6774,0,men,Featherweight,A: top-240 WITHOUT is_southpaw~null,0.55,True
0,[6618-7117],6775,0,men,Bantamweight,A: top-240 WITHOUT is_southpaw~null,0.5275590551181102,True
0,[6618-7117],6776,1,men,Flyweight,A: top-240 WITHOUT is_southpaw~null,0.6015625,True
0,[6618-7117],6777,0,men,Lightweight,A: top-240 WITHOUT is_southpaw~null,0.6382978723404256,True
0,[6618-7117],6778,1,men,Featherweight,A: top-240 WITHOUT is_southpaw~null,0.6015625,True
0,[6618-7117],6779,1,men,Light Heavyweight,A: top-240 WITHOUT is_southpaw~null,0.6153846153846154,True
0,[6618-7117],6780,1,men,Featherweight,A: top-240 WITHOUT is_southpaw~null,0.55,True
0,[6618-7117],6781,0,men,Welterweight,A: top-240 WITHOUT is_southpaw~null,0.6015625,True
0,[6618-7117],6782,1,men,Flyweight,A: top-240 WITHOUT is_southpaw~null,0.6015625,True
0,[6618-7117],6783,0,men,Lightweight,A: top-240 WITHOUT is_southpaw~null,0.6015625,True
0,[6618-7117],6784,1,men,Bantamweight,A: top-240 WITHOUT is_southpaw~null,0.6153846153846154,True
0,[6618-7117],6785,0,women,Women's Strawweight,A: top-240 WITHOUT is_southpaw~null,0.5275590551181102,False
0,[6618-7117],6786,1,men,Bantamweight,A: top-240 WITHOUT is_southpaw~null,0.6015625,True
0,[6618-7117],6787,0,men,Flyweight,A: top-240 WITHOUT is_southpaw~null,0.6015625,True
0,[6618-7117],6788,1,men,Featherweight,A: top-240 WITHOUT is_southpaw~null,0.5275590551181102,True
0,[6618-7117],6789,0,women,Women's Featherweight,A: top-240 WITHOUT is_southpaw~null,0.5275590551181102,False
0,[6618-7117],6790,0,women,Women's Strawweight,A: top-240 WITHOUT is_southpaw~null,0.825,False
0,[6618-7117],6791,1,men,Bantamweight,A: top-240 WITHOUT is_southpaw~null,0.5275590551181102,True
0,[6618-7117],6792,1,men,Middleweight,A: top-240 WITHOUT is_southpaw~null,0.6015625,True
0,[6618-7117],6793,0,men,Featherweight,A: top-240 WITHOUT is_southpaw~null,0.5275590551181102,True
0,[6618-7117],6794,1,men,Lightweight,A: top-240 WITHOUT is_southpaw~null,0.6382978723404256,True
0,[6618-7117],6795,0,men,Welterweight,A: top-240 WITHOUT is_southpaw~null,0.4,True
0,[6618-7117],6796,1,women,Women's Strawweight,A: top-240 WITHOUT is_southpaw~null,0.375,False
0,[6618-7117],6797,1,women,Women's Flyweight,A: top-240 WITHOUT is_southpaw~null,0.6382978723404256,False
0,[6618-7117],6798,0,men,Light Heavyweight,A: top-240 WITHOUT is_southpaw~null,0.6015625,True
0,[6618-7117],6799,1,men,Welterweight,A: top-240 WITHOUT is_southpaw~null,0.6015625,True
0,[6618-7117],6800,1,men,Featherweight,A: top-240 WITHOUT is_southpaw~null,0.6382978723404256,True
0,[6618-7117],6801,1,men,Middleweight,A: top-240 WITHOUT is_southpaw~null,0.5275590551181102,True
0,[6618-7117],6802,0,men,Bantamweight,A: top-240 WITHOUT is_southpaw~null,0.375,True
0,[6618-7117],6803,1,men,Middleweight,A: top-240 WITHOUT is_southpaw~null,0.55,True
0,[6618-7117],6804,1,women,Women's Strawweight,A: top-240 WITHOUT is_southpaw~null,0.5275590551181102,False
0,[6618-7117],6805,0,men,Welterweight,A: top-240 WITHOUT is_southpaw~null,0.375,True
0,[6618-7117],6806,1,men,Middleweight,A: top-240 WITHOUT is_southpaw~null,0.6015625,True
0,[6618-7117],6807,1,men,Bantamweight,A: top-240 WITHOUT is_southpaw~null,0.6818181818181818,True
0,[6618-7117],6808,0,men,Middleweight,A: top-240 WITHOUT is_southpaw~null,0.6015625,True
0,[6618-7117],6809,1,men,Lightweight,A: top-240 WITHOUT is_southpaw~null,0.6015625,True
0,[6618-7117],6810,0,men,Welterweight,A: top-240 WITHOUT is_southpaw~null,0.4117647058823529,True
0,[6618-7117],6811,0,men,Featherweight,A: top-240 WITHOUT is_southpaw~null,0.5275590551181102,True
0,[6618-7117],6812,0,women,Women's Flyweight,A: top-240 WITHOUT is_southpaw~null,0.5275590551181102,False
0,[6618-7117],6813,1,women,Women's Strawweight,A: top-240 WITHOUT is_southpaw~null,0.5275590551181102,False
0,[6618-7117],6814,0,men,Flyweight,A: top-240 WITHOUT is_southpaw~null,0.5275590551181102,True
0,[6618-7117],6815,0,men,Bantamweight,A: top-240 WITHOUT is_southpaw~null,0.6015625,True
0,[6618-7117],6816,1,men,Featherweight,A: top-240 WITHOUT is_southpaw~null,0.6015625,True
0,[6618-7117],6817,1,men,Light Heavyweight,A: top-240 WITHOUT is_southpaw~null,0.5275590551181102,True
0,[6618-7117],6818,0,men,Bantamweight,A: top-240 WITHOUT is_southpaw~null,0.375,True
0,[6618-7117],6819,0,men,Bantamweight,A: top-240 WITHOUT is_southpaw~null,1e-06,True
0,[6618-7117],6820,1,men,Lightweight,A: top-240 WITHOUT is_southpaw~null,0.6015625,True
0,[6618-7117],6821,1,men,Heavyweight,A: top-240 WITHOUT is_southpaw~null,0.6015625,True
0,[6618-7117],6822,0,men,Welterweight,A: top-240 WITHOUT is_southpaw~null,0.4117647058823529,True
0,[6618-7117],6823,0,men,Lightweight,A: top-240 WITHOUT is_southpaw~null,0.6015625,True
0,[6618-7117],6824,1,men,Middleweight,A: top-240 WITHOUT is_southpaw~null,0.6015625,True
0,[6618-7117],6825,0,women,Women's Bantamweight,A: top-240 WITHOUT is_southpaw~null,0.6382978723404256,False
0,[6618-7117],6826,0,women,Women's Flyweight,A: top-240 WITHOUT is_southpaw~null,0.4,False
0,[6618-7117],6827,0,men,Middleweight,A: top-240 WITHOUT is_southpaw~null,0.4,True
0,[6618-7117],6828,0,men,Middleweight,A: top-240 WITHOUT is_southpaw~null,0.3448275862068966,True
0,[6618-7117],6829,1,men,Welterweight,A: top-240 WITHOUT is_southpaw~null,0.6382978723404256,True
0,[6618-7117],6830,0,men,Lightweight,A: top-240 WITHOUT is_southpaw~null,0.4,True
0,[6618-7117],6831,0,men,Welterweight,A: top-240 WITHOUT is_southpaw~null,0.5275590551181102,True
0,[6618-7117],6832,0,men,Middleweight,A: top-240 WITHOUT is_southpaw~null,0.6153846153846154,True
0,[6618-7117],6833,1,men,Featherweight,A: top-240 WITHOUT is_southpaw~null,0.6382978723404256,True
0,[6618-7117],6834,1,men,Middleweight,A: top-240 WITHOUT is_southpaw~null,0.825,True
0,[6618-7117],6835,1,men,Welterweight,A: top-240 WITHOUT is_southpaw~null,0.55,True
0,[6618-7117],6836,1,women,Women's Flyweight,A: top-240 WITHOUT is_southpaw~null,0.6015625,False
0,[6618-7117],6837,1,men,Light Heavyweight,A: top-240 WITHOUT is_southpaw~null,0.6015625,True
0,[6618-7117],6838,0,men,Bantamweight,A: top-240 WITHOUT is_southpaw~null,0.6015625,True
0,[6618-7117],6839,1,men,Featherweight,A: top-240 WITHOUT is_southpaw~null,0.5275590551181102,True
0,[6618-7117],6840,1,men,Middleweight,A: top-240 WITHOUT is_southpaw~null,0.6015625,True
0,[6618-7117],6841,1,men,Middleweight,A: top-240 WITHOUT is_southpaw~null,0.6382978723404256,True
0,[6618-7117],6842,1,men,Bantamweight,A: top-240 WITHOUT is_southpaw~null,0.3751350518627301,True
0,[6618-7117],6843,0,men,Heavyweight,A: top-240 WITHOUT is_southpaw~null,0.825,True
0,[6618-7117],6844,0,men,Bantamweight,A: top-240 WITHOUT is_southpaw~null,0.3448275862068966,True
0,[6618-7117],6845,0,men,Lightweight,A: top-240 WITHOUT is_southpaw~null,0.55,True
0,[6618-7117],6846,0,men,Lightweight,A: top-240 WITHOUT is_southpaw~null,0.3448275862068966,True
0,[6618-7117],6847,0,women,Women's Strawweight,A: top-240 WITHOUT is_southpaw~null,0.375,False
0,[6618-7117],6848,0,men,Middleweight,A: top-240 WITHOUT is_southpaw~null,0.5275590551181102,True
0,[6618-7117],6849,1,men,Light Heavyweight,A: top-240 WITHOUT is_southpaw~null,0.5275590551181102,True
0,[6618-7117],6850,1,men,Featherweight,A: top-240 WITHOUT is_southpaw~null,0.6015625,True
0,[6618-7117],6851,1,men,Bantamweight,A: top-240 WITHOUT is_southpaw~null,0.5275590551181102,True
0,[6618-7117],6852,1,men,Middleweight,A: top-240 WITHOUT is_southpaw~null,0.825,True
0,[6618-7117],6853,1,men,Featherweight,A: top-240 WITHOUT is_southpaw~null,0.5275590551181102,True
0,[6618-7117],6854,1,men,Flyweight,A: top-240 WITHOUT is_southpaw~null,0.3448275862068966,True
0,[6618-7117],6855,1,men,Welterweight,A: top-240 WITHOUT is_southpaw~null,0.39066426932490006,True
0,[6618-7117],6856,0,women,Women's Strawweight,A: top-240 WITHOUT is_southpaw~null,0.4117647058823529,False
0,[6618-7117],6857,0,men,Featherweight,A: top-240 WITHOUT is_southpaw~null,0.5275590551181102,True
0,[6618-7117],6858,1,women,Women's Flyweight,A: top-240 WITHOUT is_southpaw~null,0.375,False
0,[6618-7117],6859,1,men,Featherweight,A: top-240 WITHOUT is_southpaw~null,0.825,True
0,[6618-7117],6860,0,men,Welterweight,A: top-240 WITHOUT is_southpaw~null,0.6015625,True
0,[6618-7117],6861,0,women,Women's Flyweight,A: top-240 WITHOUT is_southpaw~null,0.6015625,False
0,[6618-7117],6862,1,men,Lightweight,A: top-240 WITHOUT is_southpaw~null,0.5275590551181102,True
0,[6618-7117],6863,1,men,Flyweight,A: top-240 WITHOUT is_southpaw~null,0.825,True
0,[6618-7117],6864,0,men,Featherweight,A: top-240 WITHOUT is_southpaw~null,0.5275590551181102,True
0,[6618-7117],6865,1,men,Lightweight,A: top-240 WITHOUT is_southpaw~null,0.6818181818181818,True
0,[6618-7117],6866,1,men,Light Heavyweight,A: top-240 WITHOUT is_southpaw~null,0.6382978723404256,True
0,[6618-7117],6867,0,men,Light Heavyweight,A: top-240 WITHOUT is_southpaw~null,0.5275590551181102,True
0,[6618-7117],6868,1,women,Women's Flyweight,A: top-240 WITHOUT is_southpaw~null,0.6015625,False
0,[6618-7117],6869,1,men,Lightweight,A: top-240 WITHOUT is_southpaw~null,0.5275590551181102,True
0,[6618-7117],6870,1,men,Middleweight,A: top-240 WITHOUT is_southpaw~null,0.6015625,True
0,[6618-7117],6871,1,men,Heavyweight,A: top-240 WITHOUT is_southpaw~null,0.6015625,True
0,[6618-7117],6872,0,men,Lightweight,A: top-240 WITHOUT is_southpaw~null,0.4117647058823529,True
0,[6618-7117],6873,0,men,Middleweight,A: top-240 WITHOUT is_southpaw~null,0.6015625,True
0,[6618-7117],6874,1,men,Light Heavyweight,A: top-240 WITHOUT is_southpaw~null,0.6015625,True
0,[6618-7117],6875,1,men,Featherweight,A: top-240 WITHOUT is_southpaw~null,0.5275590551181102,True
0,[6618-7117],6876,1,men,Flyweight,A: top-240 WITHOUT is_southpaw~null,0.55,True
0,[6618-7117],6877,1,men,Lightweight,A: top-240 WITHOUT is_southpaw~null,0.4,True
0,[6618-7117],6878,1,men,Welterweight,A: top-240 WITHOUT is_southpaw~null,0.6015625,True
0,[6618-7117],6879,1,men,Light Heavyweight,A: top-240 WITHOUT is_southpaw~null,0.6015625,True
0,[6618-7117],6880,1,women,Women's Bantamweight,A: top-240 WITHOUT is_southpaw~null,0.6382978723404256,False
0,[6618-7117],6881,1,men,Welterweight,A: top-240 WITHOUT is_southpaw~null,0.825,True
0,[6618-7117],6882,1,men,Lightweight,A: top-240 WITHOUT is_southpaw~null,0.4117647058823529,True
0,[6618-7117],6883,1,men,Flyweight,A: top-240 WITHOUT is_southpaw~null,0.6382978723404256,True
0,[6618-7117],6884,1,men,Light Heavyweight,A: top-240 WITHOUT is_southpaw~null,0.6818181818181818,True
0,[6618-7117],6885,1,men,Flyweight,A: top-240 WITHOUT is_southpaw~null,0.5275590551181102,True
0,[6618-7117],6886,0,men,Heavyweight,A: top-240 WITHOUT is_southpaw~null,0.5275590551181102,True
0,[6618-7117],6887,0,women,Women's Bantamweight,A: top-240 WITHOUT is_southpaw~null,0.6015625,False
0,[6618-7117],6888,1,men,Welterweight,A: top-240 WITHOUT is_southpaw~null,0.4117647058823529,True
0,[6618-7117],6889,0,men,Lightweight,A: top-240 WITHOUT is_southpaw~null,0.6153846153846154,True
0,[6618-7117],6890,1,men,Flyweight,A: top-240 WITHOUT is_southpaw~null,0.6153846153846154,True
0,[6618-7117],6891,1,men,Featherweight,A: top-240 WITHOUT is_southpaw~null,0.6015625,True
0,[6618-7117],6892,1,men,Heavyweight,A: top-240 WITHOUT is_southpaw~null,0.6382978723404256,True
0,[6618-7117],6893,0,men,Welterweight,A: top-240 WITHOUT is_southpaw~null,0.6015625,True
0,[6618-7117],6894,1,women,Women's Bantamweight,A: top-240 WITHOUT is_southpaw~null,0.5275590551181102,False
0,[6618-7117],6895,1,women,Women's Strawweight,A: top-240 WITHOUT is_southpaw~null,0.6015625,False
0,[6618-7117],6896,1,men,Welterweight,A: top-240 WITHOUT is_southpaw~null,0.6382978723404256,True
0,[6618-7117],6897,0,men,Middleweight,A: top-240 WITHOUT is_southpaw~null,0.3448275862068966,True
0,[6618-7117],6898,1,men,Lightweight,A: top-240 WITHOUT is_southpaw~null,0.6382978723404256,True
0,[6618-7117],6899,0,women,Women's Flyweight,A: top-240 WITHOUT is_southpaw~null,0.5275590551181102,False
0,[6618-7117],6900,1,men,Heavyweight,A: top-240 WITHOUT is_southpaw~null,0.6818181818181818,True
0,[6618-7117],6901,0,men,Welterweight,A: top-240 WITHOUT is_southpaw~null,0.5275590551181102,True
0,[6618-7117],6902,0,men,Light Heavyweight,A: top-240 WITHOUT is_southpaw~null,0.5275590551181102,True
0,[6618-7117],6903,0,men,Heavyweight,A: top-240 WITHOUT is_southpaw~null,0.6015625,True
0,[6618-7117],6904,1,men,Middleweight,A: top-240 WITHOUT is_southpaw~null,0.5275590551181102,True
0,[6618-7117],6905,0,men,Heavyweight,A: top-240 WITHOUT is_southpaw~null,0.5275590551181102,True
0,[6618-7117],6906,1,men,Featherweight,A: top-240 WITHOUT is_southpaw~null,0.55,True
0,[6618-7117],6907,0,men,Flyweight,A: top-240 WITHOUT is_southpaw~null,0.6015625,True
0,[6618-7117],6908,0,women,Women's Strawweight,A: top-240 WITHOUT is_southpaw~null,0.6015625,False
0,[6618-7117],6909,0,women,Women's Flyweight,A: top-240 WITHOUT is_southpaw~null,0.6015625,False
0,[6618-7117],6910,0,men,Catch Weight,A: top-240 WITHOUT is_southpaw~null,0.6015625,True
0,[6618-7117],6911,0,men,Flyweight,A: top-240 WITHOUT is_southpaw~null,0.6015625,True
0,[6618-7117],6912,1,men,Lightweight,A: top-240 WITHOUT is_southpaw~null,0.6015625,True
0,[6618-7117],6913,1,men,Heavyweight,A: top-240 WITHOUT is_southpaw~null,0.6015625,True
0,[6618-7117],6914,1,men,Catch Weight,A: top-240 WITHOUT is_southpaw~null,0.3448275862068966,True
0,[6618-7117],6915,0,men,Middleweight,A: top-240 WITHOUT is_southpaw~null,0.5275590551181102,True
0,[6618-7117],6916,1,women,Women's Bantamweight,A: top-240 WITHOUT is_southpaw~null,0.3448275862068966,False
0,[6618-7117],6917,0,men,Light Heavyweight,A: top-240 WITHOUT is_southpaw~null,0.55,True
0,[6618-7117],6918,1,women,Women's Strawweight,A: top-240 WITHOUT is_southpaw~null,0.55,False
0,[6618-7117],6919,1,men,Featherweight,A: top-240 WITHOUT is_southpaw~null,0.4117647058823529,True
0,[6618-7117],6920,1,men,Bantamweight,A: top-240 WITHOUT is_southpaw~null,0.4117647058823529,True
0,[6618-7117],6921,0,men,Lightweight,A: top-240 WITHOUT is_southpaw~null,0.6015625,True
0,[6618-7117],6922,0,men,Middleweight,A: top-240 WITHOUT is_southpaw~null,0.5275590551181102,True
0,[6618-7117],6923,0,men,Bantamweight,A: top-240 WITHOUT is_southpaw~null,0.55,True
0,[6618-7117],6924,1,women,Women's Bantamweight,A: top-240 WITHOUT is_southpaw~null,0.5275590551181102,False
0,[6618-7117],6925,1,men,Lightweight,A: top-240 WITHOUT is_southpaw~null,0.5275590551181102,True
0,[6618-7117],6926,0,men,Flyweight,A: top-240 WITHOUT is_southpaw~null,0.5275590551181102,True
0,[6618-7117],6927,1,men,Bantamweight,A: top-240 WITHOUT is_southpaw~null,0.55,True
0,[6618-7117],6928,0,men,Welterweight,A: top-240 WITHOUT is_southpaw~null,0.6382978723404256,True
0,[6618-7117],6929,0,men,Lightweight,A: top-240 WITHOUT is_southpaw~null,0.5275590551181102,True
0,[6618-7117],6930,1,men,Flyweight,A: top-240 WITHOUT is_southpaw~null,0.825,True
0,[6618-7117],6931,1,men,Light Heavyweight,A: top-240 WITHOUT is_southpaw~null,0.825,True
0,[6618-7117],6932,0,women,Women's Bantamweight,A: top-240 WITHOUT is_southpaw~null,0.55,False
0,[6618-7117],6933,1,men,Heavyweight,A: top-240 WITHOUT is_southpaw~null,0.375,True
0,[6618-7117],6934,0,men,Bantamweight,A: top-240 WITHOUT is_southpaw~null,0.08239327327331872,True
0,[6618-7117],6935,1,men,Middleweight,A: top-240 WITHOUT is_southpaw~null,0.6015625,True
0,[6618-7117],6936,0,men,Welterweight,A: top-240 WITHOUT is_southpaw~null,0.825,True
0,[6618-7117],6937,0,men,Bantamweight,A: top-240 WITHOUT is_southpaw~null,0.5275590551181102,True
0,[6618-7117],6938,0,men,Flyweight,A: top-240 WITHOUT is_southpaw~null,0.5275590551181102,True
0,[6618-7117],6939,0,women,Women's Strawweight,A: top-240 WITHOUT is_southpaw~null,0.5275590551181102,False
0,[6618-7117],6940,1,men,Heavyweight,A: top-240 WITHOUT is_southpaw~null,0.6153846153846154,True
0,[6618-7117],6941,0,men,Welterweight,A: top-240 WITHOUT is_southpaw~null,0.6015625,True
0,[6618-7117],6942,1,men,Welterweight,A: top-240 WITHOUT is_southpaw~null,0.55,True
0,[6618-7117],6943,1,men,Middleweight,A: top-240 WITHOUT is_southpaw~null,0.5275590551181102,True
0,[6618-7117],6944,0,men,Lightweight,A: top-240 WITHOUT is_southpaw~null,0.6015625,True
0,[6618-7117],6945,0,women,Women's Strawweight,A: top-240 WITHOUT is_southpaw~null,0.6382978723404256,False
0,[6618-7117],6946,1,men,Featherweight,A: top-240 WITHOUT is_southpaw~null,0.5275590551181102,True
0,[6618-7117],6947,0,men,Lightweight,A: top-240 WITHOUT is_southpaw~null,0.5275590551181102,True
0,[6618-7117],6948,1,women,Women's Featherweight,A: top-240 WITHOUT is_southpaw~null,0.6015625,False
0,[6618-7117],6949,0,men,Bantamweight,A: top-240 WITHOUT is_southpaw~null,0.375,True
0,[6618-7117],6950,1,men,Lightweight,A: top-240 WITHOUT is_southpaw~null,0.6015625,True
0,[6618-7117],6951,1,men,Lightweight,A: top-240 WITHOUT is_southpaw~null,0.6153846153846154,True
0,[6618-7117],6952,1,men,Middleweight,A: top-240 WITHOUT is_southpaw~null,0.55,True
0,[6618-7117],6953,0,men,Middleweight,A: top-240 WITHOUT is_southpaw~null,0.5275590551181102,True
0,[6618-7117],6954,1,men,Featherweight,A: top-240 WITHOUT is_southpaw~null,0.5275590551181102,True
0,[6618-7117],6955,1,men,Middleweight,A: top-240 WITHOUT is_southpaw~null,0.6382978723404256,True
0,[6618-7117],6956,1,men,Middleweight,A: top-240 WITHOUT is_southpaw~null,0.375,True
0,[6618-7117],6957,1,men,Heavyweight,A: top-240 WITHOUT is_southpaw~null,0.825,True
0,[6618-7117],6958,0,men,Featherweight,A: top-240 WITHOUT is_southpaw~null,0.6015625,True
0,[6618-7117],6959,1,men,Light Heavyweight,A: top-240 WITHOUT is_southpaw~null,0.6015625,True
0,[6618-7117],6960,1,men,Welterweight,A: top-240 WITHOUT is_southpaw~null,0.6015625,True
0,[6618-7117],6961,0,men,Heavyweight,A: top-240 WITHOUT is_southpaw~null,0.6382978723404256,True
0,[6618-7117],6962,1,men,Lightweight,A: top-240 WITHOUT is_southpaw~null,0.6015625,True
0,[6618-7117],6963,0,women,Women's Flyweight,A: top-240 WITHOUT is_southpaw~null,0.5275590551181102,False
0,[6618-7117],6964,0,men,Welterweight,A: top-240 WITHOUT is_southpaw~null,0.6015625,True
0,[6618-7117],6965,0,women,Women's Strawweight,A: top-240 WITHOUT is_southpaw~null,0.6382978723404256,False
0,[6618-7117],6966,0,men,Bantamweight,A: top-240 WITHOUT is_southpaw~null,0.5275590551181102,True
0,[6618-7117],6967,1,women,Women's Featherweight,A: top-240 WITHOUT is_southpaw~null,0.825,False
0,[6618-7117],6968,0,men,Heavyweight,A: top-240 WITHOUT is_southpaw~null,0.6382978723404256,True
0,[6618-7117],6969,1,men,Middleweight,A: top-240 WITHOUT is_southpaw~null,0.5275590551181102,True
0,[6618-7117],6970,1,men,Catch Weight,A: top-240 WITHOUT is_southpaw~null,0.825,True
0,[6618-7117],6971,1,men,Light Heavyweight,A: top-240 WITHOUT is_southpaw~null,0.5275590551181102,True
0,[6618-7117],6972,1,men,Catch Weight,A: top-240 WITHOUT is_southpaw~null,0.55,True
0,[6618-7117],6973,0,men,Catch Weight,A: top-240 WITHOUT is_southpaw~null,0.5275590551181102,True
0,[6618-7117],6974,1,men,Catch Weight,A: top-240 WITHOUT is_southpaw~null,0.6382978723404256,True
0,[6618-7117],6975,1,men,Welterweight,A: top-240 WITHOUT is_southpaw~null,0.5275590551181102,True
0,[6618-7117],6976,0,men,Featherweight,A: top-240 WITHOUT is_southpaw~null,0.6382978723404256,True
0,[6618-7117],6977,1,men,Bantamweight,A: top-240 WITHOUT is_southpaw~null,0.5275590551181102,True
0,[6618-7117],6978,1,women,Women's Strawweight,A: top-240 WITHOUT is_southpaw~null,0.55,False
0,[6618-7117],6979,0,men,Lightweight,A: top-240 WITHOUT is_southpaw~null,0.6015625,True
0,[6618-7117],6980,1,men,Bantamweight,A: top-240 WITHOUT is_southpaw~null,0.6015625,True
0,[6618-7117],6981,1,men,Middleweight,A: top-240 WITHOUT is_southpaw~null,0.6015625,True
0,[6618-7117],6982,0,women,Women's Strawweight,A: top-240 WITHOUT is_southpaw~null,0.6015625,False
0,[6618-7117],6983,1,men,Lightweight,A: top-240 WITHOUT is_southpaw~null,0.55,True
0,[6618-7117],6984,0,men,Bantamweight,A: top-240 WITHOUT is_southpaw~null,0.5275590551181102,True
0,[6618-7117],6985,0,women,Women's Flyweight,A: top-240 WITHOUT is_southpaw~null,0.55,False
0,[6618-7117],6986,1,men,Lightweight,A: top-240 WITHOUT is_southpaw~null,0.3448275862068966,True
0,[6618-7117],6987,1,men,Welterweight,A: top-240 WITHOUT is_southpaw~null,0.6015625,True
0,[6618-7117],6988,0,men,Middleweight,A: top-240 WITHOUT is_southpaw~null,0.5275590551181102,True
0,[6618-7117],6989,1,men,Middleweight,A: top-240 WITHOUT is_southpaw~null,0.6382978723404256,True
0,[6618-7117],6990,0,men,Heavyweight,A: top-240 WITHOUT is_southpaw~null,0.825,True
0,[6618-7117],6991,1,men,Middleweight,A: top-240 WITHOUT is_southpaw~null,0.825,True
0,[6618-7117],6992,1,men,Featherweight,A: top-240 WITHOUT is_southpaw~null,0.5275590551181102,True
0,[6618-7117],6993,1,men,Featherweight,A: top-240 WITHOUT is_southpaw~null,0.5275590551181102,True
0,[6618-7117],6994,1,men,Bantamweight,A: top-240 WITHOUT is_southpaw~null,0.5275590551181102,True
0,[6618-7117],6995,0,men,Middleweight,A: top-240 WITHOUT is_southpaw~null,0.6015625,True
0,[6618-7117],6996,1,men,Bantamweight,A: top-240 WITHOUT is_southpaw~null,0.6015625,True
0,[6618-7117],6997,0,men,Heavyweight,A: top-240 WITHOUT is_southpaw~null,0.6818181818181818,True
0,[6618-7117],6998,1,men,Lightweight,A: top-240 WITHOUT is_southpaw~null,0.6382978723404256,True
0,[6618-7117],6999,0,men,Flyweight,A: top-240 WITHOUT is_southpaw~null,0.6015625,True
0,[6618-7117],7000,1,men,Flyweight,A: top-240 WITHOUT is_southpaw~null,0.55,True
0,[6618-7117],7001,0,men,Featherweight,A: top-240 WITHOUT is_southpaw~null,0.6015625,True
0,[6618-7117],7002,0,men,Bantamweight,A: top-240 WITHOUT is_southpaw~null,0.5275590551181102,True
0,[6618-7117],7003,1,men,Middleweight,A: top-240 WITHOUT is_southpaw~null,0.6818181818181818,True
0,[6618-7117],7004,1,men,Lightweight,A: top-240 WITHOUT is_southpaw~null,0.6015625,True
0,[6618-7117],7005,1,men,Bantamweight,A: top-240 WITHOUT is_southpaw~null,0.4117647058823529,True
0,[6618-7117],7006,0,men,Catch Weight,A: top-240 WITHOUT is_southpaw~null,0.6015625,True
0,[6618-7117],7007,0,men,Middleweight,A: top-240 WITHOUT is_southpaw~null,0.6015625,True
0,[6618-7117],7008,1,men,Lightweight,A: top-240 WITHOUT is_southpaw~null,0.5275590551181102,True
0,[6618-7117],7009,0,men,Catch Weight,A: top-240 WITHOUT is_southpaw~null,0.6382978723404256,True
0,[6618-7117],7010,1,men,Heavyweight,A: top-240 WITHOUT is_southpaw~null,0.6382978723404256,True
0,[6618-7117],7011,1,men,Featherweight,A: top-240 WITHOUT is_southpaw~null,0.825,True
0,[6618-7117],7012,1,men,Bantamweight,A: top-240 WITHOUT is_southpaw~null,0.6153846153846154,True
0,[6618-7117],7013,1,men,Welterweight,A: top-240 WITHOUT is_southpaw~null,0.6382978723404256,True
0,[6618-7117],7014,0,women,Women's Strawweight,A: top-240 WITHOUT is_southpaw~null,0.55,False
0,[6618-7117],7015,1,men,Lightweight,A: top-240 WITHOUT is_southpaw~null,0.5275590551181102,True
0,[6618-7117],7016,1,men,Featherweight,A: top-240 WITHOUT is_southpaw~null,0.5275590551181102,True
0,[6618-7117],7017,0,men,Welterweight,A: top-240 WITHOUT is_southpaw~null,0.4117647058823529,True
0,[6618-7117],7018,1,men,Flyweight,A: top-240 WITHOUT is_southpaw~null,0.825,True
0,[6618-7117],7019,1,women,Women's Strawweight,A: top-240 WITHOUT is_southpaw~null,0.825,False
0,[6618-7117],7020,0,men,Middleweight,A: top-240 WITHOUT is_southpaw~null,0.6153846153846154,True
0,[6618-7117],7021,0,men,Light Heavyweight,A: top-240 WITHOUT is_southpaw~null,0.5275590551181102,True
0,[6618-7117],7022,1,men,Bantamweight,A: top-240 WITHOUT is_southpaw~null,0.3448275862068966,True
0,[6618-7117],7023,0,men,Middleweight,A: top-240 WITHOUT is_southpaw~null,0.3448275862068966,True
0,[6618-7117],7024,0,men,Bantamweight,A: top-240 WITHOUT is_southpaw~null,0.5275590551181102,True
0,[6618-7117],7025,1,women,Women's Flyweight,A: top-240 WITHOUT is_southpaw~null,0.6382978723404256,False
0,[6618-7117],7026,1,men,Bantamweight,A: top-240 WITHOUT is_southpaw~null,0.6015625,True
0,[6618-7117],7027,1,men,Flyweight,A: top-240 WITHOUT is_southpaw~null,0.825,True
0,[6618-7117],7028,1,women,Women's Bantamweight,A: top-240 WITHOUT is_southpaw~null,0.825,False
0,[6618-7117],7029,1,men,Middleweight,A: top-240 WITHOUT is_southpaw~null,0.6382978723404256,True
0,[6618-7117],7030,0,men,Light Heavyweight,A: top-240 WITHOUT is_southpaw~null,0.5275590551181102,True
0,[6618-7117],7031,0,men,Middleweight,A: top-240 WITHOUT is_southpaw~null,0.5275590551181102,True
0,[6618-7117],7032,1,men,Welterweight,A: top-240 WITHOUT is_southpaw~null,0.6015625,True
0,[6618-7117],7033,0,women,Women's Flyweight,A: top-240 WITHOUT is_southpaw~null,0.3448275862068966,False
0,[6618-7117],7034,1,men,Lightweight,A: top-240 WITHOUT is_southpaw~null,0.375,True
0,[6618-7117],7035,0,men,Bantamweight,A: top-240 WITHOUT is_southpaw~null,0.5275590551181102,True
0,[6618-7117],7036,1,men,Bantamweight,A: top-240 WITHOUT is_southpaw~null,0.6015625,True
0,[6618-7117],7037,0,men,Lightweight,A: top-240 WITHOUT is_southpaw~null,0.3448275862068966,True
0,[6618-7117],7038,1,men,Welterweight,A: top-240 WITHOUT is_southpaw~null,0.4,True
0,[6618-7117],7039,1,men,Welterweight,A: top-240 WITHOUT is_southpaw~null,0.6015625,True
0,[6618-7117],7040,1,men,Featherweight,A: top-240 WITHOUT is_southpaw~null,0.825,True
0,[6618-7117],7041,0,men,Flyweight,A: top-240 WITHOUT is_southpaw~null,0.6818181818181818,True
0,[6618-7117],7042,0,men,Lightweight,A: top-240 WITHOUT is_southpaw~null,0.5275590551181102,True
0,[6618-7117],7043,0,men,Featherweight,A: top-240 WITHOUT is_southpaw~null,0.6015625,True
0,[6618-7117],7044,1,men,Featherweight,A: top-240 WITHOUT is_southpaw~null,0.6153846153846154,True
0,[6618-7117],7045,1,men,Bantamweight,A: top-240 WITHOUT is_southpaw~null,0.6015625,True
0,[6618-7117],7046,0,men,Flyweight,A: top-240 WITHOUT is_southpaw~null,0.5275590551181102,True
0,[6618-7117],7047,1,men,Lightweight,A: top-240 WITHOUT is_southpaw~null,0.5275590551181102,True
0,[6618-7117],7048,0,men,Middleweight,A: top-240 WITHOUT is_southpaw~null,0.6382978723404256,True
0,[6618-7117],7049,0,men,Heavyweight,A: top-240 WITHOUT is_southpaw~null,0.4,True
0,[6618-7117],7050,1,men,Bantamweight,A: top-240 WITHOUT is_southpaw~null,0.6015625,True
0,[6618-7117],7051,0,men,Featherweight,A: top-240 WITHOUT is_southpaw~null,0.6382978723404256,True
0,[6618-7117],7052,0,men,Middleweight,A: top-240 WITHOUT is_southpaw~null,0.55,True
0,[6618-7117],7053,1,men,Flyweight,A: top-240 WITHOUT is_southpaw~null,0.5275590551181102,True
0,[6618-7117],7054,0,men,Middleweight,A: top-240 WITHOUT is_southpaw~null,0.6015625,True
0,[6618-7117],7055,1,men,Heavyweight,A: top-240 WITHOUT is_southpaw~null,0.6382978723404256,True
0,[6618-7117],7056,0,men,Welterweight,A: top-240 WITHOUT is_southpaw~null,0.4117647058823529,True
0,[6618-7117],7057,0,men,Featherweight,A: top-240 WITHOUT is_southpaw~null,0.4,True
0,[6618-7117],7058,0,men,Light Heavyweight,A: top-240 WITHOUT is_southpaw~null,0.6153846153846154,True
0,[6618-7117],7059,1,women,Women's Bantamweight,A: top-240 WITHOUT is_southpaw~null,0.6818181818181818,False
0,[6618-7117],7060,0,men,Flyweight,A: top-240 WITHOUT is_southpaw~null,0.5275590551181102,True
0,[6618-7117],7061,0,men,Bantamweight,A: top-240 WITHOUT is_southpaw~null,0.375,True
0,[6618-7117],7062,1,women,Women's Strawweight,A: top-240 WITHOUT is_southpaw~null,0.6015625,False
0,[6618-7117],7063,1,women,Women's Flyweight,A: top-240 WITHOUT is_southpaw~null,0.825,False
0,[6618-7117],7064,1,men,Bantamweight,A: top-240 WITHOUT is_southpaw~null,0.6015625,True
0,[6618-7117],7065,1,men,Flyweight,A: top-240 WITHOUT is_southpaw~null,0.825,True
0,[6618-7117],7066,0,men,Featherweight,A: top-240 WITHOUT is_southpaw~null,0.5275590551181102,True
0,[6618-7117],7067,1,men,Welterweight,A: top-240 WITHOUT is_southpaw~null,0.5275590551181102,True
0,[6618-7117],7068,0,women,Women's Strawweight,A: top-240 WITHOUT is_southpaw~null,0.6382978723404256,False
0,[6618-7117],7069,1,men,Lightweight,A: top-240 WITHOUT is_southpaw~null,0.6153846153846154,True
0,[6618-7117],7070,1,men,Middleweight,A: top-240 WITHOUT is_southpaw~null,0.6382978723404256,True
0,[6618-7117],7071,0,men,Bantamweight,A: top-240 WITHOUT is_southpaw~null,0.4117647058823529,True
0,[6618-7117],7072,1,men,Light Heavyweight,A: top-240 WITHOUT is_southpaw~null,0.5275590551181102,True
0,[6618-7117],7073,1,men,Featherweight,A: top-240 WITHOUT is_southpaw~null,0.375,True
0,[6618-7117],7074,1,women,Women's Strawweight,A: top-240 WITHOUT is_southpaw~null,0.5275590551181102,False
0,[6618-7117],7075,1,men,Lightweight,A: top-240 WITHOUT is_southpaw~null,0.5275590551181102,True
0,[6618-7117],7076,1,women,Women's Flyweight,A: top-240 WITHOUT is_southpaw~null,0.825,False
0,[6618-7117],7077,0,women,Women's Strawweight,A: top-240 WITHOUT is_southpaw~null,0.375,False
0,[6618-7117],7078,0,men,Lightweight,A: top-240 WITHOUT is_southpaw~null,0.55,True
0,[6618-7117],7079,1,men,Lightweight,A: top-240 WITHOUT is_southpaw~null,0.5275590551181102,True
0,[6618-7117],7080,0,men,Bantamweight,A: top-240 WITHOUT is_southpaw~null,0.5275590551181102,True
0,[6618-7117],7081,1,men,Lightweight,A: top-240 WITHOUT is_southpaw~null,0.6015625,True
0,[6618-7117],7082,0,men,Middleweight,A: top-240 WITHOUT is_southpaw~null,0.6382978723404256,True
0,[6618-7117],7083,0,men,Light Heavyweight,A: top-240 WITHOUT is_southpaw~null,0.6818181818181818,True
0,[6618-7117],7084,1,women,Women's Flyweight,A: top-240 WITHOUT is_southpaw~null,0.6015625,False
0,[6618-7117],7085,1,men,Bantamweight,A: top-240 WITHOUT is_southpaw~null,0.6015625,True
0,[6618-7117],7086,1,women,Women's Strawweight,A: top-240 WITHOUT is_southpaw~null,0.5275590551181102,False
0,[6618-7117],7087,1,men,Bantamweight,A: top-240 WITHOUT is_southpaw~null,0.6015625,True
0,[6618-7117],7088,1,women,Women's Flyweight,A: top-240 WITHOUT is_southpaw~null,0.5123169130347341,False
0,[6618-7117],7089,0,men,Bantamweight,A: top-240 WITHOUT is_southpaw~null,0.375,True
0,[6618-7117],7090,1,men,Welterweight,A: top-240 WITHOUT is_southpaw~null,0.6818181818181818,True
0,[6618-7117],7091,0,men,Welterweight,A: top-240 WITHOUT is_southpaw~null,0.5275590551181102,True
0,[6618-7117],7092,0,men,Heavyweight,A: top-240 WITHOUT is_southpaw~null,0.5275590551181102,True
0,[6618-7117],7093,1,men,Light Heavyweight,A: top-240 WITHOUT is_southpaw~null,0.5275590551181102,True
0,[6618-7117],7094,1,men,Flyweight,A: top-240 WITHOUT is_southpaw~null,0.6015625,True
0,[6618-7117],7095,0,men,Featherweight,A: top-240 WITHOUT is_southpaw~null,1e-06,True
0,[6618-7117],7096,1,men,Lightweight,A: top-240 WITHOUT is_southpaw~null,0.6382978723404256,True
0,[6618-7117],7097,0,men,Featherweight,A: top-240 WITHOUT is_southpaw~null,0.3448275862068966,True
0,[6618-7117],7098,1,men,Lightweight,A: top-240 WITHOUT is_southpaw~null,0.3448275862068966,True
0,[6618-7117],7099,1,men,Lightweight,A: top-240 WITHOUT is_southpaw~null,0.375,True
0,[6618-7117],7100,1,women,Women's Strawweight,A: top-240 WITHOUT is_southpaw~null,0.4117647058823529,False
0,[6618-7117],7101,1,women,Women's Strawweight,A: top-240 WITHOUT is_southpaw~null,0.6382978723404256,False
0,[6618-7117],7102,1,men,Middleweight,A: top-240 WITHOUT is_southpaw~null,0.5275590551181102,True
0,[6618-7117],7103,0,men,Middleweight,A: top-240 WITHOUT is_southpaw~null,0.5275590551181102,True
0,[6618-7117],7104,0,men,Heavyweight,A: top-240 WITHOUT is_southpaw~null,0.55,True
0,[6618-7117],7105,1,men,Flyweight,A: top-240 WITHOUT is_southpaw~null,0.825,True
0,[6618-7117],7106,0,men,Welterweight,A: top-240 WITHOUT is_southpaw~null,0.6015625,True
0,[6618-7117],7107,1,men,Welterweight,A: top-240 WITHOUT is_southpaw~null,0.4117647058823529,True
0,[6618-7117],7108,0,men,Welterweight,A: top-240 WITHOUT is_southpaw~null,0.5275590551181102,True
0,[6618-7117],7109,1,men,Bantamweight,A: top-240 WITHOUT is_southpaw~null,0.6818181818181818,True
0,[6618-7117],7110,1,men,Featherweight,A: top-240 WITHOUT is_southpaw~null,0.5275590551181102,True
0,[6618-7117],7111,1,men,Featherweight,A: top-240 WITHOUT is_southpaw~null,0.375,True
0,[6618-7117],7112,1,men,Middleweight,A: top-240 WITHOUT is_southpaw~null,0.5275590551181102,True
0,[6618-7117],7113,1,men,Middleweight,A: top-240 WITHOUT is_southpaw~null,0.825,True
0,[6618-7117],7114,1,men,Heavyweight,A: top-240 WITHOUT is_southpaw~null,0.6382978723404256,True
0,[6618-7117],7115,0,men,Featherweight,A: top-240 WITHOUT is_southpaw~null,0.6015625,True
0,[6618-7117],7116,0,men,Middleweight,A: top-240 WITHOUT is_southpaw~null,0.4117647058823529,True
0,[6618-7117],7117,1,men,Catch Weight,A: top-240 WITHOUT is_southpaw~null,0.5275590551181102,True
1,[7118-7617],7118,1,men,Lightweight,A: top-240 WITHOUT is_southpaw,0.6126760563380281,True
1,[7118-7617],7119,1,men,Bantamweight,A: top-240 WITHOUT is_southpaw,0.6585365853658537,True
1,[7118-7617],7120,1,men,Bantamweight,A: top-240 WITHOUT is_southpaw,0.6126760563380281,True
1,[7118-7617],7121,1,men,Bantamweight,A: top-240 WITHOUT is_southpaw,0.6126760563380281,True
1,[7118-7617],7122,0,men,Flyweight,A: top-240 WITHOUT is_southpaw,0.5263157894736842,True
1,[7118-7617],7123,0,men,Welterweight,A: top-240 WITHOUT is_southpaw,0.6585365853658537,True
1,[7118-7617],7124,1,men,Lightweight,A: top-240 WITHOUT is_southpaw,0.6126760563380281,True
1,[7118-7617],7125,0,men,Welterweight,A: top-240 WITHOUT is_southpaw,0.6585365853658537,True
1,[7118-7617],7126,1,men,Featherweight,A: top-240 WITHOUT is_southpaw,0.6585365853658537,True
1,[7118-7617],7127,0,men,Middleweight,A: top-240 WITHOUT is_southpaw,0.490566037735849,True
1,[7118-7617],7128,1,men,Lightweight,A: top-240 WITHOUT is_southpaw,0.3448275862068966,True
1,[7118-7617],7129,0,women,Women's Strawweight,A: top-240 WITHOUT is_southpaw,0.6585365853658537,False
1,[7118-7617],7130,1,men,Flyweight,A: top-240 WITHOUT is_southpaw,0.6585365853658537,True
1,[7118-7617],7131,1,men,Lightweight,A: top-240 WITHOUT is_southpaw,0.8333333333333334,True
1,[7118-7617],7132,1,men,Middleweight,A: top-240 WITHOUT is_southpaw,0.21052631578947367,True
1,[7118-7617],7133,1,men,Flyweight,A: top-240 WITHOUT is_southpaw,0.6126760563380281,True
1,[7118-7617],7134,1,men,Featherweight,A: top-240 WITHOUT is_southpaw,0.490566037735849,True
1,[7118-7617],7135,1,men,Flyweight,A: top-240 WITHOUT is_southpaw,0.6585365853658537,True
1,[7118-7617],7136,1,men,Lightweight,A: top-240 WITHOUT is_southpaw,0.6126760563380281,True
1,[7118-7617],7137,0,men,Middleweight,A: top-240 WITHOUT is_southpaw,0.6585365853658537,True
1,[7118-7617],7138,1,men,Bantamweight,A: top-240 WITHOUT is_southpaw,0.6585365853658537,True
1,[7118-7617],7139,1,men,Bantamweight,A: top-240 WITHOUT is_southpaw,0.8333333333333334,True
1,[7118-7617],7140,0,women,Women's Bantamweight,A: top-240 WITHOUT is_southpaw,0.490566037735849,False
1,[7118-7617],7141,0,men,Middleweight,A: top-240 WITHOUT is_southpaw,0.6585365853658537,True
1,[7118-7617],7142,1,men,Featherweight,A: top-240 WITHOUT is_southpaw,0.6585365853658537,True
1,[7118-7617],7143,1,men,Light Heavyweight,A: top-240 WITHOUT is_southpaw,0.4,True
1,[7118-7617],7144,0,men,Bantamweight,A: top-240 WITHOUT is_southpaw,0.6126760563380281,True
1,[7118-7617],7145,0,men,Welterweight,A: top-240 WITHOUT is_southpaw,0.6585365853658537,True
1,[7118-7617],7146,1,men,Lightweight,A: top-240 WITHOUT is_southpaw,0.6126760563380281,True
1,[7118-7617],7147,0,men,Bantamweight,A: top-240 WITHOUT is_southpaw,0.6046511627906976,True
1,[7118-7617],7148,0,men,Heavyweight,A: top-240 WITHOUT is_southpaw,0.3448275862068966,True
1,[7118-7617],7149,1,men,Welterweight,A: top-240 WITHOUT is_southpaw,0.8333333333333334,True
1,[7118-7617],7150,1,men,Lightweight,A: top-240 WITHOUT is_southpaw,0.6585365853658537,True
1,[7118-7617],7151,1,women,Women's Featherweight,A: top-240 WITHOUT is_southpaw,0.88,False
1,[7118-7617],7152,0,men,Light Heavyweight,A: top-240 WITHOUT is_southpaw,0.6126760563380281,True
1,[7118-7617],7153,0,men,Light Heavyweight,A: top-240 WITHOUT is_southpaw,0.490566037735849,True
1,[7118-7617],7154,0,women,Women's Flyweight,A: top-240 WITHOUT is_southpaw,0.3448275862068966,False
1,[7118-7617],7155,1,men,Welterweight,A: top-240 WITHOUT is_southpaw,0.5263157894736842,True
1,[7118-7617],7156,0,men,Flyweight,A: top-240 WITHOUT is_southpaw,0.3448275862068966,True
1,[7118-7617],7157,0,men,Middleweight,A: top-240 WITHOUT is_southpaw,0.6585365853658537,True
1,[7118-7617],7158,0,men,Light Heavyweight,A: top-240 WITHOUT is_southpaw,0.6046511627906976,True
1,[7118-7617],7159,1,men,Flyweight,A: top-240 WITHOUT is_southpaw,0.6585365853658537,True
1,[7118-7617],7160,1,men,Middleweight,A: top-240 WITHOUT is_southpaw,0.8333333333333334,True
1,[7118-7617],7161,0,men,Flyweight,A: top-240 WITHOUT is_southpaw,0.6585365853658537,True
1,[7118-7617],7162,0,men,Bantamweight,A: top-240 WITHOUT is_southpaw,0.6585365853658537,True
1,[7118-7617],7163,1,men,Featherweight,A: top-240 WITHOUT is_southpaw,0.6126760563380281,True
1,[7118-7617],7164,0,men,Welterweight,A: top-240 WITHOUT is_southpaw,0.6585365853658537,True
1,[7118-7617],7165,1,men,Heavyweight,A: top-240 WITHOUT is_southpaw,0.5263157894736842,True
1,[7118-7617],7166,0,men,Light Heavyweight,A: top-240 WITHOUT is_southpaw,0.6585365853658537,True
1,[7118-7617],7167,0,men,Heavyweight,A: top-240 WITHOUT is_southpaw,0.3448275862068966,True
1,[7118-7617],7168,0,men,Lightweight,A: top-240 WITHOUT is_southpaw,0.8333333333333334,True
1,[7118-7617],7169,0,men,Lightweight,A: top-240 WITHOUT is_southpaw,0.6585365853658537,True
1,[7118-7617],7170,0,men,Featherweight,A: top-240 WITHOUT is_southpaw,0.6046511627906976,True
1,[7118-7617],7171,1,women,Women's Strawweight,A: top-240 WITHOUT is_southpaw,0.8333333333333334,False
1,[7118-7617],7172,1,men,Featherweight,A: top-240 WITHOUT is_southpaw,0.8333333333333334,True
1,[7118-7617],7173,1,men,Lightweight,A: top-240 WITHOUT is_southpaw,0.6126760563380281,True
1,[7118-7617],7174,0,men,Flyweight,A: top-240 WITHOUT is_southpaw,0.490566037735849,True
1,[7118-7617],7175,0,men,Light Heavyweight,A: top-240 WITHOUT is_southpaw,0.6585365853658537,True
1,[7118-7617],7176,1,men,Heavyweight,A: top-240 WITHOUT is_southpaw,0.6585365853658537,True
1,[7118-7617],7177,1,men,Welterweight,A: top-240 WITHOUT is_southpaw,0.6585365853658537,True
1,[7118-7617],7178,1,men,Featherweight,A: top-240 WITHOUT is_southpaw,0.6126760563380281,True
1,[7118-7617],7179,1,men,Lightweight,A: top-240 WITHOUT is_southpaw,0.6126760563380281,True
1,[7118-7617],7180,1,men,Featherweight,A: top-240 WITHOUT is_southpaw,0.6046511627906976,True
1,[7118-7617],7181,0,women,Women's Bantamweight,A: top-240 WITHOUT is_southpaw,0.490566037735849,False
1,[7118-7617],7182,1,men,Welterweight,A: top-240 WITHOUT is_southpaw,0.6126760563380281,True
1,[7118-7617],7183,0,men,Light Heavyweight,A: top-240 WITHOUT is_southpaw,0.5263157894736842,True
1,[7118-7617],7184,1,men,Featherweight,A: top-240 WITHOUT is_southpaw,0.6046511627906976,True
1,[7118-7617],7185,1,men,Lightweight,A: top-240 WITHOUT is_southpaw,0.6585365853658537,True
1,[7118-7617],7186,1,men,Flyweight,A: top-240 WITHOUT is_southpaw,0.6585365853658537,True
1,[7118-7617],7187,0,men,Light Heavyweight,A: top-240 WITHOUT is_southpaw,0.6585365853658537,True
1,[7118-7617],7188,0,women,Women's Flyweight,A: top-240 WITHOUT is_southpaw,0.14285714285714285,False
1,[7118-7617],7189,0,men,Lightweight,A: top-240 WITHOUT is_southpaw,0.490566037735849,True
1,[7118-7617],7190,0,men,Heavyweight,A: top-240 WITHOUT is_southpaw,0.490566037735849,True
1,[7118-7617],7191,0,men,Light Heavyweight,A: top-240 WITHOUT is_southpaw,0.490566037735849,True
1,[7118-7617],7192,0,men,Lightweight,A: top-240 WITHOUT is_southpaw,0.21052631578947367,True
1,[7118-7617],7193,1,men,Lightweight,A: top-240 WITHOUT is_southpaw,0.8333333333333334,True
1,[7118-7617],7194,1,men,Lightweight,A: top-240 WITHOUT is_southpaw,0.7272727272727273,True
1,[7118-7617],7195,1,women,Women's Flyweight,A: top-240 WITHOUT is_southpaw,0.6126760563380281,False
1,[7118-7617],7196,1,men,Catch Weight,A: top-240 WITHOUT is_southpaw,0.6126760563380281,True
1,[7118-7617],7197,1,men,Welterweight,A: top-240 WITHOUT is_southpaw,0.6661913374818444,True
1,[7118-7617],7198,1,women,Women's Flyweight,A: top-240 WITHOUT is_southpaw,0.8333333333333334,False
1,[7118-7617],7199,1,men,Heavyweight,A: top-240 WITHOUT is_southpaw,0.490566037735849,True
1,[7118-7617],7200,0,men,Middleweight,A: top-240 WITHOUT is_southpaw,0.6126760563380281,True
1,[7118-7617],7201,0,men,Lightweight,A: top-240 WITHOUT is_southpaw,0.5263157894736842,True
1,[7118-7617],7202,0,men,Middleweight,A: top-240 WITHOUT is_southpaw,0.6126760563380281,True
1,[7118-7617],7203,0,men,Bantamweight,A: top-240 WITHOUT is_southpaw,0.4,True
1,[7118-7617],7204,0,women,Women's Strawweight,A: top-240 WITHOUT is_southpaw,0.3307107026018076,False
1,[7118-7617],7205,0,men,Bantamweight,A: top-240 WITHOUT is_southpaw,0.4,True
1,[7118-7617],7206,0,men,Lightweight,A: top-240 WITHOUT is_southpaw,0.6126760563380281,True
1,[7118-7617],7207,1,men,Welterweight,A: top-240 WITHOUT is_southpaw,0.7272727272727273,True
1,[7118-7617],7208,0,women,Women's Flyweight,A: top-240 WITHOUT is_southpaw,0.3448275862068966,False
1,[7118-7617],7209,1,men,Lightweight,A: top-240 WITHOUT is_southpaw,0.6585365853658537,True
1,[7118-7617],7210,1,men,Bantamweight,A: top-240 WITHOUT is_southpaw,0.8333333333333334,True
1,[7118-7617],7211,1,men,Middleweight,A: top-240 WITHOUT is_southpaw,0.88,True
1,[7118-7617],7212,0,women,Women's Flyweight,A: top-240 WITHOUT is_southpaw,0.8333333333333334,False
1,[7118-7617],7213,1,men,Heavyweight,A: top-240 WITHOUT is_southpaw,0.6585365853658537,True
1,[7118-7617],7214,0,men,Middleweight,A: top-240 WITHOUT is_southpaw,0.3448275862068966,True
1,[7118-7617],7215,0,men,Welterweight,A: top-240 WITHOUT is_southpaw,0.490566037735849,True
1,[7118-7617],7216,0,men,Bantamweight,A: top-240 WITHOUT is_southpaw,0.6126760563380281,True
1,[7118-7617],7217,1,men,Welterweight,A: top-240 WITHOUT is_southpaw,0.6126760563380281,True
1,[7118-7617],7218,0,men,Flyweight,A: top-240 WITHOUT is_southpaw,0.38559828635460386,True
1,[7118-7617],7219,1,women,Women's Flyweight,A: top-240 WITHOUT is_southpaw,0.490566037735849,False
1,[7118-7617],7220,1,men,Bantamweight,A: top-240 WITHOUT is_southpaw,0.21052631578947367,True
1,[7118-7617],7221,0,men,Middleweight,A: top-240 WITHOUT is_southpaw,0.88,True
1,[7118-7617],7222,1,men,Heavyweight,A: top-240 WITHOUT is_southpaw,0.6126760563380281,True
1,[7118-7617],7223,1,men,Bantamweight,A: top-240 WITHOUT is_southpaw,0.8333333333333334,True
1,[7118-7617],7224,0,men,Bantamweight,A: top-240 WITHOUT is_southpaw,0.6126760563380281,True
1,[7118-7617],7225,1,men,Catch Weight,A: top-240 WITHOUT is_southpaw,0.6585365853658537,True
1,[7118-7617],7226,1,men,Heavyweight,A: top-240 WITHOUT is_southpaw,0.6126760563380281,True
1,[7118-7617],7227,0,men,Bantamweight,A: top-240 WITHOUT is_southpaw,0.6126760563380281,True
1,[7118-7617],7228,1,men,Light Heavyweight,A: top-240 WITHOUT is_southpaw,0.6585365853658537,True
1,[7118-7617],7229,0,women,Women's Flyweight,A: top-240 WITHOUT is_southpaw,0.8333333333333334,False
1,[7118-7617],7230,1,women,Women's Flyweight,A: top-240 WITHOUT is_southpaw,0.3448275862068966,False
1,[7118-7617],7231,1,men,Middleweight,A: top-240 WITHOUT is_southpaw,0.6126760563380281,True
1,[7118-7617],7232,1,men,Featherweight,A: top-240 WITHOUT is_southpaw,0.6585365853658537,True
1,[7118-7617],7233,1,men,Flyweight,A: top-240 WITHOUT is_southpaw,0.88,True
1,[7118-7617],7234,0,men,Lightweight,A: top-240 WITHOUT is_southpaw,0.6585365853658537,True
1,[7118-7617],7235,1,men,Flyweight,A: top-240 WITHOUT is_southpaw,0.8333333333333334,True
1,[7118-7617],7236,1,men,Featherweight,A: top-240 WITHOUT is_southpaw,0.7272727272727273,True
1,[7118-7617],7237,1,men,Middleweight,A: top-240 WITHOUT is_southpaw,0.6585365853658537,True
1,[7118-7617],7238,1,women,Women's Flyweight,A: top-240 WITHOUT is_southpaw,0.3448275862068966,False
1,[7118-7617],7239,1,men,Welterweight,A: top-240 WITHOUT is_southpaw,0.6126760563380281,True
1,[7118-7617],7240,1,men,Lightweight,A: top-240 WITHOUT is_southpaw,0.4,True
1,[7118-7617],7241,1,men,Welterweight,A: top-240 WITHOUT is_southpaw,0.490566037735849,True
1,[7118-7617],7242,1,men,Lightweight,A: top-240 WITHOUT is_southpaw,0.6126760563380281,True
1,[7118-7617],7243,1,men,Flyweight,A: top-240 WITHOUT is_southpaw,0.490566037735849,True
1,[7118-7617],7244,1,men,Flyweight,A: top-240 WITHOUT is_southpaw,0.6585365853658537,True
1,[7118-7617],7245,1,men,Welterweight,A: top-240 WITHOUT is_southpaw,0.6126760563380281,True
1,[7118-7617],7246,0,men,Featherweight,A: top-240 WITHOUT is_southpaw,0.490566037735849,True
1,[7118-7617],7247,1,men,Featherweight,A: top-240 WITHOUT is_southpaw,0.490566037735849,True
1,[7118-7617],7248,0,women,Women's Flyweight,A: top-240 WITHOUT is_southpaw,0.6046511627906976,False
1,[7118-7617],7249,1,men,Featherweight,A: top-240 WITHOUT is_southpaw,0.3448275862068966,True
1,[7118-7617],7250,1,women,Women's Bantamweight,A: top-240 WITHOUT is_southpaw,0.6126760563380281,False
1,[7118-7617],7251,0,men,Bantamweight,A: top-240 WITHOUT is_southpaw,0.490566037735849,True
1,[7118-7617],7252,0,men,Middleweight,A: top-240 WITHOUT is_southpaw,0.5263157894736842,True
1,[7118-7617],7253,0,men,Middleweight,A: top-240 WITHOUT is_southpaw,0.5263157894736842,True
1,[7118-7617],7254,0,men,Featherweight,A: top-240 WITHOUT is_southpaw,0.6046511627906976,True
1,[7118-7617],7255,1,men,Catch Weight,A: top-240 WITHOUT is_southpaw,0.88,True
1,[7118-7617],7256,0,women,Women's Strawweight,A: top-240 WITHOUT is_southpaw,0.4,False
1,[7118-7617],7257,0,women,Women's Strawweight,A: top-240 WITHOUT is_southpaw,0.21052631578947367,False
1,[7118-7617],7258,0,women,Women's Strawweight,A: top-240 WITHOUT is_southpaw,0.6585365853658537,False
1,[7118-7617],7259,0,men,Bantamweight,A: top-240 WITHOUT is_southpaw,0.6585365853658537,True
1,[7118-7617],7260,1,men,Welterweight,A: top-240 WITHOUT is_southpaw,0.6126760563380281,True
1,[7118-7617],7261,1,men,Bantamweight,A: top-240 WITHOUT is_southpaw,0.5263157894736842,True
1,[7118-7617],7262,1,men,Welterweight,A: top-240 WITHOUT is_southpaw,0.6126760563380281,True
1,[7118-7617],7263,0,men,Middleweight,A: top-240 WITHOUT is_southpaw,0.5263157894736842,True
1,[7118-7617],7264,0,men,Middleweight,A: top-240 WITHOUT is_southpaw,0.490566037735849,True
1,[7118-7617],7265,1,women,Women's Bantamweight,A: top-240 WITHOUT is_southpaw,0.6126760563380281,False
1,[7118-7617],7266,0,men,Bantamweight,A: top-240 WITHOUT is_southpaw,0.490566037735849,True
1,[7118-7617],7267,0,men,Lightweight,A: top-240 WITHOUT is_southpaw,0.452150380869376,True
1,[7118-7617],7268,1,women,Women's Strawweight,A: top-240 WITHOUT is_southpaw,0.490566037735849,False
1,[7118-7617],7269,1,men,Light Heavyweight,A: top-240 WITHOUT is_southpaw,0.8333333333333334,True
1,[7118-7617],7270,1,men,Flyweight,A: top-240 WITHOUT is_southpaw,0.490566037735849,True
1,[7118-7617],7271,0,women,Women's Strawweight,A: top-240 WITHOUT is_southpaw,0.6585365853658537,False
1,[7118-7617],7272,0,men,Lightweight,A: top-240 WITHOUT is_southpaw,0.14285714285714285,True
1,[7118-7617],7273,1,men,Bantamweight,A: top-240 WITHOUT is_southpaw,0.3448275862068966,True
1,[7118-7617],7274,0,men,Light Heavyweight,A: top-240 WITHOUT is_southpaw,0.6585365853658537,True
1,[7118-7617],7275,0,men,Light Heavyweight,A: top-240 WITHOUT is_southpaw,0.490566037735849,True
1,[7118-7617],7276,1,men,Featherweight,A: top-240 WITHOUT is_southpaw,0.5263157894736842,True
1,[7118-7617],7277,1,men,Featherweight,A: top-240 WITHOUT is_southpaw,0.490566037735849,True
1,[7118-7617],7278,1,men,Featherweight,A: top-240 WITHOUT is_southpaw,0.490566037735849,True
1,[7118-7617],7279,1,men,Bantamweight,A: top-240 WITHOUT is_southpaw,0.6585365853658537,True
1,[7118-7617],7280,0,men,Featherweight,A: top-240 WITHOUT is_southpaw,0.6126760563380281,True
1,[7118-7617],7281,1,men,Heavyweight,A: top-240 WITHOUT is_southpaw,0.6585365853658537,True
1,[7118-7617],7282,0,women,Women's Featherweight,A: top-240 WITHOUT is_southpaw,0.6126760563380281,False
1,[7118-7617],7283,0,men,Bantamweight,A: top-240 WITHOUT is_southpaw,0.21052631578947367,True
1,[7118-7617],7284,1,men,Welterweight,A: top-240 WITHOUT is_southpaw,0.6585365853658537,True
1,[7118-7617],7285,1,women,Women's Flyweight,A: top-240 WITHOUT is_southpaw,0.6585365853658537,False
1,[7118-7617],7286,0,men,Middleweight,A: top-240 WITHOUT is_southpaw,0.490566037735849,True
1,[7118-7617],7287,1,men,Heavyweight,A: top-240 WITHOUT is_southpaw,0.6126760563380281,True
1,[7118-7617],7288,0,men,Lightweight,A: top-240 WITHOUT is_southpaw,0.6126760563380281,True
1,[7118-7617],7289,1,men,Flyweight,A: top-240 WITHOUT is_southpaw,0.6126760563380281,True
1,[7118-7617],7290,0,women,Women's Bantamweight,A: top-240 WITHOUT is_southpaw,0.6585365853658537,False
1,[7118-7617],7291,0,men,Catch Weight,A: top-240 WITHOUT is_southpaw,0.6585365853658537,True
1,[7118-7617],7292,0,women,Women's Bantamweight,A: top-240 WITHOUT is_southpaw,0.6126760563380281,False
1,[7118-7617],7293,1,men,Heavyweight,A: top-240 WITHOUT is_southpaw,0.8333333333333334,True
1,[7118-7617],7294,1,men,Heavyweight,A: top-240 WITHOUT is_southpaw,0.4,True
1,[7118-7617],7295,0,men,Featherweight,A: top-240 WITHOUT is_southpaw,0.3448275862068966,True
1,[7118-7617],7296,1,men,Middleweight,A: top-240 WITHOUT is_southpaw,0.6126760563380281,True
1,[7118-7617],7297,1,men,Middleweight,A: top-240 WITHOUT is_southpaw,0.6126760563380281,True
1,[7118-7617],7298,1,men,Bantamweight,A: top-240 WITHOUT is_southpaw,0.490566037735849,True
1,[7118-7617],7299,0,men,Welterweight,A: top-240 WITHOUT is_southpaw,0.6126760563380281,True
1,[7118-7617],7300,0,men,Middleweight,A: top-240 WITHOUT is_southpaw,0.7272727272727273,True
1,[7118-7617],7301,0,men,Middleweight,A: top-240 WITHOUT is_southpaw,0.5263157894736842,True
1,[7118-7617],7302,0,women,Women's Strawweight,A: top-240 WITHOUT is_southpaw,0.6585365853658537,False
1,[7118-7617],7303,1,men,Welterweight,A: top-240 WITHOUT is_southpaw,0.6585365853658537,True
1,[7118-7617],7304,1,men,Light Heavyweight,A: top-240 WITHOUT is_southpaw,0.6585365853658537,True
1,[7118-7617],7305,0,men,Heavyweight,A: top-240 WITHOUT is_southpaw,0.7272727272727273,True
1,[7118-7617],7306,0,men,Featherweight,A: top-240 WITHOUT is_southpaw,0.490566037735849,True
1,[7118-7617],7307,1,men,Featherweight,A: top-240 WITHOUT is_southpaw,0.88,True
1,[7118-7617],7308,0,women,Women's Strawweight,A: top-240 WITHOUT is_southpaw,0.490566037735849,False
1,[7118-7617],7309,1,men,Welterweight,A: top-240 WITHOUT is_southpaw,0.6126760563380281,True
1,[7118-7617],7310,1,men,Bantamweight,A: top-240 WITHOUT is_southpaw,0.6585365853658537,True
1,[7118-7617],7311,0,men,Lightweight,A: top-240 WITHOUT is_southpaw,0.490566037735849,True
1,[7118-7617],7312,1,men,Welterweight,A: top-240 WITHOUT is_southpaw,0.6585365853658537,True
1,[7118-7617],7313,0,women,Women's Flyweight,A: top-240 WITHOUT is_southpaw,0.490566037735849,False
1,[7118-7617],7314,0,men,Catch Weight,A: top-240 WITHOUT is_southpaw,0.6585365853658537,True
1,[7118-7617],7315,1,men,Heavyweight,A: top-240 WITHOUT is_southpaw,0.88,True
1,[7118-7617],7316,1,men,Welterweight,A: top-240 WITHOUT is_southpaw,0.490566037735849,True
1,[7118-7617],7317,0,men,Welterweight,A: top-240 WITHOUT is_southpaw,0.4,True
1,[7118-7617],7318,1,men,Light Heavyweight,A: top-240 WITHOUT is_southpaw,0.6585365853658537,True
1,[7118-7617],7319,0,men,Light Heavyweight,A: top-240 WITHOUT is_southpaw,0.3448275862068966,True
1,[7118-7617],7320,0,men,Heavyweight,A: top-240 WITHOUT is_southpaw,0.490566037735849,True
1,[7118-7617],7321,0,women,Women's Bantamweight,A: top-240 WITHOUT is_southpaw,0.490566037735849,False
1,[7118-7617],7322,0,men,Welterweight,A: top-240 WITHOUT is_southpaw,0.490566037735849,True
1,[7118-7617],7323,0,men,Heavyweight,A: top-240 WITHOUT is_southpaw,0.6046511627906976,True
1,[7118-7617],7324,0,men,Welterweight,A: top-240 WITHOUT is_southpaw,0.5263157894736842,True
1,[7118-7617],7325,1,women,Women's Flyweight,A: top-240 WITHOUT is_southpaw,0.88,False
1,[7118-7617],7326,0,men,Welterweight,A: top-240 WITHOUT is_southpaw,0.490566037735849,True
1,[7118-7617],7327,1,women,Women's Strawweight,A: top-240 WITHOUT is_southpaw,0.490566037735849,False
1,[7118-7617],7328,1,men,Lightweight,A: top-240 WITHOUT is_southpaw,0.6046511627906976,True
1,[7118-7617],7329,1,men,Lightweight,A: top-240 WITHOUT is_southpaw,0.6585365853658537,True
1,[7118-7617],7330,0,men,Welterweight,A: top-240 WITHOUT is_southpaw,0.490566037735849,True
1,[7118-7617],7331,0,men,Catch Weight,A: top-240 WITHOUT is_southpaw,0.490566037735849,True
1,[7118-7617],7332,0,men,Middleweight,A: top-240 WITHOUT is_southpaw,0.6585365853658537,True
1,[7118-7617],7333,1,women,Women's Strawweight,A: top-240 WITHOUT is_southpaw,0.6126760563380281,False
1,[7118-7617],7334,0,men,Lightweight,A: top-240 WITHOUT is_southpaw,0.6585365853658537,True
1,[7118-7617],7335,1,men,Flyweight,A: top-240 WITHOUT is_southpaw,0.6126760563380281,True
1,[7118-7617],7336,1,men,Featherweight,A: top-240 WITHOUT is_southpaw,0.8517558444797024,True
1,[7118-7617],7337,1,men,Flyweight,A: top-240 WITHOUT is_southpaw,0.5597180216583041,True
1,[7118-7617],7338,0,men,Featherweight,A: top-240 WITHOUT is_southpaw,0.6126760563380281,True
1,[7118-7617],7339,0,men,Flyweight,A: top-240 WITHOUT is_southpaw,0.6046511627906976,True
1,[7118-7617],7340,1,men,Flyweight,A: top-240 WITHOUT is_southpaw,0.6585365853658537,True
1,[7118-7617],7341,0,men,Featherweight,A: top-240 WITHOUT is_southpaw,0.490566037735849,True
1,[7118-7617],7342,0,men,Flyweight,A: top-240 WITHOUT is_southpaw,0.6126760563380281,True
1,[7118-7617],7343,1,men,Featherweight,A: top-240 WITHOUT is_southpaw,0.6585365853658537,True
1,[7118-7617],7344,1,men,Welterweight,A: top-240 WITHOUT is_southpaw,0.6585365853658537,True
1,[7118-7617],7345,0,men,Welterweight,A: top-240 WITHOUT is_southpaw,0.6126760563380281,True
1,[7118-7617],7346,1,men,Bantamweight,A: top-240 WITHOUT is_southpaw,0.6585365853658537,True
1,[7118-7617],7347,0,men,Lightweight,A: top-240 WITHOUT is_southpaw,0.6126760563380281,True
1,[7118-7617],7348,1,men,Bantamweight,A: top-240 WITHOUT is_southpaw,0.5263157894736842,True
1,[7118-7617],7349,0,men,Lightweight,A: top-240 WITHOUT is_southpaw,0.6126760563380281,True
1,[7118-7617],7350,0,men,Bantamweight,A: top-240 WITHOUT is_southpaw,0.490566037735849,True
1,[7118-7617],7351,0,men,Lightweight,A: top-240 WITHOUT is_southpaw,0.6046511627906976,True
1,[7118-7617],7352,1,men,Bantamweight,A: top-240 WITHOUT is_southpaw,0.6046511627906976,True
1,[7118-7617],7353,0,men,Lightweight,A: top-240 WITHOUT is_southpaw,0.6046511627906976,True
1,[7118-7617],7354,0,men,Flyweight,A: top-240 WITHOUT is_southpaw,0.6046511627906976,True
1,[7118-7617],7355,0,men,Heavyweight,A: top-240 WITHOUT is_southpaw,0.6126760563380281,True
1,[7118-7617],7356,1,men,Bantamweight,A: top-240 WITHOUT is_southpaw,0.6046511627906976,True
1,[7118-7617],7357,1,women,Women's Strawweight,A: top-240 WITHOUT is_southpaw,0.6585365853658537,False
1,[7118-7617],7358,0,men,Lightweight,A: top-240 WITHOUT is_southpaw,0.6585365853658537,True
1,[7118-7617],7359,1,men,Bantamweight,A: top-240 WITHOUT is_southpaw,0.6126760563380281,True
1,[7118-7617],7360,1,men,Bantamweight,A: top-240 WITHOUT is_southpaw,0.5263157894736842,True
1,[7118-7617],7361,1,men,Light Heavyweight,A: top-240 WITHOUT is_southpaw,0.490566037735849,True
1,[7118-7617],7362,1,women,Women's Flyweight,A: top-240 WITHOUT is_southpaw,0.6126760563380281,False
1,[7118-7617],7363,0,men,Flyweight,A: top-240 WITHOUT is_southpaw,0.5263157894736842,True
1,[7118-7617],7364,1,men,Featherweight,A: top-240 WITHOUT is_southpaw,0.6585365853658537,True
1,[7118-7617],7365,0,men,Welterweight,A: top-240 WITHOUT is_southpaw,0.6126760563380281,True
1,[7118-7617],7366,1,men,Flyweight,A: top-240 WITHOUT is_southpaw,0.4,True
1,[7118-7617],7367,1,men,Lightweight,A: top-240 WITHOUT is_southpaw,0.6585365853658537,True
1,[7118-7617],7368,1,women,Women's Strawweight,A: top-240 WITHOUT is_southpaw,0.6126760563380281,False
1,[7118-7617],7369,0,men,Flyweight,A: top-240 WITHOUT is_southpaw,0.6585365853658537,True
1,[7118-7617],7370,1,men,Featherweight,A: top-240 WITHOUT is_southpaw,0.5263157894736842,True
1,[7118-7617],7371,0,women,Women's Flyweight,A: top-240 WITHOUT is_southpaw,0.8333333333333334,False
1,[7118-7617],7372,1,men,Bantamweight,A: top-240 WITHOUT is_southpaw,0.5263157894736842,True
1,[7118-7617],7373,1,men,Featherweight,A: top-240 WITHOUT is_southpaw,0.6585365853658537,True
1,[7118-7617],7374,1,men,Welterweight,A: top-240 WITHOUT is_southpaw,0.7272727272727273,True
1,[7118-7617],7375,1,men,Lightweight,A: top-240 WITHOUT is_southpaw,0.4,True
1,[7118-7617],7376,1,women,Women's Bantamweight,A: top-240 WITHOUT is_southpaw,0.88,False
1,[7118-7617],7377,1,men,Middleweight,A: top-240 WITHOUT is_southpaw,0.490566037735849,True
1,[7118-7617],7378,0,men,Light Heavyweight,A: top-240 WITHOUT is_southpaw,0.6126760563380281,True
1,[7118-7617],7379,1,women,Women's Flyweight,A: top-240 WITHOUT is_southpaw,0.6585365853658537,False
1,[7118-7617],7380,1,men,Flyweight,A: top-240 WITHOUT is_southpaw,0.490566037735849,True
1,[7118-7617],7381,1,men,Bantamweight,A: top-240 WITHOUT is_southpaw,0.3448275862068966,True
1,[7118-7617],7382,0,men,Flyweight,A: top-240 WITHOUT is_southpaw,0.3448275862068966,True
1,[7118-7617],7383,1,men,Welterweight,A: top-240 WITHOUT is_southpaw,0.490566037735849,True
1,[7118-7617],7384,1,men,Featherweight,A: top-240 WITHOUT is_southpaw,0.6585365853658537,True
1,[7118-7617],7385,1,men,Middleweight,A: top-240 WITHOUT is_southpaw,0.490566037735849,True
1,[7118-7617],7386,1,men,Lightweight,A: top-240 WITHOUT is_southpaw,0.88,True
1,[7118-7617],7387,0,men,Middleweight,A: top-240 WITHOUT is_southpaw,0.7272727272727273,True
1,[7118-7617],7388,1,men,Lightweight,A: top-240 WITHOUT is_southpaw,0.7272727272727273,True
1,[7118-7617],7389,0,men,Middleweight,A: top-240 WITHOUT is_southpaw,0.6585365853658537,True
1,[7118-7617],7390,0,men,Featherweight,A: top-240 WITHOUT is_southpaw,0.5263157894736842,True
1,[7118-7617],7391,0,men,Lightweight,A: top-240 WITHOUT is_southpaw,0.6126760563380281,True
1,[7118-7617],7392,0,men,Flyweight,A: top-240 WITHOUT is_southpaw,0.21052631578947367,True
1,[7118-7617],7393,1,women,Women's Strawweight,A: top-240 WITHOUT is_southpaw,0.490566037735849,False
1,[7118-7617],7394,1,men,Lightweight,A: top-240 WITHOUT is_southpaw,0.6585365853658537,True
1,[7118-7617],7395,1,men,Welterweight,A: top-240 WITHOUT is_southpaw,0.6126760563380281,True
1,[7118-7617],7396,1,men,Middleweight,A: top-240 WITHOUT is_southpaw,0.8333333333333334,True
1,[7118-7617],7397,1,men,Featherweight,A: top-240 WITHOUT is_southpaw,0.6046511627906976,True
1,[7118-7617],7398,0,women,Women's Flyweight,A: top-240 WITHOUT is_southpaw,0.6585365853658537,False
1,[7118-7617],7399,0,men,Featherweight,A: top-240 WITHOUT is_southpaw,0.3448275862068966,True
1,[7118-7617],7400,1,men,Welterweight,A: top-240 WITHOUT is_southpaw,0.6046511627906976,True
1,[7118-7617],7401,0,women,Women's Featherweight,A: top-240 WITHOUT is_southpaw,0.490566037735849,False
1,[7118-7617],7402,1,men,Heavyweight,A: top-240 WITHOUT is_southpaw,0.7272727272727273,True
1,[7118-7617],7403,0,women,Women's Flyweight,A: top-240 WITHOUT is_southpaw,0.5263157894736842,False
1,[7118-7617],7404,0,men,Lightweight,A: top-240 WITHOUT is_southpaw,0.490566037735849,True
1,[7118-7617],7405,1,men,Featherweight,A: top-240 WITHOUT is_southpaw,0.6126760563380281,True
1,[7118-7617],7406,0,men,Welterweight,A: top-240 WITHOUT is_southpaw,0.490566037735849,True
1,[7118-7617],7407,0,men,Middleweight,A: top-240 WITHOUT is_southpaw,0.6126760563380281,True
1,[7118-7617],7408,0,men,Lightweight,A: top-240 WITHOUT is_southpaw,0.6585365853658537,True
1,[7118-7617],7409,1,women,Women's Flyweight,A: top-240 WITHOUT is_southpaw,0.490566037735849,False
1,[7118-7617],7410,0,men,Welterweight,A: top-240 WITHOUT is_southpaw,0.4,True
1,[7118-7617],7411,0,men,Lightweight,A: top-240 WITHOUT is_southpaw,0.490566037735849,True
1,[7118-7617],7412,1,men,Middleweight,A: top-240 WITHOUT is_southpaw,0.6046511627906976,True
1,[7118-7617],7413,0,men,Flyweight,A: top-240 WITHOUT is_southpaw,0.21052631578947367,True
1,[7118-7617],7414,1,men,Bantamweight,A: top-240 WITHOUT is_southpaw,0.8333333333333334,True
1,[7118-7617],7415,1,men,Light Heavyweight,A: top-240 WITHOUT is_southpaw,0.8333333333333334,True
1,[7118-7617],7416,0,men,Light Heavyweight,A: top-240 WITHOUT is_southpaw,0.6585365853658537,True
1,[7118-7617],7417,0,women,Women's Strawweight,A: top-240 WITHOUT is_southpaw,0.5263157894736842,False
1,[7118-7617],7418,1,men,Catch Weight,A: top-240 WITHOUT is_southpaw,0.88,True
1,[7118-7617],7419,0,men,Lightweight,A: top-240 WITHOUT is_southpaw,0.6046511627906976,True
1,[7118-7617],7420,1,men,Middleweight,A: top-240 WITHOUT is_southpaw,0.88,True
1,[7118-7617],7421,0,men,Lightweight,A: top-240 WITHOUT is_southpaw,0.6585365853658537,True
1,[7118-7617],7422,0,men,Middleweight,A: top-240 WITHOUT is_southpaw,0.21052631578947367,True
1,[7118-7617],7423,0,men,Flyweight,A: top-240 WITHOUT is_southpaw,0.6585365853658537,True
1,[7118-7617],7424,1,men,Featherweight,A: top-240 WITHOUT is_southpaw,0.8333333333333334,True
1,[7118-7617],7425,1,men,Welterweight,A: top-240 WITHOUT is_southpaw,0.490566037735849,True
1,[7118-7617],7426,0,women,Women's Bantamweight,A: top-240 WITHOUT is_southpaw,0.4,False
1,[7118-7617],7427,1,men,Lightweight,A: top-240 WITHOUT is_southpaw,0.6585365853658537,True
1,[7118-7617],7428,0,men,Flyweight,A: top-240 WITHOUT is_southpaw,0.490566037735849,True
1,[7118-7617],7429,1,men,Lightweight,A: top-240 WITHOUT is_southpaw,0.6585365853658537,True
1,[7118-7617],7430,0,men,Featherweight,A: top-240 WITHOUT is_southpaw,0.4,True
1,[7118-7617],7431,1,women,Women's Strawweight,A: top-240 WITHOUT is_southpaw,0.8333333333333334,False
1,[7118-7617],7432,1,men,Lightweight,A: top-240 WITHOUT is_southpaw,0.490566037735849,True
1,[7118-7617],7433,1,women,Women's Featherweight,A: top-240 WITHOUT is_southpaw,0.6126760563380281,False
1,[7118-7617],7434,0,men,Middleweight,A: top-240 WITHOUT is_southpaw,0.490566037735849,True
1,[7118-7617],7435,0,men,Lightweight,A: top-240 WITHOUT is_southpaw,0.5263157894736842,True
1,[7118-7617],7436,1,men,Welterweight,A: top-240 WITHOUT is_southpaw,0.88,True
1,[7118-7617],7437,0,men,Featherweight,A: top-240 WITHOUT is_southpaw,0.6046511627906976,True
1,[7118-7617],7438,1,men,Heavyweight,A: top-240 WITHOUT is_southpaw,0.6585365853658537,True
1,[7118-7617],7439,1,men,Flyweight,A: top-240 WITHOUT is_southpaw,0.6126760563380281,True
1,[7118-7617],7440,0,women,Women's Strawweight,A: top-240 WITHOUT is_southpaw,0.6585365853658537,False
1,[7118-7617],7441,1,men,Lightweight,A: top-240 WITHOUT is_southpaw,0.3448275862068966,True
1,[7118-7617],7442,1,women,Women's Bantamweight,A: top-240 WITHOUT is_southpaw,0.5263157894736842,False
1,[7118-7617],7443,1,men,Middleweight,A: top-240 WITHOUT is_southpaw,0.6585365853658537,True
1,[7118-7617],7444,0,men,Lightweight,A: top-240 WITHOUT is_southpaw,0.6126760563380281,True
1,[7118-7617],7445,0,men,Lightweight,A: top-240 WITHOUT is_southpaw,0.21052631578947367,True
1,[7118-7617],7446,0,men,Bantamweight,A: top-240 WITHOUT is_southpaw,0.21052631578947367,True
1,[7118-7617],7447,1,men,Featherweight,A: top-240 WITHOUT is_southpaw,0.6585365853658537,True
1,[7118-7617],7448,1,men,Middleweight,A: top-240 WITHOUT is_southpaw,0.3448275862068966,True
1,[7118-7617],7449,1,men,Featherweight,A: top-240 WITHOUT is_southpaw,0.8333333333333334,True
1,[7118-7617],7450,0,women,Women's Flyweight,A: top-240 WITHOUT is_southpaw,0.6585365853658537,False
1,[7118-7617],7451,1,men,Heavyweight,A: top-240 WITHOUT is_southpaw,0.88,True
1,[7118-7617],7452,0,men,Welterweight,A: top-240 WITHOUT is_southpaw,0.3448275862068966,True
1,[7118-7617],7453,1,women,Women's Flyweight,A: top-240 WITHOUT is_southpaw,0.88,False
1,[7118-7617],7454,0,men,Welterweight,A: top-240 WITHOUT is_southpaw,0.6126760563380281,True
1,[7118-7617],7455,1,men,Middleweight,A: top-240 WITHOUT is_southpaw,0.6126760563380281,True
1,[7118-7617],7456,1,men,Flyweight,A: top-240 WITHOUT is_southpaw,0.3513864579296352,True
1,[7118-7617],7457,1,men,Welterweight,A: top-240 WITHOUT is_southpaw,0.6126760563380281,True
1,[7118-7617],7458,1,men,Welterweight,A: top-240 WITHOUT is_southpaw,0.6126760563380281,True
1,[7118-7617],7459,0,men,Lightweight,A: top-240 WITHOUT is_southpaw,0.3448275862068966,True
1,[7118-7617],7460,1,men,Heavyweight,A: top-240 WITHOUT is_southpaw,0.5263157894736842,True
1,[7118-7617],7461,0,men,Light Heavyweight,A: top-240 WITHOUT is_southpaw,0.3448275862068966,True
1,[7118-7617],7462,0,men,Lightweight,A: top-240 WITHOUT is_southpaw,0.6126760563380281,True
1,[7118-7617],7463,0,men,Welterweight,A: top-240 WITHOUT is_southpaw,0.4,True
1,[7118-7617],7464,0,men,Flyweight,A: top-240 WITHOUT is_southpaw,0.490566037735849,True
1,[7118-7617],7465,1,men,Featherweight,A: top-240 WITHOUT is_southpaw,0.6126760563380281,True
1,[7118-7617],7466,1,men,Flyweight,A: top-240 WITHOUT is_southpaw,0.6126760563380281,True
1,[7118-7617],7467,1,men,Featherweight,A: top-240 WITHOUT is_southpaw,0.6046511627906976,True
1,[7118-7617],7468,0,men,Welterweight,A: top-240 WITHOUT is_southpaw,0.6126760563380281,True
1,[7118-7617],7469,1,men,Bantamweight,A: top-240 WITHOUT is_southpaw,0.7272727272727273,True
1,[7118-7617],7470,1,men,Light Heavyweight,A: top-240 WITHOUT is_southpaw,0.6126760563380281,True
1,[7118-7617],7471,1,men,Featherweight,A: top-240 WITHOUT is_southpaw,0.6126760563380281,True
1,[7118-7617],7472,1,men,Light Heavyweight,A: top-240 WITHOUT is_southpaw,0.5263157894736842,True
1,[7118-7617],7473,0,women,Women's Strawweight,A: top-240 WITHOUT is_southpaw,0.3448275862068966,False
1,[7118-7617],7474,1,men,Catch Weight,A: top-240 WITHOUT is_southpaw,0.6585365853658537,True
1,[7118-7617],7475,0,men,Lightweight,A: top-240 WITHOUT is_southpaw,0.7272727272727273,True
1,[7118-7617],7476,0,men,Flyweight,A: top-240 WITHOUT is_southpaw,0.5263157894736842,True
1,[7118-7617],7477,1,men,Bantamweight,A: top-240 WITHOUT is_southpaw,0.6126760563380281,True
1,[7118-7617],7478,1,men,Middleweight,A: top-240 WITHOUT is_southpaw,0.490566037735849,True
1,[7118-7617],7479,1,men,Lightweight,A: top-240 WITHOUT is_southpaw,0.6126760563380281,True
1,[7118-7617],7480,0,men,Heavyweight,A: top-240 WITHOUT is_southpaw,0.6126760563380281,True
1,[7118-7617],7481,1,men,Welterweight,A: top-240 WITHOUT is_southpaw,0.6585365853658537,True
1,[7118-7617],7482,1,men,Featherweight,A: top-240 WITHOUT is_southpaw,0.21052631578947367,True
1,[7118-7617],7483,1,men,Light Heavyweight,A: top-240 WITHOUT is_southpaw,0.6126760563380281,True
1,[7118-7617],7484,0,women,Women's Strawweight,A: top-240 WITHOUT is_southpaw,0.3448275862068966,False
1,[7118-7617],7485,1,men,Middleweight,A: top-240 WITHOUT is_southpaw,0.490566037735849,True
1,[7118-7617],7486,1,men,Middleweight,A: top-240 WITHOUT is_southpaw,0.6585365853658537,True
1,[7118-7617],7487,0,men,Bantamweight,A: top-240 WITHOUT is_southpaw,0.6046511627906976,True
1,[7118-7617],7488,1,men,Lightweight,A: top-240 WITHOUT is_southpaw,0.6585365853658537,True
1,[7118-7617],7489,0,men,Featherweight,A: top-240 WITHOUT is_southpaw,0.6585365853658537,True
1,[7118-7617],7490,0,men,Heavyweight,A: top-240 WITHOUT is_southpaw,0.490566037735849,True
1,[7118-7617],7491,1,women,Women's Strawweight,A: top-240 WITHOUT is_southpaw,0.6585365853658537,False
1,[7118-7617],7492,1,men,Bantamweight,A: top-240 WITHOUT is_southpaw,0.5263157894736842,True
1,[7118-7617],7493,0,women,Women's Flyweight,A: top-240 WITHOUT is_southpaw,0.4,False
1,[7118-7617],7494,0,men,Bantamweight,A: top-240 WITHOUT is_southpaw,0.6126760563380281,True
1,[7118-7617],7495,1,women,Women's Strawweight,A: top-240 WITHOUT is_southpaw,0.6585365853658537,False
1,[7118-7617],7496,1,men,Featherweight,A: top-240 WITHOUT is_southpaw,0.5263157894736842,True
1,[7118-7617],7497,0,men,Lightweight,A: top-240 WITHOUT is_southpaw,0.6126760563380281,True
1,[7118-7617],7498,1,men,Light Heavyweight,A: top-240 WITHOUT is_southpaw,0.6126760563380281,True
1,[7118-7617],7499,0,men,Bantamweight,A: top-240 WITHOUT is_southpaw,0.6126760563380281,True
1,[7118-7617],7500,1,women,Women's Strawweight,A: top-240 WITHOUT is_southpaw,0.8333333333333334,False
1,[7118-7617],7501,0,men,Welterweight,A: top-240 WITHOUT is_southpaw,0.3448275862068966,True
1,[7118-7617],7502,0,men,Bantamweight,A: top-240 WITHOUT is_southpaw,0.6046511627906976,True
1,[7118-7617],7503,1,men,Bantamweight,A: top-240 WITHOUT is_southpaw,0.6126760563380281,True
1,[7118-7617],7504,0,men,Middleweight,A: top-240 WITHOUT is_southpaw,0.6585365853658537,True
1,[7118-7617],7505,1,men,Middleweight,A: top-240 WITHOUT is_southpaw,0.7272727272727273,True
1,[7118-7617],7506,1,men,Lightweight,A: top-240 WITHOUT is_southpaw,0.3448275862068966,True
1,[7118-7617],7507,1,men,Bantamweight,A: top-240 WITHOUT is_southpaw,0.6585365853658537,True
1,[7118-7617],7508,1,men,Middleweight,A: top-240 WITHOUT is_southpaw,0.8333333333333334,True
1,[7118-7617],7509,0,women,Women's Flyweight,A: top-240 WITHOUT is_southpaw,0.3448275862068966,False
1,[7118-7617],7510,1,women,Women's Flyweight,A: top-240 WITHOUT is_southpaw,0.6126760563380281,False
1,[7118-7617],7511,0,women,Women's Strawweight,A: top-240 WITHOUT is_southpaw,0.5263157894736842,False
1,[7118-7617],7512,1,men,Featherweight,A: top-240 WITHOUT is_southpaw,0.5263157894736842,True
1,[7118-7617],7513,0,men,Welterweight,A: top-240 WITHOUT is_southpaw,0.6126760563380281,True
1,[7118-7617],7514,0,men,Middleweight,A: top-240 WITHOUT is_southpaw,0.6126760563380281,True
1,[7118-7617],7515,0,men,Middleweight,A: top-240 WITHOUT is_southpaw,0.3448275862068966,True
1,[7118-7617],7516,1,men,Featherweight,A: top-240 WITHOUT is_southpaw,0.8333333333333334,True
1,[7118-7617],7517,1,men,Light Heavyweight,A: top-240 WITHOUT is_southpaw,0.5263157894736842,True
1,[7118-7617],7518,1,men,Featherweight,A: top-240 WITHOUT is_southpaw,0.6126760563380281,True
1,[7118-7617],7519,1,men,Bantamweight,A: top-240 WITHOUT is_southpaw,0.8659398620135591,True
1,[7118-7617],7520,1,women,Women's Flyweight,A: top-240 WITHOUT is_southpaw,0.6585365853658537,False
1,[7118-7617],7521,1,men,Heavyweight,A: top-240 WITHOUT is_southpaw,0.7272727272727273,True
1,[7118-7617],7522,1,men,Heavyweight,A: top-240 WITHOUT is_southpaw,0.6126760563380281,True
1,[7118-7617],7523,0,men,Bantamweight,A: top-240 WITHOUT is_southpaw,0.6585365853658537,True
1,[7118-7617],7524,1,men,Welterweight,A: top-240 WITHOUT is_southpaw,0.4,True
1,[7118-7617],7525,1,men,Welterweight,A: top-240 WITHOUT is_southpaw,0.6585365853658537,True
1,[7118-7617],7526,0,women,Women's Flyweight,A: top-240 WITHOUT is_southpaw,0.490566037735849,False
1,[7118-7617],7527,1,men,Featherweight,A: top-240 WITHOUT is_southpaw,0.3448275862068966,True
1,[7118-7617],7528,1,men,Flyweight,A: top-240 WITHOUT is_southpaw,0.6585365853658537,True
1,[7118-7617],7529,1,men,Lightweight,A: top-240 WITHOUT is_southpaw,0.6126760563380281,True
1,[7118-7617],7530,1,men,Featherweight,A: top-240 WITHOUT is_southpaw,0.8610109018876871,True
1,[7118-7617],7531,0,men,Flyweight,A: top-240 WITHOUT is_southpaw,0.6126760563380281,True
1,[7118-7617],7532,1,men,Flyweight,A: top-240 WITHOUT is_southpaw,0.6585365853658537,True
1,[7118-7617],7533,1,men,Lightweight,A: top-240 WITHOUT is_southpaw,0.6585365853658537,True
1,[7118-7617],7534,1,men,Bantamweight,A: top-240 WITHOUT is_southpaw,0.6585365853658537,True
1,[7118-7617],7535,0,men,Bantamweight,A: top-240 WITHOUT is_southpaw,0.5263157894736842,True
1,[7118-7617],7536,1,men,Featherweight,A: top-240 WITHOUT is_southpaw,0.6126760563380281,True
1,[7118-7617],7537,1,men,Lightweight,A: top-240 WITHOUT is_southpaw,0.6585365853658537,True
1,[7118-7617],7538,0,men,Welterweight,A: top-240 WITHOUT is_southpaw,0.6126760563380281,True
1,[7118-7617],7539,0,men,Middleweight,A: top-240 WITHOUT is_southpaw,0.6126760563380281,True
1,[7118-7617],7540,1,men,Featherweight,A: top-240 WITHOUT is_southpaw,0.5263157894736842,True
1,[7118-7617],7541,1,men,Heavyweight,A: top-240 WITHOUT is_southpaw,0.6585365853658537,True
1,[7118-7617],7542,1,women,Women's Bantamweight,A: top-240 WITHOUT is_southpaw,0.6046511627906976,False
1,[7118-7617],7543,1,men,Welterweight,A: top-240 WITHOUT is_southpaw,0.6126760563380281,True
1,[7118-7617],7544,0,men,Catch Weight,A: top-240 WITHOUT is_southpaw,0.5263157894736842,True
1,[7118-7617],7545,1,men,Bantamweight,A: top-240 WITHOUT is_southpaw,0.6126760563380281,True
1,[7118-7617],7546,1,men,Bantamweight,A: top-240 WITHOUT is_southpaw,0.833359460928201,True
1,[7118-7617],7547,1,men,Featherweight,A: top-240 WITHOUT is_southpaw,0.6046511627906976,True
1,[7118-7617],7548,1,men,Featherweight,A: top-240 WITHOUT is_southpaw,0.88,True
1,[7118-7617],7549,1,men,Heavyweight,A: top-240 WITHOUT is_southpaw,0.88,True
1,[7118-7617],7550,1,women,Women's Flyweight,A: top-240 WITHOUT is_southpaw,0.6046511627906976,False
1,[7118-7617],7551,1,men,Light Heavyweight,A: top-240 WITHOUT is_southpaw,0.6126760563380281,True
1,[7118-7617],7552,1,men,Lightweight,A: top-240 WITHOUT is_southpaw,0.6585365853658537,True
1,[7118-7617],7553,0,men,Light Heavyweight,A: top-240 WITHOUT is_southpaw,0.5263157894736842,True
1,[7118-7617],7554,0,men,Bantamweight,A: top-240 WITHOUT is_southpaw,0.6046511627906976,True
1,[7118-7617],7555,0,men,Middleweight,A: top-240 WITHOUT is_southpaw,0.490566037735849,True
1,[7118-7617],7556,1,men,Featherweight,A: top-240 WITHOUT is_southpaw,0.5263157894736842,True
1,[7118-7617],7557,0,women,Women's Flyweight,A: top-240 WITHOUT is_southpaw,0.6046511627906976,False
1,[7118-7617],7558,1,men,Lightweight,A: top-240 WITHOUT is_southpaw,0.6585365853658537,True
1,[7118-7617],7559,1,men,Welterweight,A: top-240 WITHOUT is_southpaw,0.6585365853658537,True
1,[7118-7617],7560,0,men,Featherweight,A: top-240 WITHOUT is_southpaw,0.6585365853658537,True
1,[7118-7617],7561,0,men,Welterweight,A: top-240 WITHOUT is_southpaw,0.6046511627906976,True
1,[7118-7617],7562,1,men,Lightweight,A: top-240 WITHOUT is_southpaw,0.6585365853658537,True
1,[7118-7617],7563,0,men,Featherweight,A: top-240 WITHOUT is_southpaw,0.6046511627906976,True
1,[7118-7617],7564,1,men,Light Heavyweight,A: top-240 WITHOUT is_southpaw,0.6585365853658537,True
1,[7118-7617],7565,1,men,Light Heavyweight,A: top-240 WITHOUT is_southpaw,0.6126760563380281,True
1,[7118-7617],7566,1,men,Heavyweight,A: top-240 WITHOUT is_southpaw,0.6585365853658537,True
1,[7118-7617],7567,1,men,Flyweight,A: top-240 WITHOUT is_southpaw,0.6585365853658537,True
1,[7118-7617],7568,0,men,Heavyweight,A: top-240 WITHOUT is_southpaw,0.490566037735849,True
1,[7118-7617],7569,0,men,Middleweight,A: top-240 WITHOUT is_southpaw,0.6585365853658537,True
1,[7118-7617],7570,1,men,Lightweight,A: top-240 WITHOUT is_southpaw,0.6585365853658537,True
1,[7118-7617],7571,1,men,Heavyweight,A: top-240 WITHOUT is_southpaw,0.6585365853658537,True
1,[7118-7617],7572,1,men,Featherweight,A: top-240 WITHOUT is_southpaw,0.6126760563380281,True
1,[7118-7617],7573,1,women,Women's Strawweight,A: top-240 WITHOUT is_southpaw,0.6126760563380281,False
1,[7118-7617],7574,1,men,Bantamweight,A: top-240 WITHOUT is_southpaw,0.6126760563380281,True
1,[7118-7617],7575,1,women,Women's Strawweight,A: top-240 WITHOUT is_southpaw,0.8333333333333334,False
1,[7118-7617],7576,0,men,Lightweight,A: top-240 WITHOUT is_southpaw,0.490566037735849,True
1,[7118-7617],7577,1,women,Women's Flyweight,A: top-240 WITHOUT is_southpaw,0.7272727272727273,False
1,[7118-7617],7578,1,men,Middleweight,A: top-240 WITHOUT is_southpaw,0.6126760563380281,True
1,[7118-7617],7579,0,men,Featherweight,A: top-240 WITHOUT is_southpaw,0.6585365853658537,True
1,[7118-7617],7580,1,men,Lightweight,A: top-240 WITHOUT is_southpaw,0.6585365853658537,True
1,[7118-7617],7581,1,men,Bantamweight,A: top-240 WITHOUT is_southpaw,0.8333333333333334,True
1,[7118-7617],7582,0,men,Welterweight,A: top-240 WITHOUT is_southpaw,0.21052631578947367,True
1,[7118-7617],7583,1,women,Women's Strawweight,A: top-240 WITHOUT is_southpaw,0.8605443610695495,False
1,[7118-7617],7584,1,men,Heavyweight,A: top-240 WITHOUT is_southpaw,0.6585365853658537,True
1,[7118-7617],7585,0,men,Lightweight,A: top-240 WITHOUT is_southpaw,0.6126760563380281,True
1,[7118-7617],7586,0,men,Lightweight,A: top-240 WITHOUT is_southpaw,0.6046511627906976,True
1,[7118-7617],7587,1,men,Flyweight,A: top-240 WITHOUT is_southpaw,0.6585365853658537,True
1,[7118-7617],7588,0,men,Featherweight,A: top-240 WITHOUT is_southpaw,0.5263157894736842,True
1,[7118-7617],7589,0,women,Women's Bantamweight,A: top-240 WITHOUT is_southpaw,0.6585365853658537,False
1,[7118-7617],7590,1,women,Women's Strawweight,A: top-240 WITHOUT is_southpaw,0.5263157894736842,False
1,[7118-7617],7591,1,men,Heavyweight,A: top-240 WITHOUT is_southpaw,0.6126760563380281,True
1,[7118-7617],7592,0,men,Middleweight,A: top-240 WITHOUT is_southpaw,0.88,True
1,[7118-7617],7593,1,women,Women's Strawweight,A: top-240 WITHOUT is_southpaw,0.6585365853658537,False
1,[7118-7617],7594,1,men,Welterweight,A: top-240 WITHOUT is_southpaw,0.490566037735849,True
1,[7118-7617],7595,1,men,Featherweight,A: top-240 WITHOUT is_southpaw,0.6126760563380281,True
1,[7118-7617],7596,0,men,Lightweight,A: top-240 WITHOUT is_southpaw,0.3448275862068966,True
1,[7118-7617],7597,1,men,Welterweight,A: top-240 WITHOUT is_southpaw,0.6046511627906976,True
1,[7118-7617],7598,1,men,Bantamweight,A: top-240 WITHOUT is_southpaw,0.6046511627906976,True
1,[7118-7617],7599,1,men,Welterweight,A: top-240 WITHOUT is_southpaw,0.6126760563380281,True
1,[7118-7617],7600,0,men,Heavyweight,A: top-240 WITHOUT is_southpaw,0.6585365853658537,True
1,[7118-7617],7601,0,men,Featherweight,A: top-240 WITHOUT is_southpaw,0.5263157894736842,True
1,[7118-7617],7602,0,women,Women's Flyweight,A: top-240 WITHOUT is_southpaw,0.6046511627906976,False
1,[7118-7617],7603,1,men,Bantamweight,A: top-240 WITHOUT is_southpaw,0.6046511627906976,True
1,[7118-7617],7604,0,men,Light Heavyweight,A: top-240 WITHOUT is_southpaw,0.6126760563380281,True
1,[7118-7617],7605,0,men,Light Heavyweight,A: top-240 WITHOUT is_southpaw,0.6585365853658537,True
1,[7118-7617],7606,1,men,Welterweight,A: top-240 WITHOUT is_southpaw,0.6585365853658537,True
1,[7118-7617],7607,1,men,Bantamweight,A: top-240 WITHOUT is_southpaw,0.4,True
1,[7118-7617],7608,1,women,Women's Strawweight,A: top-240 WITHOUT is_southpaw,0.14560904119885443,False
1,[7118-7617],7609,0,women,Women's Flyweight,A: top-240 WITHOUT is_southpaw,0.6046511627906976,False
1,[7118-7617],7610,1,women,Women's Strawweight,A: top-240 WITHOUT is_southpaw,0.3448275862068966,False
1,[7118-7617],7611,1,men,Flyweight,A: top-240 WITHOUT is_southpaw,0.3448275862068966,True
1,[7118-7617],7612,1,men,Lightweight,A: top-240 WITHOUT is_southpaw,0.6046511627906976,True
1,[7118-7617],7613,0,men,Featherweight,A: top-240 WITHOUT is_southpaw,0.6126760563380281,True
1,[7118-7617],7614,0,men,Welterweight,A: top-240 WITHOUT is_southpaw,0.490566037735849,True
1,[7118-7617],7615,1,men,Middleweight,A: top-240 WITHOUT is_southpaw,0.7272727272727273,True
1,[7118-7617],7616,0,men,Lightweight,A: top-240 WITHOUT is_southpaw,0.6585365853658537,True
1,[7118-7617],7617,1,men,Bantamweight,A: top-240 WITHOUT is_southpaw,0.6046511627906976,True
1,[7118-7617],7118,1,men,Lightweight,B: A + is_southpaw (+1 cols),0.6212121212121212,True
1,[7118-7617],7119,1,men,Bantamweight,B: A + is_southpaw (+1 cols),0.6666666666666666,True
1,[7118-7617],7120,1,men,Bantamweight,B: A + is_southpaw (+1 cols),0.6212121212121212,True
1,[7118-7617],7121,1,men,Bantamweight,B: A + is_southpaw (+1 cols),0.6212121212121212,True
1,[7118-7617],7122,0,men,Flyweight,B: A + is_southpaw (+1 cols),0.4953271028037383,True
1,[7118-7617],7123,0,men,Welterweight,B: A + is_southpaw (+1 cols),0.6666666666666666,True
1,[7118-7617],7124,1,men,Lightweight,B: A + is_southpaw (+1 cols),0.6666666666666666,True
1,[7118-7617],7125,0,men,Welterweight,B: A + is_southpaw (+1 cols),0.6666666666666666,True
1,[7118-7617],7126,1,men,Featherweight,B: A + is_southpaw (+1 cols),0.6666666666666666,True
1,[7118-7617],7127,0,men,Middleweight,B: A + is_southpaw (+1 cols),0.4953271028037383,True
1,[7118-7617],7128,1,men,Lightweight,B: A + is_southpaw (+1 cols),0.38461538461538464,True
1,[7118-7617],7129,0,women,Women's Strawweight,B: A + is_southpaw (+1 cols),0.6666666666666666,False
1,[7118-7617],7130,1,men,Flyweight,B: A + is_southpaw (+1 cols),0.6666666666666666,True
1,[7118-7617],7131,1,men,Lightweight,B: A + is_southpaw (+1 cols),0.8554485544417103,True
1,[7118-7617],7132,1,men,Middleweight,B: A + is_southpaw (+1 cols),0.18181818181818182,True
1,[7118-7617],7133,1,men,Flyweight,B: A + is_southpaw (+1 cols),0.6212121212121212,True
1,[7118-7617],7134,1,men,Featherweight,B: A + is_southpaw (+1 cols),0.48148148148148145,True
1,[7118-7617],7135,1,men,Flyweight,B: A + is_southpaw (+1 cols),0.6666666666666666,True
1,[7118-7617],7136,1,men,Lightweight,B: A + is_southpaw (+1 cols),0.6212121212121212,True
1,[7118-7617],7137,0,men,Middleweight,B: A + is_southpaw (+1 cols),0.6666666666666666,True
1,[7118-7617],7138,1,men,Bantamweight,B: A + is_southpaw (+1 cols),0.6666666666666666,True
1,[7118-7617],7139,1,men,Bantamweight,B: A + is_southpaw (+1 cols),0.8333333333333334,True
1,[7118-7617],7140,0,women,Women's Bantamweight,B: A + is_southpaw (+1 cols),0.4953271028037383,False
1,[7118-7617],7141,0,men,Middleweight,B: A + is_southpaw (+1 cols),0.6666666666666666,True
1,[7118-7617],7142,1,men,Featherweight,B: A + is_southpaw (+1 cols),0.6666666666666666,True
1,[7118-7617],7143,1,men,Light Heavyweight,B: A + is_southpaw (+1 cols),0.48148148148148145,True
1,[7118-7617],7144,0,men,Bantamweight,B: A + is_southpaw (+1 cols),0.6212121212121212,True
1,[7118-7617],7145,0,men,Welterweight,B: A + is_southpaw (+1 cols),0.6666666666666666,True
1,[7118-7617],7146,1,men,Lightweight,B: A + is_southpaw (+1 cols),0.6212121212121212,True
1,[7118-7617],7147,0,men,Bantamweight,B: A + is_southpaw (+1 cols),0.5789473684210527,True
1,[7118-7617],7148,0,men,Heavyweight,B: A + is_southpaw (+1 cols),0.35,True
1,[7118-7617],7149,1,men,Welterweight,B: A + is_southpaw (+1 cols),0.8333333333333334,True
1,[7118-7617],7150,1,men,Lightweight,B: A + is_southpaw (+1 cols),0.6666666666666666,True
1,[7118-7617],7151,1,women,Women's Featherweight,B: A + is_southpaw (+1 cols),0.8846153846153846,False
1,[7118-7617],7152,0,men,Light Heavyweight,B: A + is_southpaw (+1 cols),0.6500614555308682,True
1,[7118-7617],7153,0,men,Light Heavyweight,B: A + is_southpaw (+1 cols),0.48148148148148145,True
1,[7118-7617],7154,0,women,Women's Flyweight,B: A + is_southpaw (+1 cols),0.35,False
1,[7118-7617],7155,1,men,Welterweight,B: A + is_southpaw (+1 cols),0.4953271028037383,True
1,[7118-7617],7156,0,men,Flyweight,B: A + is_southpaw (+1 cols),0.35,True
1,[7118-7617],7157,0,men,Middleweight,B: A + is_southpaw (+1 cols),0.6666666666666666,True
1,[7118-7617],7158,0,men,Light Heavyweight,B: A + is_southpaw (+1 cols),0.4953271028037383,True
1,[7118-7617],7159,1,men,Flyweight,B: A + is_southpaw (+1 cols),0.6666666666666666,True
1,[7118-7617],7160,1,men,Middleweight,B: A + is_southpaw (+1 cols),0.7272727272727273,True
1,[7118-7617],7161,0,men,Flyweight,B: A + is_southpaw (+1 cols),0.6666666666666666,True
1,[7118-7617],7162,0,men,Bantamweight,B: A + is_southpaw (+1 cols),0.6666666666666666,True
1,[7118-7617],7163,1,men,Featherweight,B: A + is_southpaw (+1 cols),0.5789473684210527,True
1,[7118-7617],7164,0,men,Welterweight,B: A + is_southpaw (+1 cols),0.6666666666666666,True
1,[7118-7617],7165,1,men,Heavyweight,B: A + is_southpaw (+1 cols),0.4953271028037383,True
1,[7118-7617],7166,0,men,Light Heavyweight,B: A + is_southpaw (+1 cols),0.7272727272727273,True
1,[7118-7617],7167,0,men,Heavyweight,B: A + is_southpaw (+1 cols),0.38461538461538464,True
1,[7118-7617],7168,0,men,Lightweight,B: A + is_southpaw (+1 cols),0.7272727272727273,True
1,[7118-7617],7169,0,men,Lightweight,B: A + is_southpaw (+1 cols),0.6666666666666666,True
1,[7118-7617],7170,0,men,Featherweight,B: A + is_southpaw (+1 cols),0.6212121212121212,True
1,[7118-7617],7171,1,women,Women's Strawweight,B: A + is_southpaw (+1 cols),0.7272727272727273,False
1,[7118-7617],7172,1,men,Featherweight,B: A + is_southpaw (+1 cols),0.7272727272727273,True
1,[7118-7617],7173,1,men,Lightweight,B: A + is_southpaw (+1 cols),0.6212121212121212,True
1,[7118-7617],7174,0,men,Flyweight,B: A + is_southpaw (+1 cols),0.48148148148148145,True
1,[7118-7617],7175,0,men,Light Heavyweight,B: A + is_southpaw (+1 cols),0.6666666666666666,True
1,[7118-7617],7176,1,men,Heavyweight,B: A + is_southpaw (+1 cols),0.6666666666666666,True
1,[7118-7617],7177,1,men,Welterweight,B: A + is_southpaw (+1 cols),0.6666666666666666,True
1,[7118-7617],7178,1,men,Featherweight,B: A + is_southpaw (+1 cols),0.6212121212121212,True
1,[7118-7617],7179,1,men,Lightweight,B: A + is_southpaw (+1 cols),0.6212121212121212,True
1,[7118-7617],7180,1,men,Featherweight,B: A + is_southpaw (+1 cols),0.5789473684210527,True
1,[7118-7617],7181,0,women,Women's Bantamweight,B: A + is_southpaw (+1 cols),0.48148148148148145,False
1,[7118-7617],7182,1,men,Welterweight,B: A + is_southpaw (+1 cols),0.6212121212121212,True
1,[7118-7617],7183,0,men,Light Heavyweight,B: A + is_southpaw (+1 cols),0.4953271028037383,True
1,[7118-7617],7184,1,men,Featherweight,B: A + is_southpaw (+1 cols),0.5789473684210527,True
1,[7118-7617],7185,1,men,Lightweight,B: A + is_southpaw (+1 cols),0.6666666666666666,True
1,[7118-7617],7186,1,men,Flyweight,B: A + is_southpaw (+1 cols),0.6666666666666666,True
1,[7118-7617],7187,0,men,Light Heavyweight,B: A + is_southpaw (+1 cols),0.6666666666666666,True
1,[7118-7617],7188,0,women,Women's Flyweight,B: A + is_southpaw (+1 cols),0.18181818181818182,False
1,[7118-7617],7189,0,men,Lightweight,B: A + is_southpaw (+1 cols),0.4953271028037383,True
1,[7118-7617],7190,0,men,Heavyweight,B: A + is_southpaw (+1 cols),0.4953271028037383,True
1,[7118-7617],7191,0,men,Light Heavyweight,B: A + is_southpaw (+1 cols),0.48148148148148145,True
1,[7118-7617],7192,0,men,Lightweight,B: A + is_southpaw (+1 cols),0.18181818181818182,True
1,[7118-7617],7193,1,men,Lightweight,B: A + is_southpaw (+1 cols),0.8333333333333334,True
1,[7118-7617],7194,1,men,Lightweight,B: A + is_southpaw (+1 cols),0.7272727272727273,True
1,[7118-7617],7195,1,women,Women's Flyweight,B: A + is_southpaw (+1 cols),0.5789473684210527,False
1,[7118-7617],7196,1,men,Catch Weight,B: A + is_southpaw (+1 cols),0.6212121212121212,True
1,[7118-7617],7197,1,men,Welterweight,B: A + is_southpaw (+1 cols),0.6666666666666666,True
1,[7118-7617],7198,1,women,Women's Flyweight,B: A + is_southpaw (+1 cols),0.7272727272727273,False
1,[7118-7617],7199,1,men,Heavyweight,B: A + is_southpaw (+1 cols),0.4953271028037383,True
1,[7118-7617],7200,0,men,Middleweight,B: A + is_southpaw (+1 cols),0.6666666666666666,True
1,[7118-7617],7201,0,men,Lightweight,B: A + is_southpaw (+1 cols),0.4953271028037383,True
1,[7118-7617],7202,0,men,Middleweight,B: A + is_southpaw (+1 cols),0.6212121212121212,True
1,[7118-7617],7203,0,men,Bantamweight,B: A + is_southpaw (+1 cols),0.48148148148148145,True
1,[7118-7617],7204,0,women,Women's Strawweight,B: A + is_southpaw (+1 cols),0.35,False
1,[7118-7617],7205,0,men,Bantamweight,B: A + is_southpaw (+1 cols),0.48148148148148145,True
1,[7118-7617],7206,0,men,Lightweight,B: A + is_southpaw (+1 cols),0.6212121212121212,True
1,[7118-7617],7207,1,men,Welterweight,B: A + is_southpaw (+1 cols),0.6666666666666666,True
1,[7118-7617],7208,0,women,Women's Flyweight,B: A + is_southpaw (+1 cols),0.38461538461538464,False
1,[7118-7617],7209,1,men,Lightweight,B: A + is_southpaw (+1 cols),0.6666666666666666,True
1,[7118-7617],7210,1,men,Bantamweight,B: A + is_southpaw (+1 cols),0.7272727272727273,True
1,[7118-7617],7211,1,men,Middleweight,B: A + is_southpaw (+1 cols),0.8846153846153846,True
1,[7118-7617],7212,0,women,Women's Flyweight,B: A + is_southpaw (+1 cols),0.7272727272727273,False
1,[7118-7617],7213,1,men,Heavyweight,B: A + is_southpaw (+1 cols),0.6666666666666666,True
1,[7118-7617],7214,0,men,Middleweight,B: A + is_southpaw (+1 cols),0.35,True
1,[7118-7617],7215,0,men,Welterweight,B: A + is_southpaw (+1 cols),0.4953271028037383,True
1,[7118-7617],7216,0,men,Bantamweight,B: A + is_southpaw (+1 cols),0.5789473684210527,True
1,[7118-7617],7217,1,men,Welterweight,B: A + is_southpaw (+1 cols),0.6212121212121212,True
1,[7118-7617],7218,0,men,Flyweight,B: A + is_southpaw (+1 cols),0.38461538461538464,True
1,[7118-7617],7219,1,women,Women's Flyweight,B: A + is_southpaw (+1 cols),0.4953271028037383,False
1,[7118-7617],7220,1,men,Bantamweight,B: A + is_southpaw (+1 cols),0.18181818181818182,True
1,[7118-7617],7221,0,men,Middleweight,B: A + is_southpaw (+1 cols),0.8846153846153846,True
1,[7118-7617],7222,1,men,Heavyweight,B: A + is_southpaw (+1 cols),0.6666666666666666,True
1,[7118-7617],7223,1,men,Bantamweight,B: A + is_southpaw (+1 cols),0.6666666666666666,True
1,[7118-7617],7224,0,men,Bantamweight,B: A + is_southpaw (+1 cols),0.6212121212121212,True
1,[7118-7617],7225,1,men,Catch Weight,B: A + is_southpaw (+1 cols),0.6666666666666666,True
1,[7118-7617],7226,1,men,Heavyweight,B: A + is_southpaw (+1 cols),0.6212121212121212,True
1,[7118-7617],7227,0,men,Bantamweight,B: A + is_southpaw (+1 cols),0.5789473684210527,True
1,[7118-7617],7228,1,men,Light Heavyweight,B: A + is_southpaw (+1 cols),0.6666666666666666,True
1,[7118-7617],7229,0,women,Women's Flyweight,B: A + is_southpaw (+1 cols),0.7272727272727273,False
1,[7118-7617],7230,1,women,Women's Flyweight,B: A + is_southpaw (+1 cols),0.3935698392623214,False
1,[7118-7617],7231,1,men,Middleweight,B: A + is_southpaw (+1 cols),0.6212121212121212,True
1,[7118-7617],7232,1,men,Featherweight,B: A + is_southpaw (+1 cols),0.6666666666666666,True
1,[7118-7617],7233,1,men,Flyweight,B: A + is_southpaw (+1 cols),0.8846153846153846,True
1,[7118-7617],7234,0,men,Lightweight,B: A + is_southpaw (+1 cols),0.6666666666666666,True
1,[7118-7617],7235,1,men,Flyweight,B: A + is_southpaw (+1 cols),0.8333333333333334,True
1,[7118-7617],7236,1,men,Featherweight,B: A + is_southpaw (+1 cols),0.7272727272727273,True
1,[7118-7617],7237,1,men,Middleweight,B: A + is_southpaw (+1 cols),0.6666666666666666,True
1,[7118-7617],7238,1,women,Women's Flyweight,B: A + is_southpaw (+1 cols),0.35,False
1,[7118-7617],7239,1,men,Welterweight,B: A + is_southpaw (+1 cols),0.6212121212121212,True
1,[7118-7617],7240,1,men,Lightweight,B: A + is_southpaw (+1 cols),0.4,True
1,[7118-7617],7241,1,men,Welterweight,B: A + is_southpaw (+1 cols),0.38461538461538464,True
1,[7118-7617],7242,1,men,Lightweight,B: A + is_southpaw (+1 cols),0.6212121212121212,True
1,[7118-7617],7243,1,men,Flyweight,B: A + is_southpaw (+1 cols),0.4953271028037383,True
1,[7118-7617],7244,1,men,Flyweight,B: A + is_southpaw (+1 cols),0.6666666666666666,True
1,[7118-7617],7245,1,men,Welterweight,B: A + is_southpaw (+1 cols),0.5789473684210527,True
1,[7118-7617],7246,0,men,Featherweight,B: A + is_southpaw (+1 cols),0.49473591453900856,True
1,[7118-7617],7247,1,men,Featherweight,B: A + is_southpaw (+1 cols),0.48148148148148145,True
1,[7118-7617],7248,0,women,Women's Flyweight,B: A + is_southpaw (+1 cols),0.5789473684210527,False
1,[7118-7617],7249,1,men,Featherweight,B: A + is_southpaw (+1 cols),0.35,True
1,[7118-7617],7250,1,women,Women's Bantamweight,B: A + is_southpaw (+1 cols),0.6212121212121212,False
1,[7118-7617],7251,0,men,Bantamweight,B: A + is_southpaw (+1 cols),0.48148148148148145,True
1,[7118-7617],7252,0,men,Middleweight,B: A + is_southpaw (+1 cols),0.4953271028037383,True
1,[7118-7617],7253,0,men,Middleweight,B: A + is_southpaw (+1 cols),0.5789473684210527,True
1,[7118-7617],7254,0,men,Featherweight,B: A + is_southpaw (+1 cols),0.6212121212121212,True
1,[7118-7617],7255,1,men,Catch Weight,B: A + is_southpaw (+1 cols),0.873506158773411,True
1,[7118-7617],7256,0,women,Women's Strawweight,B: A + is_southpaw (+1 cols),0.4,False
1,[7118-7617],7257,0,women,Women's Strawweight,B: A + is_southpaw (+1 cols),0.18181818181818182,False
1,[7118-7617],7258,0,women,Women's Strawweight,B: A + is_southpaw (+1 cols),0.6666666666666666,False
1,[7118-7617],7259,0,men,Bantamweight,B: A + is_southpaw (+1 cols),0.6212121212121212,True
1,[7118-7617],7260,1,men,Welterweight,B: A + is_southpaw (+1 cols),0.6666666666666666,True
1,[7118-7617],7261,1,men,Bantamweight,B: A + is_southpaw (+1 cols),0.4953271028037383,True
1,[7118-7617],7262,1,men,Welterweight,B: A + is_southpaw (+1 cols),0.6212121212121212,True
1,[7118-7617],7263,0,men,Middleweight,B: A + is_southpaw (+1 cols),0.4953271028037383,True
1,[7118-7617],7264,0,men,Middleweight,B: A + is_southpaw (+1 cols),0.4953271028037383,True
1,[7118-7617],7265,1,women,Women's Bantamweight,B: A + is_southpaw (+1 cols),0.6212121212121212,False
1,[7118-7617],7266,0,men,Bantamweight,B: A + is_southpaw (+1 cols),0.48148148148148145,True
1,[7118-7617],7267,0,men,Lightweight,B: A + is_southpaw (+1 cols),0.48148148148148145,True
1,[7118-7617],7268,1,women,Women's Strawweight,B: A + is_southpaw (+1 cols),0.4953271028037383,False
1,[7118-7617],7269,1,men,Light Heavyweight,B: A + is_southpaw (+1 cols),0.8333333333333334,True
1,[7118-7617],7270,1,men,Flyweight,B: A + is_southpaw (+1 cols),0.48148148148148145,True
1,[7118-7617],7271,0,women,Women's Strawweight,B: A + is_southpaw (+1 cols),0.6666666666666666,False
1,[7118-7617],7272,0,men,Lightweight,B: A + is_southpaw (+1 cols),0.18181818181818182,True
1,[7118-7617],7273,1,men,Bantamweight,B: A + is_southpaw (+1 cols),0.35,True
1,[7118-7617],7274,0,men,Light Heavyweight,B: A + is_southpaw (+1 cols),0.6666666666666666,True
1,[7118-7617],7275,0,men,Light Heavyweight,B: A + is_southpaw (+1 cols),0.48148148148148145,True
1,[7118-7617],7276,1,men,Featherweight,B: A + is_southpaw (+1 cols),0.4953271028037383,True
1,[7118-7617],7277,1,men,Featherweight,B: A + is_southpaw (+1 cols),0.48148148148148145,True
1,[7118-7617],7278,1,men,Featherweight,B: A + is_southpaw (+1 cols),0.4953271028037383,True
1,[7118-7617],7279,1,men,Bantamweight,B: A + is_southpaw (+1 cols),0.6666666666666666,True
1,[7118-7617],7280,0,men,Featherweight,B: A + is_southpaw (+1 cols),0.6212121212121212,True
1,[7118-7617],7281,1,men,Heavyweight,B: A + is_southpaw (+1 cols),0.6666666666666666,True
1,[7118-7617],7282,0,women,Women's Featherweight,B: A + is_southpaw (+1 cols),0.6212121212121212,False
1,[7118-7617],7283,0,men,Bantamweight,B: A + is_southpaw (+1 cols),0.35,True
1,[7118-7617],7284,1,men,Welterweight,B: A + is_southpaw (+1 cols),0.6666666666666666,True
1,[7118-7617],7285,1,women,Women's Flyweight,B: A + is_southpaw (+1 cols),0.6666666666666666,False
1,[7118-7617],7286,0,men,Middleweight,B: A + is_southpaw (+1 cols),0.4953271028037383,True
1,[7118-7617],7287,1,men,Heavyweight,B: A + is_southpaw (+1 cols),0.6666666666666666,True
1,[7118-7617],7288,0,men,Lightweight,B: A + is_southpaw (+1 cols),0.6212121212121212,True
1,[7118-7617],7289,1,men,Flyweight,B: A + is_southpaw (+1 cols),0.6212121212121212,True
1,[7118-7617],7290,0,women,Women's Bantamweight,B: A + is_southpaw (+1 cols),0.6666666666666666,False
1,[7118-7617],7291,0,men,Catch Weight,B: A + is_southpaw (+1 cols),0.6666666666666666,True
1,[7118-7617],7292,0,women,Women's Bantamweight,B: A + is_southpaw (+1 cols),0.6212121212121212,False
1,[7118-7617],7293,1,men,Heavyweight,B: A + is_southpaw (+1 cols),0.7272727272727273,True
1,[7118-7617],7294,1,men,Heavyweight,B: A + is_southpaw (+1 cols),0.48148148148148145,True
1,[7118-7617],7295,0,men,Featherweight,B: A + is_southpaw (+1 cols),0.35,True
1,[7118-7617],7296,1,men,Middleweight,B: A + is_southpaw (+1 cols),0.6212121212121212,True
1,[7118-7617],7297,1,men,Middleweight,B: A + is_southpaw (+1 cols),0.6212121212121212,True
1,[7118-7617],7298,1,men,Bantamweight,B: A + is_southpaw (+1 cols),0.4953271028037383,True
1,[7118-7617],7299,0,men,Welterweight,B: A + is_southpaw (+1 cols),0.6212121212121212,True
1,[7118-7617],7300,0,men,Middleweight,B: A + is_southpaw (+1 cols),0.6666666666666666,True
1,[7118-7617],7301,0,men,Middleweight,B: A + is_southpaw (+1 cols),0.5789473684210527,True
1,[7118-7617],7302,0,women,Women's Strawweight,B: A + is_southpaw (+1 cols),0.6666666666666666,False
1,[7118-7617],7303,1,men,Welterweight,B: A + is_southpaw (+1 cols),0.6666666666666666,True
1,[7118-7617],7304,1,men,Light Heavyweight,B: A + is_southpaw (+1 cols),0.6666666666666666,True
1,[7118-7617],7305,0,men,Heavyweight,B: A + is_southpaw (+1 cols),0.6666666666666666,True
1,[7118-7617],7306,0,men,Featherweight,B: A + is_southpaw (+1 cols),0.48811098986560847,True
1,[7118-7617],7307,1,men,Featherweight,B: A + is_southpaw (+1 cols),0.8846153846153846,True
1,[7118-7617],7308,0,women,Women's Strawweight,B: A + is_southpaw (+1 cols),0.4953271028037383,False
1,[7118-7617],7309,1,men,Welterweight,B: A + is_southpaw (+1 cols),0.6212121212121212,True
1,[7118-7617],7310,1,men,Bantamweight,B: A + is_southpaw (+1 cols),0.6666666666666666,True
1,[7118-7617],7311,0,men,Lightweight,B: A + is_southpaw (+1 cols),0.4953271028037383,True
1,[7118-7617],7312,1,men,Welterweight,B: A + is_southpaw (+1 cols),0.6666666666666666,True
1,[7118-7617],7313,0,women,Women's Flyweight,B: A + is_southpaw (+1 cols),0.4953271028037383,False
1,[7118-7617],7314,0,men,Catch Weight,B: A + is_southpaw (+1 cols),0.6666666666666666,True
1,[7118-7617],7315,1,men,Heavyweight,B: A + is_southpaw (+1 cols),0.8846153846153846,True
1,[7118-7617],7316,1,men,Welterweight,B: A + is_southpaw (+1 cols),0.48148148148148145,True
1,[7118-7617],7317,0,men,Welterweight,B: A + is_southpaw (+1 cols),0.48148148148148145,True
1,[7118-7617],7318,1,men,Light Heavyweight,B: A + is_southpaw (+1 cols),0.6666666666666666,True
1,[7118-7617],7319,0,men,Light Heavyweight,B: A + is_southpaw (+1 cols),0.4,True
1,[7118-7617],7320,0,men,Heavyweight,B: A + is_southpaw (+1 cols),0.48148148148148145,True
1,[7118-7617],7321,0,women,Women's Bantamweight,B: A + is_southpaw (+1 cols),0.4953271028037383,False
1,[7118-7617],7322,0,men,Welterweight,B: A + is_southpaw (+1 cols),0.48148148148148145,True
1,[7118-7617],7323,0,men,Heavyweight,B: A + is_southpaw (+1 cols),0.4953271028037383,True
1,[7118-7617],7324,0,men,Welterweight,B: A + is_southpaw (+1 cols),0.4953271028037383,True
1,[7118-7617],7325,1,women,Women's Flyweight,B: A + is_southpaw (+1 cols),0.8846153846153846,False
1,[7118-7617],7326,0,men,Welterweight,B: A + is_southpaw (+1 cols),0.4953271028037383,True
1,[7118-7617],7327,1,women,Women's Strawweight,B: A + is_southpaw (+1 cols),0.4953271028037383,False
1,[7118-7617],7328,1,men,Lightweight,B: A + is_southpaw (+1 cols),0.6212121212121212,True
1,[7118-7617],7329,1,men,Lightweight,B: A + is_southpaw (+1 cols),0.6666666666666666,True
1,[7118-7617],7330,0,men,Welterweight,B: A + is_southpaw (+1 cols),0.48148148148148145,True
1,[7118-7617],7331,0,men,Catch Weight,B: A + is_southpaw (+1 cols),0.4953271028037383,True
1,[7118-7617],7332,0,men,Middleweight,B: A + is_southpaw (+1 cols),0.6666666666666666,True
1,[7118-7617],7333,1,women,Women's Strawweight,B: A + is_southpaw (+1 cols),0.6212121212121212,False
1,[7118-7617],7334,0,men,Lightweight,B: A + is_southpaw (+1 cols),0.6666666666666666,True
1,[7118-7617],7335,1,men,Flyweight,B: A + is_southpaw (+1 cols),0.6212121212121212,True
1,[7118-7617],7336,1,men,Featherweight,B: A + is_southpaw (+1 cols),0.8693235028410373,True
1,[7118-7617],7337,1,men,Flyweight,B: A + is_southpaw (+1 cols),0.5789473684210527,True
1,[7118-7617],7338,0,men,Featherweight,B: A + is_southpaw (+1 cols),0.6212121212121212,True
1,[7118-7617],7339,0,men,Flyweight,B: A + is_southpaw (+1 cols),0.5789473684210527,True
1,[7118-7617],7340,1,men,Flyweight,B: A + is_southpaw (+1 cols),0.6666666666666666,True
1,[7118-7617],7341,0,men,Featherweight,B: A + is_southpaw (+1 cols),0.4953271028037383,True
1,[7118-7617],7342,0,men,Flyweight,B: A + is_southpaw (+1 cols),0.6212121212121212,True
1,[7118-7617],7343,1,men,Featherweight,B: A + is_southpaw (+1 cols),0.6666666666666666,True
1,[7118-7617],7344,1,men,Welterweight,B: A + is_southpaw (+1 cols),0.6666666666666666,True
1,[7118-7617],7345,0,men,Welterweight,B: A + is_southpaw (+1 cols),0.6212121212121212,True
1,[7118-7617],7346,1,men,Bantamweight,B: A + is_southpaw (+1 cols),0.6666666666666666,True
1,[7118-7617],7347,0,men,Lightweight,B: A + is_southpaw (+1 cols),0.6212121212121212,True
1,[7118-7617],7348,1,men,Bantamweight,B: A + is_southpaw (+1 cols),0.4953271028037383,True
1,[7118-7617],7349,0,men,Lightweight,B: A + is_southpaw (+1 cols),0.6212121212121212,True
1,[7118-7617],7350,0,men,Bantamweight,B: A + is_southpaw (+1 cols),0.4953271028037383,True
1,[7118-7617],7351,0,men,Lightweight,B: A + is_southpaw (+1 cols),0.6212121212121212,True
1,[7118-7617],7352,1,men,Bantamweight,B: A + is_southpaw (+1 cols),0.5789473684210527,True
1,[7118-7617],7353,0,men,Lightweight,B: A + is_southpaw (+1 cols),0.5789473684210527,True
1,[7118-7617],7354,0,men,Flyweight,B: A + is_southpaw (+1 cols),0.5789473684210527,True
1,[7118-7617],7355,0,men,Heavyweight,B: A + is_southpaw (+1 cols),0.6212121212121212,True
1,[7118-7617],7356,1,men,Bantamweight,B: A + is_southpaw (+1 cols),0.6212121212121212,True
1,[7118-7617],7357,1,women,Women's Strawweight,B: A + is_southpaw (+1 cols),0.6212121212121212,False
1,[7118-7617],7358,0,men,Lightweight,B: A + is_southpaw (+1 cols),0.6666666666666666,True
1,[7118-7617],7359,1,men,Bantamweight,B: A + is_southpaw (+1 cols),0.6212121212121212,True
1,[7118-7617],7360,1,men,Bantamweight,B: A + is_southpaw (+1 cols),0.4953271028037383,True
1,[7118-7617],7361,1,men,Light Heavyweight,B: A + is_southpaw (+1 cols),0.4953271028037383,True
1,[7118-7617],7362,1,women,Women's Flyweight,B: A + is_southpaw (+1 cols),0.6666666666666666,False
1,[7118-7617],7363,0,men,Flyweight,B: A + is_southpaw (+1 cols),0.4953271028037383,True
1,[7118-7617],7364,1,men,Featherweight,B: A + is_southpaw (+1 cols),0.6666666666666666,True
1,[7118-7617],7365,0,men,Welterweight,B: A + is_southpaw (+1 cols),0.6666666666666666,True
1,[7118-7617],7366,1,men,Flyweight,B: A + is_southpaw (+1 cols),0.48148148148148145,True
1,[7118-7617],7367,1,men,Lightweight,B: A + is_southpaw (+1 cols),0.6666666666666666,True
1,[7118-7617],7368,1,women,Women's Strawweight,B: A + is_southpaw (+1 cols),0.6212121212121212,False
1,[7118-7617],7369,0,men,Flyweight,B: A + is_southpaw (+1 cols),0.6666666666666666,True
1,[7118-7617],7370,1,men,Featherweight,B: A + is_southpaw (+1 cols),0.5789473684210527,True
1,[7118-7617],7371,0,women,Women's Flyweight,B: A + is_southpaw (+1 cols),0.7272727272727273,False
1,[7118-7617],7372,1,men,Bantamweight,B: A + is_southpaw (+1 cols),0.4953271028037383,True
1,[7118-7617],7373,1,men,Featherweight,B: A + is_southpaw (+1 cols),0.6666666666666666,True
1,[7118-7617],7374,1,men,Welterweight,B: A + is_southpaw (+1 cols),0.6666666666666666,True
1,[7118-7617],7375,1,men,Lightweight,B: A + is_southpaw (+1 cols),0.48148148148148145,True
1,[7118-7617],7376,1,women,Women's Bantamweight,B: A + is_southpaw (+1 cols),0.8846153846153846,False
1,[7118-7617],7377,1,men,Middleweight,B: A + is_southpaw (+1 cols),0.48148148148148145,True
1,[7118-7617],7378,0,men,Light Heavyweight,B: A + is_southpaw (+1 cols),0.6212121212121212,True
1,[7118-7617],7379,1,women,Women's Flyweight,B: A + is_southpaw (+1 cols),0.6666666666666666,False
1,[7118-7617],7380,1,men,Flyweight,B: A + is_southpaw (+1 cols),0.4953271028037383,True
1,[7118-7617],7381,1,men,Bantamweight,B: A + is_southpaw (+1 cols),0.38461538461538464,True
1,[7118-7617],7382,0,men,Flyweight,B: A + is_southpaw (+1 cols),0.35,True
1,[7118-7617],7383,1,men,Welterweight,B: A + is_southpaw (+1 cols),0.4953271028037383,True
1,[7118-7617],7384,1,men,Featherweight,B: A + is_southpaw (+1 cols),0.6212121212121212,True
1,[7118-7617],7385,1,men,Middleweight,B: A + is_southpaw (+1 cols),0.4953271028037383,True
1,[7118-7617],7386,1,men,Lightweight,B: A + is_southpaw (+1 cols),0.8846153846153846,True
1,[7118-7617],7387,0,men,Middleweight,B: A + is_southpaw (+1 cols),0.6666666666666666,True
1,[7118-7617],7388,1,men,Lightweight,B: A + is_southpaw (+1 cols),0.7272727272727273,True
1,[7118-7617],7389,0,men,Middleweight,B: A + is_southpaw (+1 cols),0.6666666666666666,True
1,[7118-7617],7390,0,men,Featherweight,B: A + is_southpaw (+1 cols),0.4953271028037383,True
1,[7118-7617],7391,0,men,Lightweight,B: A + is_southpaw (+1 cols),0.6212121212121212,True
1,[7118-7617],7392,0,men,Flyweight,B: A + is_southpaw (+1 cols),0.35,True
1,[7118-7617],7393,1,women,Women's Strawweight,B: A + is_southpaw (+1 cols),0.4953271028037383,False
1,[7118-7617],7394,1,men,Lightweight,B: A + is_southpaw (+1 cols),0.6212121212121212,True
1,[7118-7617],7395,1,men,Welterweight,B: A + is_southpaw (+1 cols),0.6212121212121212,True
1,[7118-7617],7396,1,men,Middleweight,B: A + is_southpaw (+1 cols),0.8333333333333334,True
1,[7118-7617],7397,1,men,Featherweight,B: A + is_southpaw (+1 cols),0.6212121212121212,True
1,[7118-7617],7398,0,women,Women's Flyweight,B: A + is_southpaw (+1 cols),0.6666666666666666,False
1,[7118-7617],7399,0,men,Featherweight,B: A + is_southpaw (+1 cols),0.35,True
1,[7118-7617],7400,1,men,Welterweight,B: A + is_southpaw (+1 cols),0.5789473684210527,True
1,[7118-7617],7401,0,women,Women's Featherweight,B: A + is_southpaw (+1 cols),0.4953271028037383,False
1,[7118-7617],7402,1,men,Heavyweight,B: A + is_southpaw (+1 cols),0.6666666666666666,True
1,[7118-7617],7403,0,women,Women's Flyweight,B: A + is_southpaw (+1 cols),0.4953271028037383,False
1,[7118-7617],7404,0,men,Lightweight,B: A + is_southpaw (+1 cols),0.4953271028037383,True
1,[7118-7617],7405,1,men,Featherweight,B: A + is_southpaw (+1 cols),0.6212121212121212,True
1,[7118-7617],7406,0,men,Welterweight,B: A + is_southpaw (+1 cols),0.48148148148148145,True
1,[7118-7617],7407,0,men,Middleweight,B: A + is_southpaw (+1 cols),0.6666666666666666,True
1,[7118-7617],7408,0,men,Lightweight,B: A + is_southpaw (+1 cols),0.6666666666666666,True
1,[7118-7617],7409,1,women,Women's Flyweight,B: A + is_southpaw (+1 cols),0.4953271028037383,False
1,[7118-7617],7410,0,men,Welterweight,B: A + is_southpaw (+1 cols),0.48148148148148145,True
1,[7118-7617],7411,0,men,Lightweight,B: A + is_southpaw (+1 cols),0.48811746595503985,True
1,[7118-7617],7412,1,men,Middleweight,B: A + is_southpaw (+1 cols),0.6212121212121212,True
1,[7118-7617],7413,0,men,Flyweight,B: A + is_southpaw (+1 cols),0.35,True
1,[7118-7617],7414,1,men,Bantamweight,B: A + is_southpaw (+1 cols),0.8333333333333334,True
1,[7118-7617],7415,1,men,Light Heavyweight,B: A + is_southpaw (+1 cols),0.8333333333333334,True
1,[7118-7617],7416,0,men,Light Heavyweight,B: A + is_southpaw (+1 cols),0.6666666666666666,True
1,[7118-7617],7417,0,women,Women's Strawweight,B: A + is_southpaw (+1 cols),0.5789473684210527,False
1,[7118-7617],7418,1,men,Catch Weight,B: A + is_southpaw (+1 cols),0.8846153846153846,True
1,[7118-7617],7419,0,men,Lightweight,B: A + is_southpaw (+1 cols),0.4953271028037383,True
1,[7118-7617],7420,1,men,Middleweight,B: A + is_southpaw (+1 cols),0.8846153846153846,True
1,[7118-7617],7421,0,men,Lightweight,B: A + is_southpaw (+1 cols),0.6666666666666666,True
1,[7118-7617],7422,0,men,Middleweight,B: A + is_southpaw (+1 cols),0.18181818181818182,True
1,[7118-7617],7423,0,men,Flyweight,B: A + is_southpaw (+1 cols),0.6666666666666666,True
1,[7118-7617],7424,1,men,Featherweight,B: A + is_southpaw (+1 cols),0.8333333333333334,True
1,[7118-7617],7425,1,men,Welterweight,B: A + is_southpaw (+1 cols),0.4609892487552313,True
1,[7118-7617],7426,0,women,Women's Bantamweight,B: A + is_southpaw (+1 cols),0.48148148148148145,False
1,[7118-7617],7427,1,men,Lightweight,B: A + is_southpaw (+1 cols),0.6666666666666666,True
1,[7118-7617],7428,0,men,Flyweight,B: A + is_southpaw (+1 cols),0.4953271028037383,True
1,[7118-7617],7429,1,men,Lightweight,B: A + is_southpaw (+1 cols),0.6666666666666666,True
1,[7118-7617],7430,0,men,Featherweight,B: A + is_southpaw (+1 cols),0.35,True
1,[7118-7617],7431,1,women,Women's Strawweight,B: A + is_southpaw (+1 cols),0.7272727272727273,False
1,[7118-7617],7432,1,men,Lightweight,B: A + is_southpaw (+1 cols),0.4953271028037383,True
1,[7118-7617],7433,1,women,Women's Featherweight,B: A + is_southpaw (+1 cols),0.6666666666666666,False
1,[7118-7617],7434,0,men,Middleweight,B: A + is_southpaw (+1 cols),0.4953271028037383,True
1,[7118-7617],7435,0,men,Lightweight,B: A + is_southpaw (+1 cols),0.5789473684210527,True
1,[7118-7617],7436,1,men,Welterweight,B: A + is_southpaw (+1 cols),0.8846153846153846,True
1,[7118-7617],7437,0,men,Featherweight,B: A + is_southpaw (+1 cols),0.5789473684210527,True
1,[7118-7617],7438,1,men,Heavyweight,B: A + is_southpaw (+1 cols),0.6666666666666666,True
1,[7118-7617],7439,1,men,Flyweight,B: A + is_southpaw (+1 cols),0.6212121212121212,True
1,[7118-7617],7440,0,women,Women's Strawweight,B: A + is_southpaw (+1 cols),0.6666666666666666,False
1,[7118-7617],7441,1,men,Lightweight,B: A + is_southpaw (+1 cols),0.35,True
1,[7118-7617],7442,1,women,Women's Bantamweight,B: A + is_southpaw (+1 cols),0.4953271028037383,False
1,[7118-7617],7443,1,men,Middleweight,B: A + is_southpaw (+1 cols),0.6666666666666666,True
1,[7118-7617],7444,0,men,Lightweight,B: A + is_southpaw (+1 cols),0.5789473684210527,True
1,[7118-7617],7445,0,men,Lightweight,B: A + is_southpaw (+1 cols),0.23510825161400584,True
1,[7118-7617],7446,0,men,Bantamweight,B: A + is_southpaw (+1 cols),0.18181818181818182,True
1,[7118-7617],7447,1,men,Featherweight,B: A + is_southpaw (+1 cols),0.6666666666666666,True
1,[7118-7617],7448,1,men,Middleweight,B: A + is_southpaw (+1 cols),0.35,True
1,[7118-7617],7449,1,men,Featherweight,B: A + is_southpaw (+1 cols),0.7272727272727273,True
1,[7118-7617],7450,0,women,Women's Flyweight,B: A + is_southpaw (+1 cols),0.6666666666666666,False
1,[7118-7617],7451,1,men,Heavyweight,B: A + is_southpaw (+1 cols),0.8846153846153846,True
1,[7118-7617],7452,0,men,Welterweight,B: A + is_southpaw (+1 cols),0.35,True
1,[7118-7617],7453,1,women,Women's Flyweight,B: A + is_southpaw (+1 cols),0.8846153846153846,False
1,[7118-7617],7454,0,men,Welterweight,B: A + is_southpaw (+1 cols),0.5789473684210527,True
1,[7118-7617],7455,1,men,Middleweight,B: A + is_southpaw (+1 cols),0.6212121212121212,True
1,[7118-7617],7456,1,men,Flyweight,B: A + is_southpaw (+1 cols),0.35,True
1,[7118-7617],7457,1,men,Welterweight,B: A + is_southpaw (+1 cols),0.6212121212121212,True
1,[7118-7617],7458,1,men,Welterweight,B: A + is_southpaw (+1 cols),0.6666666666666666,True
1,[7118-7617],7459,0,men,Lightweight,B: A + is_southpaw (+1 cols),0.35,True
1,[7118-7617],7460,1,men,Heavyweight,B: A + is_southpaw (+1 cols),0.5789473684210527,True
1,[7118-7617],7461,0,men,Light Heavyweight,B: A + is_southpaw (+1 cols),0.38461538461538464,True
1,[7118-7617],7462,0,men,Lightweight,B: A + is_southpaw (+1 cols),0.6212121212121212,True
1,[7118-7617],7463,0,men,Welterweight,B: A + is_southpaw (+1 cols),0.48148148148148145,True
1,[7118-7617],7464,0,men,Flyweight,B: A + is_southpaw (+1 cols),0.4953271028037383,True
1,[7118-7617],7465,1,men,Featherweight,B: A + is_southpaw (+1 cols),0.6212121212121212,True
1,[7118-7617],7466,1,men,Flyweight,B: A + is_southpaw (+1 cols),0.6212121212121212,True
1,[7118-7617],7467,1,men,Featherweight,B: A + is_southpaw (+1 cols),0.5789473684210527,True
1,[7118-7617],7468,0,men,Welterweight,B: A + is_southpaw (+1 cols),0.6212121212121212,True
1,[7118-7617],7469,1,men,Bantamweight,B: A + is_southpaw (+1 cols),0.7272727272727273,True
1,[7118-7617],7470,1,men,Light Heavyweight,B: A + is_southpaw (+1 cols),0.6212121212121212,True
1,[7118-7617],7471,1,men,Featherweight,B: A + is_southpaw (+1 cols),0.6212121212121212,True
1,[7118-7617],7472,1,men,Light Heavyweight,B: A + is_southpaw (+1 cols),0.4953271028037383,True
1,[7118-7617],7473,0,women,Women's Strawweight,B: A + is_southpaw (+1 cols),0.48148148148148145,False
1,[7118-7617],7474,1,men,Catch Weight,B: A + is_southpaw (+1 cols),0.6666666666666666,True
1,[7118-7617],7475,0,men,Lightweight,B: A + is_southpaw (+1 cols),0.6666666666666666,True
1,[7118-7617],7476,0,men,Flyweight,B: A + is_southpaw (+1 cols),0.4953271028037383,True
1,[7118-7617],7477,1,men,Bantamweight,B: A + is_southpaw (+1 cols),0.657141042044655,True
1,[7118-7617],7478,1,men,Middleweight,B: A + is_southpaw (+1 cols),0.48148148148148145,True
1,[7118-7617],7479,1,men,Lightweight,B: A + is_southpaw (+1 cols),0.6212121212121212,True
1,[7118-7617],7480,0,men,Heavyweight,B: A + is_southpaw (+1 cols),0.6212121212121212,True
1,[7118-7617],7481,1,men,Welterweight,B: A + is_southpaw (+1 cols),0.6666666666666666,True
1,[7118-7617],7482,1,men,Featherweight,B: A + is_southpaw (+1 cols),0.18181818181818182,True
1,[7118-7617],7483,1,men,Light Heavyweight,B: A + is_southpaw (+1 cols),0.6212121212121212,True
1,[7118-7617],7484,0,women,Women's Strawweight,B: A + is_southpaw (+1 cols),0.38461538461538464,False
1,[7118-7617],7485,1,men,Middleweight,B: A + is_southpaw (+1 cols),0.48148148148148145,True
1,[7118-7617],7486,1,men,Middleweight,B: A + is_southpaw (+1 cols),0.6666666666666666,True
1,[7118-7617],7487,0,men,Bantamweight,B: A + is_southpaw (+1 cols),0.5789473684210527,True
1,[7118-7617],7488,1,men,Lightweight,B: A + is_southpaw (+1 cols),0.6666666666666666,True
1,[7118-7617],7489,0,men,Featherweight,B: A + is_southpaw (+1 cols),0.6666666666666666,True
1,[7118-7617],7490,0,men,Heavyweight,B: A + is_southpaw (+1 cols),0.4953271028037383,True
1,[7118-7617],7491,1,women,Women's Strawweight,B: A + is_southpaw (+1 cols),0.6666666666666666,False
1,[7118-7617],7492,1,men,Bantamweight,B: A + is_southpaw (+1 cols),0.4953271028037383,True
1,[7118-7617],7493,0,women,Women's Flyweight,B: A + is_southpaw (+1 cols),0.48148148148148145,False
1,[7118-7617],7494,0,men,Bantamweight,B: A + is_southpaw (+1 cols),0.6212121212121212,True
1,[7118-7617],7495,1,women,Women's Strawweight,B: A + is_southpaw (+1 cols),0.6666666666666666,False
1,[7118-7617],7496,1,men,Featherweight,B: A + is_southpaw (+1 cols),0.4953271028037383,True
1,[7118-7617],7497,0,men,Lightweight,B: A + is_southpaw (+1 cols),0.6212121212121212,True
1,[7118-7617],7498,1,men,Light Heavyweight,B: A + is_southpaw (+1 cols),0.6212121212121212,True
1,[7118-7617],7499,0,men,Bantamweight,B: A + is_southpaw (+1 cols),0.6212121212121212,True
1,[7118-7617],7500,1,women,Women's Strawweight,B: A + is_southpaw (+1 cols),0.7272727272727273,False
1,[7118-7617],7501,0,men,Welterweight,B: A + is_southpaw (+1 cols),0.35,True
1,[7118-7617],7502,0,men,Bantamweight,B: A + is_southpaw (+1 cols),0.5789473684210527,True
1,[7118-7617],7503,1,men,Bantamweight,B: A + is_southpaw (+1 cols),0.6212121212121212,True
1,[7118-7617],7504,0,men,Middleweight,B: A + is_southpaw (+1 cols),0.646741483321382,True
1,[7118-7617],7505,1,men,Middleweight,B: A + is_southpaw (+1 cols),0.7272727272727273,True
1,[7118-7617],7506,1,men,Lightweight,B: A + is_southpaw (+1 cols),0.35,True
1,[7118-7617],7507,1,men,Bantamweight,B: A + is_southpaw (+1 cols),0.6666666666666666,True
1,[7118-7617],7508,1,men,Middleweight,B: A + is_southpaw (+1 cols),0.8333333333333334,True
1,[7118-7617],7509,0,women,Women's Flyweight,B: A + is_southpaw (+1 cols),0.35,False
1,[7118-7617],7510,1,women,Women's Flyweight,B: A + is_southpaw (+1 cols),0.6212121212121212,False
1,[7118-7617],7511,0,women,Women's Strawweight,B: A + is_southpaw (+1 cols),0.4953271028037383,False
1,[7118-7617],7512,1,men,Featherweight,B: A + is_southpaw (+1 cols),0.4953271028037383,True
1,[7118-7617],7513,0,men,Welterweight,B: A + is_southpaw (+1 cols),0.6212121212121212,True
1,[7118-7617],7514,0,men,Middleweight,B: A + is_southpaw (+1 cols),0.6212121212121212,True
1,[7118-7617],7515,0,men,Middleweight,B: A + is_southpaw (+1 cols),0.38461538461538464,True
1,[7118-7617],7516,1,men,Featherweight,B: A + is_southpaw (+1 cols),0.7272727272727273,True
1,[7118-7617],7517,1,men,Light Heavyweight,B: A + is_southpaw (+1 cols),0.5789473684210527,True
1,[7118-7617],7518,1,men,Featherweight,B: A + is_southpaw (+1 cols),0.6212121212121212,True
1,[7118-7617],7519,1,men,Bantamweight,B: A + is_southpaw (+1 cols),0.864551398115691,True
1,[7118-7617],7520,1,women,Women's Flyweight,B: A + is_southpaw (+1 cols),0.6666666666666666,False
1,[7118-7617],7521,1,men,Heavyweight,B: A + is_southpaw (+1 cols),0.7272727272727273,True
1,[7118-7617],7522,1,men,Heavyweight,B: A + is_southpaw (+1 cols),0.6212121212121212,True
1,[7118-7617],7523,0,men,Bantamweight,B: A + is_southpaw (+1 cols),0.6666666666666666,True
1,[7118-7617],7524,1,men,Welterweight,B: A + is_southpaw (+1 cols),0.48148148148148145,True
1,[7118-7617],7525,1,men,Welterweight,B: A + is_southpaw (+1 cols),0.6666666666666666,True
1,[7118-7617],7526,0,women,Women's Flyweight,B: A + is_southpaw (+1 cols),0.4953271028037383,False
1,[7118-7617],7527,1,men,Featherweight,B: A + is_southpaw (+1 cols),0.35,True
1,[7118-7617],7528,1,men,Flyweight,B: A + is_southpaw (+1 cols),0.6666666666666666,True
1,[7118-7617],7529,1,men,Lightweight,B: A + is_southpaw (+1 cols),0.5789473684210527,True
1,[7118-7617],7530,1,men,Featherweight,B: A + is_southpaw (+1 cols),0.8846153846153846,True
1,[7118-7617],7531,0,men,Flyweight,B: A + is_southpaw (+1 cols),0.6212121212121212,True
1,[7118-7617],7532,1,men,Flyweight,B: A + is_southpaw (+1 cols),0.6666666666666666,True
1,[7118-7617],7533,1,men,Lightweight,B: A + is_southpaw (+1 cols),0.6666666666666666,True
1,[7118-7617],7534,1,men,Bantamweight,B: A + is_southpaw (+1 cols),0.6666666666666666,True
1,[7118-7617],7535,0,men,Bantamweight,B: A + is_southpaw (+1 cols),0.5789473684210527,True
1,[7118-7617],7536,1,men,Featherweight,B: A + is_southpaw (+1 cols),0.6212121212121212,True
1,[7118-7617],7537,1,men,Lightweight,B: A + is_southpaw (+1 cols),0.6666666666666666,True
1,[7118-7617],7538,0,men,Welterweight,B: A + is_southpaw (+1 cols),0.6212121212121212,True
1,[7118-7617],7539,0,men,Middleweight,B: A + is_southpaw (+1 cols),0.6212121212121212,True
1,[7118-7617],7540,1,men,Featherweight,B: A + is_southpaw (+1 cols),0.4953271028037383,True
1,[7118-7617],7541,1,men,Heavyweight,B: A + is_southpaw (+1 cols),0.6666666666666666,True
1,[7118-7617],7542,1,women,Women's Bantamweight,B: A + is_southpaw (+1 cols),0.5789473684210527,False
1,[7118-7617],7543,1,men,Welterweight,B: A + is_southpaw (+1 cols),0.6212121212121212,True
1,[7118-7617],7544,0,men,Catch Weight,B: A + is_southpaw (+1 cols),0.4953271028037383,True
1,[7118-7617],7545,1,men,Bantamweight,B: A + is_southpaw (+1 cols),0.6666666666666666,True
1,[7118-7617],7546,1,men,Bantamweight,B: A + is_southpaw (+1 cols),0.8333333333333334,True
1,[7118-7617],7547,1,men,Featherweight,B: A + is_southpaw (+1 cols),0.5789473684210527,True
1,[7118-7617],7548,1,men,Featherweight,B: A + is_southpaw (+1 cols),0.8798250123023974,True
1,[7118-7617],7549,1,men,Heavyweight,B: A + is_southpaw (+1 cols),0.8846153846153846,True
1,[7118-7617],7550,1,women,Women's Flyweight,B: A + is_southpaw (+1 cols),0.4953271028037383,False
1,[7118-7617],7551,1,men,Light Heavyweight,B: A + is_southpaw (+1 cols),0.6212121212121212,True
1,[7118-7617],7552,1,men,Lightweight,B: A + is_southpaw (+1 cols),0.6666666666666666,True
1,[7118-7617],7553,0,men,Light Heavyweight,B: A + is_southpaw (+1 cols),0.4953271028037383,True
1,[7118-7617],7554,0,men,Bantamweight,B: A + is_southpaw (+1 cols),0.5789473684210527,True
1,[7118-7617],7555,0,men,Middleweight,B: A + is_southpaw (+1 cols),0.48148148148148145,True
1,[7118-7617],7556,1,men,Featherweight,B: A + is_southpaw (+1 cols),0.4953271028037383,True
1,[7118-7617],7557,0,women,Women's Flyweight,B: A + is_southpaw (+1 cols),0.6212121212121212,False
1,[7118-7617],7558,1,men,Lightweight,B: A + is_southpaw (+1 cols),0.6666666666666666,True
1,[7118-7617],7559,1,men,Welterweight,B: A + is_southpaw (+1 cols),0.6666666666666666,True
1,[7118-7617],7560,0,men,Featherweight,B: A + is_southpaw (+1 cols),0.6666666666666666,True
1,[7118-7617],7561,0,men,Welterweight,B: A + is_southpaw (+1 cols),0.5789473684210527,True
1,[7118-7617],7562,1,men,Lightweight,B: A + is_southpaw (+1 cols),0.6666666666666666,True
1,[7118-7617],7563,0,men,Featherweight,B: A + is_southpaw (+1 cols),0.4953271028037383,True
1,[7118-7617],7564,1,men,Light Heavyweight,B: A + is_southpaw (+1 cols),0.6666666666666666,True
1,[7118-7617],7565,1,men,Light Heavyweight,B: A + is_southpaw (+1 cols),0.6212121212121212,True
1,[7118-7617],7566,1,men,Heavyweight,B: A + is_southpaw (+1 cols),0.6666666666666666,True
1,[7118-7617],7567,1,men,Flyweight,B: A + is_southpaw (+1 cols),0.7116335651983857,True
1,[7118-7617],7568,0,men,Heavyweight,B: A + is_southpaw (+1 cols),0.4953271028037383,True
1,[7118-7617],7569,0,men,Middleweight,B: A + is_southpaw (+1 cols),0.6666666666666666,True
1,[7118-7617],7570,1,men,Lightweight,B: A + is_southpaw (+1 cols),0.6666666666666666,True
1,[7118-7617],7571,1,men,Heavyweight,B: A + is_southpaw (+1 cols),0.6666666666666666,True
1,[7118-7617],7572,1,men,Featherweight,B: A + is_southpaw (+1 cols),0.6212121212121212,True
1,[7118-7617],7573,1,women,Women's Strawweight,B: A + is_southpaw (+1 cols),0.6666666666666666,False
1,[7118-7617],7574,1,men,Bantamweight,B: A + is_southpaw (+1 cols),0.6212121212121212,True
1,[7118-7617],7575,1,women,Women's Strawweight,B: A + is_southpaw (+1 cols),0.7272727272727273,False
1,[7118-7617],7576,0,men,Lightweight,B: A + is_southpaw (+1 cols),0.48148148148148145,True
1,[7118-7617],7577,1,women,Women's Flyweight,B: A + is_southpaw (+1 cols),0.6666666666666666,False
1,[7118-7617],7578,1,men,Middleweight,B: A + is_southpaw (+1 cols),0.6212121212121212,True
1,[7118-7617],7579,0,men,Featherweight,B: A + is_southpaw (+1 cols),0.6666666666666666,True
1,[7118-7617],7580,1,men,Lightweight,B: A + is_southpaw (+1 cols),0.6666666666666666,True
1,[7118-7617],7581,1,men,Bantamweight,B: A + is_southpaw (+1 cols),0.7272727272727273,True
1,[7118-7617],7582,0,men,Welterweight,B: A + is_southpaw (+1 cols),0.35,True
1,[7118-7617],7583,1,women,Women's Strawweight,B: A + is_southpaw (+1 cols),0.8512339801060175,False
1,[7118-7617],7584,1,men,Heavyweight,B: A + is_southpaw (+1 cols),0.6666666666666666,True
1,[7118-7617],7585,0,men,Lightweight,B: A + is_southpaw (+1 cols),0.6212121212121212,True
1,[7118-7617],7586,0,men,Lightweight,B: A + is_southpaw (+1 cols),0.5789473684210527,True
1,[7118-7617],7587,1,men,Flyweight,B: A + is_southpaw (+1 cols),0.6666666666666666,True
1,[7118-7617],7588,0,men,Featherweight,B: A + is_southpaw (+1 cols),0.4953271028037383,True
1,[7118-7617],7589,0,women,Women's Bantamweight,B: A + is_southpaw (+1 cols),0.6666666666666666,False
1,[7118-7617],7590,1,women,Women's Strawweight,B: A + is_southpaw (+1 cols),0.4953271028037383,False
1,[7118-7617],7591,1,men,Heavyweight,B: A + is_southpaw (+1 cols),0.6666666666666666,True
1,[7118-7617],7592,0,men,Middleweight,B: A + is_southpaw (+1 cols),0.8846153846153846,True
1,[7118-7617],7593,1,women,Women's Strawweight,B: A + is_southpaw (+1 cols),0.6666666666666666,False
1,[7118-7617],7594,1,men,Welterweight,B: A + is_southpaw (+1 cols),0.4953271028037383,True
1,[7118-7617],7595,1,men,Featherweight,B: A + is_southpaw (+1 cols),0.6666666666666666,True
1,[7118-7617],7596,0,men,Lightweight,B: A + is_southpaw (+1 cols),0.35,True
1,[7118-7617],7597,1,men,Welterweight,B: A + is_southpaw (+1 cols),0.5789473684210527,True
1,[7118-7617],7598,1,men,Bantamweight,B: A + is_southpaw (+1 cols),0.5789473684210527,True
1,[7118-7617],7599,1,men,Welterweight,B: A + is_southpaw (+1 cols),0.6212121212121212,True
1,[7118-7617],7600,0,men,Heavyweight,B: A + is_southpaw (+1 cols),0.6666666666666666,True
1,[7118-7617],7601,0,men,Featherweight,B: A + is_southpaw (+1 cols),0.4953271028037383,True
1,[7118-7617],7602,0,women,Women's Flyweight,B: A + is_southpaw (+1 cols),0.6212121212121212,False
1,[7118-7617],7603,1,men,Bantamweight,B: A + is_southpaw (+1 cols),0.5789473684210527,True
1,[7118-7617],7604,0,men,Light Heavyweight,B: A + is_southpaw (+1 cols),0.6212121212121212,True
1,[7118-7617],7605,0,men,Light Heavyweight,B: A + is_southpaw (+1 cols),0.6666666666666666,True
1,[7118-7617],7606,1,men,Welterweight,B: A + is_southpaw (+1 cols),0.6666666666666666,True
1,[7118-7617],7607,1,men,Bantamweight,B: A + is_southpaw (+1 cols),0.48148148148148145,True
1,[7118-7617],7608,1,women,Women's Strawweight,B: A + is_southpaw (+1 cols),0.18181818181818182,False
1,[7118-7617],7609,0,women,Women's Flyweight,B: A + is_southpaw (+1 cols),0.5789473684210527,False
1,[7118-7617],7610,1,women,Women's Strawweight,B: A + is_southpaw (+1 cols),0.4312149652748616,False
1,[7118-7617],7611,1,men,Flyweight,B: A + is_southpaw (+1 cols),0.35,True
1,[7118-7617],7612,1,men,Lightweight,B: A + is_southpaw (+1 cols),0.5789473684210527,True
1,[7118-7617],7613,0,men,Featherweight,B: A + is_southpaw (+1 cols),0.6212121212121212,True
1,[7118-7617],7614,0,men,Welterweight,B: A + is_southpaw (+1 cols),0.4953271028037383,True
1,[7118-7617],7615,1,men,Middleweight,B: A + is_southpaw (+1 cols),0.6666666666666666,True
1,[7118-7617],7616,0,men,Lightweight,B: A + is_southpaw (+1 cols),0.6666666666666666,True
1,[7118-7617],7617,1,men,Bantamweight,B: A + is_southpaw (+1 cols),0.6212121212121212,True
1,[7118-7617],7118,1,men,Lightweight,A: top-240 WITHOUT is_southpaw~null,0.633359890750405,True
1,[7118-7617],7119,1,men,Bantamweight,A: top-240 WITHOUT is_southpaw~null,0.6568627450980392,True
1,[7118-7617],7120,1,men,Bantamweight,A: top-240 WITHOUT is_southpaw~null,0.603448275862069,True
1,[7118-7617],7121,1,men,Bantamweight,A: top-240 WITHOUT is_southpaw~null,0.603448275862069,True
1,[7118-7617],7122,0,men,Flyweight,A: top-240 WITHOUT is_southpaw~null,0.6,True
1,[7118-7617],7123,0,men,Welterweight,A: top-240 WITHOUT is_southpaw~null,0.6568627450980392,True
1,[7118-7617],7124,1,men,Lightweight,A: top-240 WITHOUT is_southpaw~null,0.6388888888888888,True
1,[7118-7617],7125,0,men,Welterweight,A: top-240 WITHOUT is_southpaw~null,0.6568627450980392,True
1,[7118-7617],7126,1,men,Featherweight,A: top-240 WITHOUT is_southpaw~null,0.6568627450980392,True
1,[7118-7617],7127,0,men,Middleweight,A: top-240 WITHOUT is_southpaw~null,0.46086956521739136,True
1,[7118-7617],7128,1,men,Lightweight,A: top-240 WITHOUT is_southpaw~null,0.4482758620689655,True
1,[7118-7617],7129,0,women,Women's Strawweight,A: top-240 WITHOUT is_southpaw~null,0.6568627450980392,False
1,[7118-7617],7130,1,men,Flyweight,A: top-240 WITHOUT is_southpaw~null,0.6568627450980392,True
1,[7118-7617],7131,1,men,Lightweight,A: top-240 WITHOUT is_southpaw~null,0.8181818181818182,True
1,[7118-7617],7132,1,men,Middleweight,A: top-240 WITHOUT is_southpaw~null,0.16666666666666666,True
1,[7118-7617],7133,1,men,Flyweight,A: top-240 WITHOUT is_southpaw~null,0.603448275862069,True
1,[7118-7617],7134,1,men,Featherweight,A: top-240 WITHOUT is_southpaw~null,0.46086956521739136,True
1,[7118-7617],7135,1,men,Flyweight,A: top-240 WITHOUT is_southpaw~null,0.603448275862069,True
1,[7118-7617],7136,1,men,Lightweight,A: top-240 WITHOUT is_southpaw~null,0.603448275862069,True
1,[7118-7617],7137,0,men,Middleweight,A: top-240 WITHOUT is_southpaw~null,0.7142857142857143,True
1,[7118-7617],7138,1,men,Bantamweight,A: top-240 WITHOUT is_southpaw~null,0.6568627450980392,True
1,[7118-7617],7139,1,men,Bantamweight,A: top-240 WITHOUT is_southpaw~null,0.8181818181818182,True
1,[7118-7617],7140,0,women,Women's Bantamweight,A: top-240 WITHOUT is_southpaw~null,0.5714285714285714,False
1,[7118-7617],7141,0,men,Middleweight,A: top-240 WITHOUT is_southpaw~null,0.6568627450980392,True
1,[7118-7617],7142,1,men,Featherweight,A: top-240 WITHOUT is_southpaw~null,0.6358003539771008,True
1,[7118-7617],7143,1,men,Light Heavyweight,A: top-240 WITHOUT is_southpaw~null,0.46086956521739136,True
1,[7118-7617],7144,0,men,Bantamweight,A: top-240 WITHOUT is_southpaw~null,0.6,True
1,[7118-7617],7145,0,men,Welterweight,A: top-240 WITHOUT is_southpaw~null,0.6568627450980392,True
1,[7118-7617],7146,1,men,Lightweight,A: top-240 WITHOUT is_southpaw~null,0.603448275862069,True
1,[7118-7617],7147,0,men,Bantamweight,A: top-240 WITHOUT is_southpaw~null,0.6,True
1,[7118-7617],7148,0,men,Heavyweight,A: top-240 WITHOUT is_southpaw~null,0.4482758620689655,True
1,[7118-7617],7149,1,men,Welterweight,A: top-240 WITHOUT is_southpaw~null,0.7777777777777778,True
1,[7118-7617],7150,1,men,Lightweight,A: top-240 WITHOUT is_southpaw~null,0.6568627450980392,True
1,[7118-7617],7151,1,women,Women's Featherweight,A: top-240 WITHOUT is_southpaw~null,0.896551724137931,False
1,[7118-7617],7152,0,men,Light Heavyweight,A: top-240 WITHOUT is_southpaw~null,0.6388888888888888,True
1,[7118-7617],7153,0,men,Light Heavyweight,A: top-240 WITHOUT is_southpaw~null,0.46086956521739136,True
1,[7118-7617],7154,0,women,Women's Flyweight,A: top-240 WITHOUT is_southpaw~null,0.4148037908847544,False
1,[7118-7617],7155,1,men,Welterweight,A: top-240 WITHOUT is_southpaw~null,0.6,True
1,[7118-7617],7156,0,men,Flyweight,A: top-240 WITHOUT is_southpaw~null,0.2,True
1,[7118-7617],7157,0,men,Middleweight,A: top-240 WITHOUT is_southpaw~null,0.6568627450980392,True
1,[7118-7617],7158,0,men,Light Heavyweight,A: top-240 WITHOUT is_southpaw~null,0.6,True
1,[7118-7617],7159,1,men,Flyweight,A: top-240 WITHOUT is_southpaw~null,0.6568627450980392,True
1,[7118-7617],7160,1,men,Middleweight,A: top-240 WITHOUT is_southpaw~null,0.7777777777777778,True
1,[7118-7617],7161,0,men,Flyweight,A: top-240 WITHOUT is_southpaw~null,0.6568627450980392,True
1,[7118-7617],7162,0,men,Bantamweight,A: top-240 WITHOUT is_southpaw~null,0.6568627450980392,True
1,[7118-7617],7163,1,men,Featherweight,A: top-240 WITHOUT is_southpaw~null,0.603448275862069,True
1,[7118-7617],7164,0,men,Welterweight,A: top-240 WITHOUT is_southpaw~null,0.6568627450980392,True
1,[7118-7617],7165,1,men,Heavyweight,A: top-240 WITHOUT is_southpaw~null,0.46086956521739136,True
1,[7118-7617],7166,0,men,Light Heavyweight,A: top-240 WITHOUT is_southpaw~null,0.7777777777777778,True
1,[7118-7617],7167,0,men,Heavyweight,A: top-240 WITHOUT is_southpaw~null,0.4482758620689655,True
1,[7118-7617],7168,0,men,Lightweight,A: top-240 WITHOUT is_southpaw~null,0.7777777777777778,True
1,[7118-7617],7169,0,men,Lightweight,A: top-240 WITHOUT is_southpaw~null,0.6568627450980392,True
1,[7118-7617],7170,0,men,Featherweight,A: top-240 WITHOUT is_southpaw~null,0.603448275862069,True
1,[7118-7617],7171,1,women,Women's Strawweight,A: top-240 WITHOUT is_southpaw~null,0.7777777777777778,False
1,[7118-7617],7172,1,men,Featherweight,A: top-240 WITHOUT is_southpaw~null,0.7777777777777778,True
1,[7118-7617],7173,1,men,Lightweight,A: top-240 WITHOUT is_southpaw~null,0.603448275862069,True
1,[7118-7617],7174,0,men,Flyweight,A: top-240 WITHOUT is_southpaw~null,0.46086956521739136,True
1,[7118-7617],7175,0,men,Light Heavyweight,A: top-240 WITHOUT is_southpaw~null,0.6568627450980392,True
1,[7118-7617],7176,1,men,Heavyweight,A: top-240 WITHOUT is_southpaw~null,0.6568627450980392,True
1,[7118-7617],7177,1,men,Welterweight,A: top-240 WITHOUT is_southpaw~null,0.7142857142857143,True
1,[7118-7617],7178,1,men,Featherweight,A: top-240 WITHOUT is_southpaw~null,0.6,True
1,[7118-7617],7179,1,men,Lightweight,A: top-240 WITHOUT is_southpaw~null,0.603448275862069,True
1,[7118-7617],7180,1,men,Featherweight,A: top-240 WITHOUT is_southpaw~null,0.6,True
1,[7118-7617],7181,0,women,Women's Bantamweight,A: top-240 WITHOUT is_southpaw~null,0.46086956521739136,False
1,[7118-7617],7182,1,men,Welterweight,A: top-240 WITHOUT is_southpaw~null,0.603448275862069,True
1,[7118-7617],7183,0,men,Light Heavyweight,A: top-240 WITHOUT is_southpaw~null,0.5714285714285714,True
1,[7118-7617],7184,1,men,Featherweight,A: top-240 WITHOUT is_southpaw~null,0.6,True
1,[7118-7617],7185,1,men,Lightweight,A: top-240 WITHOUT is_southpaw~null,0.6568627450980392,True
1,[7118-7617],7186,1,men,Flyweight,A: top-240 WITHOUT is_southpaw~null,0.6568627450980392,True
1,[7118-7617],7187,0,men,Light Heavyweight,A: top-240 WITHOUT is_southpaw~null,0.6568627450980392,True
1,[7118-7617],7188,0,women,Women's Flyweight,A: top-240 WITHOUT is_southpaw~null,0.1335577833043763,False
1,[7118-7617],7189,0,men,Lightweight,A: top-240 WITHOUT is_southpaw~null,0.46086956521739136,True
1,[7118-7617],7190,0,men,Heavyweight,A: top-240 WITHOUT is_southpaw~null,0.46086956521739136,True
1,[7118-7617],7191,0,men,Light Heavyweight,A: top-240 WITHOUT is_southpaw~null,0.46086956521739136,True
1,[7118-7617],7192,0,men,Lightweight,A: top-240 WITHOUT is_southpaw~null,0.2,True
1,[7118-7617],7193,1,men,Lightweight,A: top-240 WITHOUT is_southpaw~null,0.8181818181818182,True
1,[7118-7617],7194,1,men,Lightweight,A: top-240 WITHOUT is_southpaw~null,0.7777777777777778,True
1,[7118-7617],7195,1,women,Women's Flyweight,A: top-240 WITHOUT is_southpaw~null,0.603448275862069,False
1,[7118-7617],7196,1,men,Catch Weight,A: top-240 WITHOUT is_southpaw~null,0.603448275862069,True
1,[7118-7617],7197,1,men,Welterweight,A: top-240 WITHOUT is_southpaw~null,0.7777777777777778,True
1,[7118-7617],7198,1,women,Women's Flyweight,A: top-240 WITHOUT is_southpaw~null,0.8029273419460873,False
1,[7118-7617],7199,1,men,Heavyweight,A: top-240 WITHOUT is_southpaw~null,0.5714285714285714,True
1,[7118-7617],7200,0,men,Middleweight,A: top-240 WITHOUT is_southpaw~null,0.6388888888888888,True
1,[7118-7617],7201,0,men,Lightweight,A: top-240 WITHOUT is_southpaw~null,0.6,True
1,[7118-7617],7202,0,men,Middleweight,A: top-240 WITHOUT is_southpaw~null,0.603448275862069,True
1,[7118-7617],7203,0,men,Bantamweight,A: top-240 WITHOUT is_southpaw~null,0.46086956521739136,True
1,[7118-7617],7204,0,women,Women's Strawweight,A: top-240 WITHOUT is_southpaw~null,0.2,False
1,[7118-7617],7205,0,men,Bantamweight,A: top-240 WITHOUT is_southpaw~null,0.4482758620689655,True
1,[7118-7617],7206,0,men,Lightweight,A: top-240 WITHOUT is_southpaw~null,0.603448275862069,True
1,[7118-7617],7207,1,men,Welterweight,A: top-240 WITHOUT is_southpaw~null,0.7142857142857143,True
1,[7118-7617],7208,0,women,Women's Flyweight,A: top-240 WITHOUT is_southpaw~null,0.4482758620689655,False
1,[7118-7617],7209,1,men,Lightweight,A: top-240 WITHOUT is_southpaw~null,0.6568627450980392,True
1,[7118-7617],7210,1,men,Bantamweight,A: top-240 WITHOUT is_southpaw~null,0.7142857142857143,True
1,[7118-7617],7211,1,men,Middleweight,A: top-240 WITHOUT is_southpaw~null,0.896551724137931,True
1,[7118-7617],7212,0,women,Women's Flyweight,A: top-240 WITHOUT is_southpaw~null,0.8181818181818182,False
1,[7118-7617],7213,1,men,Heavyweight,A: top-240 WITHOUT is_southpaw~null,0.6568627450980392,True
1,[7118-7617],7214,0,men,Middleweight,A: top-240 WITHOUT is_southpaw~null,0.2,True
1,[7118-7617],7215,0,men,Welterweight,A: top-240 WITHOUT is_southpaw~null,0.46086956521739136,True
1,[7118-7617],7216,0,men,Bantamweight,A: top-240 WITHOUT is_southpaw~null,0.603448275862069,True
1,[7118-7617],7217,1,men,Welterweight,A: top-240 WITHOUT is_southpaw~null,0.6388888888888888,True
1,[7118-7617],7218,0,men,Flyweight,A: top-240 WITHOUT is_southpaw~null,0.4482758620689655,True
1,[7118-7617],7219,1,women,Women's Flyweight,A: top-240 WITHOUT is_southpaw~null,0.46086956521739136,False
1,[7118-7617],7220,1,men,Bantamweight,A: top-240 WITHOUT is_southpaw~null,0.16666666666666666,True
1,[7118-7617],7221,0,men,Middleweight,A: top-240 WITHOUT is_southpaw~null,0.896551724137931,True
1,[7118-7617],7222,1,men,Heavyweight,A: top-240 WITHOUT is_southpaw~null,0.603448275862069,True
1,[7118-7617],7223,1,men,Bantamweight,A: top-240 WITHOUT is_southpaw~null,0.7142857142857143,True
1,[7118-7617],7224,0,men,Bantamweight,A: top-240 WITHOUT is_southpaw~null,0.603448275862069,True
1,[7118-7617],7225,1,men,Catch Weight,A: top-240 WITHOUT is_southpaw~null,0.7142857142857143,True
1,[7118-7617],7226,1,men,Heavyweight,A: top-240 WITHOUT is_southpaw~null,0.6,True
1,[7118-7617],7227,0,men,Bantamweight,A: top-240 WITHOUT is_southpaw~null,0.603448275862069,True
1,[7118-7617],7228,1,men,Light Heavyweight,A: top-240 WITHOUT is_southpaw~null,0.6568627450980392,True
1,[7118-7617],7229,0,women,Women's Flyweight,A: top-240 WITHOUT is_southpaw~null,0.7142857142857143,False
1,[7118-7617],7230,1,women,Women's Flyweight,A: top-240 WITHOUT is_southpaw~null,0.4482758620689655,False
1,[7118-7617],7231,1,men,Middleweight,A: top-240 WITHOUT is_southpaw~null,0.603448275862069,True
1,[7118-7617],7232,1,men,Featherweight,A: top-240 WITHOUT is_southpaw~null,0.6568627450980392,True
1,[7118-7617],7233,1,men,Flyweight,A: top-240 WITHOUT is_southpaw~null,0.896551724137931,True
1,[7118-7617],7234,0,men,Lightweight,A: top-240 WITHOUT is_southpaw~null,0.7142857142857143,True
1,[7118-7617],7235,1,men,Flyweight,A: top-240 WITHOUT is_southpaw~null,0.8181818181818182,True
1,[7118-7617],7236,1,men,Featherweight,A: top-240 WITHOUT is_southpaw~null,0.7777777777777778,True
1,[7118-7617],7237,1,men,Middleweight,A: top-240 WITHOUT is_southpaw~null,0.6568627450980392,True
1,[7118-7617],7238,1,women,Women's Flyweight,A: top-240 WITHOUT is_southpaw~null,0.2,False
1,[7118-7617],7239,1,men,Welterweight,A: top-240 WITHOUT is_southpaw~null,0.6388888888888888,True
1,[7118-7617],7240,1,men,Lightweight,A: top-240 WITHOUT is_southpaw~null,0.46086956521739136,True
1,[7118-7617],7241,1,men,Welterweight,A: top-240 WITHOUT is_southpaw~null,0.4482758620689655,True
1,[7118-7617],7242,1,men,Lightweight,A: top-240 WITHOUT is_southpaw~null,0.603448275862069,True
1,[7118-7617],7243,1,men,Flyweight,A: top-240 WITHOUT is_southpaw~null,0.46086956521739136,True
1,[7118-7617],7244,1,men,Flyweight,A: top-240 WITHOUT is_southpaw~null,0.7142857142857143,True
1,[7118-7617],7245,1,men,Welterweight,A: top-240 WITHOUT is_southpaw~null,0.6,True
1,[7118-7617],7246,0,men,Featherweight,A: top-240 WITHOUT is_southpaw~null,0.5195314025595956,True
1,[7118-7617],7247,1,men,Featherweight,A: top-240 WITHOUT is_southpaw~null,0.46086956521739136,True
1,[7118-7617],7248,0,women,Women's Flyweight,A: top-240 WITHOUT is_southpaw~null,0.6,False
1,[7118-7617],7249,1,men,Featherweight,A: top-240 WITHOUT is_southpaw~null,0.4482758620689655,True
1,[7118-7617],7250,1,women,Women's Bantamweight,A: top-240 WITHOUT is_southpaw~null,0.603448275862069,False
1,[7118-7617],7251,0,men,Bantamweight,A: top-240 WITHOUT is_southpaw~null,0.46086956521739136,True
1,[7118-7617],7252,0,men,Middleweight,A: top-240 WITHOUT is_southpaw~null,0.6,True
1,[7118-7617],7253,0,men,Middleweight,A: top-240 WITHOUT is_southpaw~null,0.6,True
1,[7118-7617],7254,0,men,Featherweight,A: top-240 WITHOUT is_southpaw~null,0.5714285714285714,True
1,[7118-7617],7255,1,men,Catch Weight,A: top-240 WITHOUT is_southpaw~null,0.896551724137931,True
1,[7118-7617],7256,0,women,Women's Strawweight,A: top-240 WITHOUT is_southpaw~null,0.4482758620689655,False
1,[7118-7617],7257,0,women,Women's Strawweight,A: top-240 WITHOUT is_southpaw~null,0.16666666666666666,False
1,[7118-7617],7258,0,women,Women's Strawweight,A: top-240 WITHOUT is_southpaw~null,0.6568627450980392,False
1,[7118-7617],7259,0,men,Bantamweight,A: top-240 WITHOUT is_southpaw~null,0.603448275862069,True
1,[7118-7617],7260,1,men,Welterweight,A: top-240 WITHOUT is_southpaw~null,0.6388888888888888,True
1,[7118-7617],7261,1,men,Bantamweight,A: top-240 WITHOUT is_southpaw~null,0.5714285714285714,True
1,[7118-7617],7262,1,men,Welterweight,A: top-240 WITHOUT is_southpaw~null,0.603448275862069,True
1,[7118-7617],7263,0,men,Middleweight,A: top-240 WITHOUT is_southpaw~null,0.46086956521739136,True
1,[7118-7617],7264,0,men,Middleweight,A: top-240 WITHOUT is_southpaw~null,0.46086956521739136,True
1,[7118-7617],7265,1,women,Women's Bantamweight,A: top-240 WITHOUT is_southpaw~null,0.603448275862069,False
1,[7118-7617],7266,0,men,Bantamweight,A: top-240 WITHOUT is_southpaw~null,0.46086956521739136,True
1,[7118-7617],7267,0,men,Lightweight,A: top-240 WITHOUT is_southpaw~null,0.46086956521739136,True
1,[7118-7617],7268,1,women,Women's Strawweight,A: top-240 WITHOUT is_southpaw~null,0.46086956521739136,False
1,[7118-7617],7269,1,men,Light Heavyweight,A: top-240 WITHOUT is_southpaw~null,0.7777777777777778,True
1,[7118-7617],7270,1,men,Flyweight,A: top-240 WITHOUT is_southpaw~null,0.46086956521739136,True
1,[7118-7617],7271,0,women,Women's Strawweight,A: top-240 WITHOUT is_southpaw~null,0.6568627450980392,False
1,[7118-7617],7272,0,men,Lightweight,A: top-240 WITHOUT is_southpaw~null,1e-06,True
1,[7118-7617],7273,1,men,Bantamweight,A: top-240 WITHOUT is_southpaw~null,0.4482758620689655,True
1,[7118-7617],7274,0,men,Light Heavyweight,A: top-240 WITHOUT is_southpaw~null,0.6568627450980392,True
1,[7118-7617],7275,0,men,Light Heavyweight,A: top-240 WITHOUT is_southpaw~null,0.46086956521739136,True
1,[7118-7617],7276,1,men,Featherweight,A: top-240 WITHOUT is_southpaw~null,0.6,True
1,[7118-7617],7277,1,men,Featherweight,A: top-240 WITHOUT is_southpaw~null,0.46086956521739136,True
1,[7118-7617],7278,1,men,Featherweight,A: top-240 WITHOUT is_southpaw~null,0.46086956521739136,True
1,[7118-7617],7279,1,men,Bantamweight,A: top-240 WITHOUT is_southpaw~null,0.6388888888888888,True
1,[7118-7617],7280,0,men,Featherweight,A: top-240 WITHOUT is_southpaw~null,0.603448275862069,True
1,[7118-7617],7281,1,men,Heavyweight,A: top-240 WITHOUT is_southpaw~null,0.6568627450980392,True
1,[7118-7617],7282,0,women,Women's Featherweight,A: top-240 WITHOUT is_southpaw~null,0.603448275862069,False
1,[7118-7617],7283,0,men,Bantamweight,A: top-240 WITHOUT is_southpaw~null,0.2,True
1,[7118-7617],7284,1,men,Welterweight,A: top-240 WITHOUT is_southpaw~null,0.6568627450980392,True
1,[7118-7617],7285,1,women,Women's Flyweight,A: top-240 WITHOUT is_southpaw~null,0.6568627450980392,False
1,[7118-7617],7286,0,men,Middleweight,A: top-240 WITHOUT is_southpaw~null,0.46086956521739136,True
1,[7118-7617],7287,1,men,Heavyweight,A: top-240 WITHOUT is_southpaw~null,0.6388888888888888,True
1,[7118-7617],7288,0,men,Lightweight,A: top-240 WITHOUT is_southpaw~null,0.603448275862069,True
1,[7118-7617],7289,1,men,Flyweight,A: top-240 WITHOUT is_southpaw~null,0.603448275862069,True
1,[7118-7617],7290,0,women,Women's Bantamweight,A: top-240 WITHOUT is_southpaw~null,0.6568627450980392,False
1,[7118-7617],7291,0,men,Catch Weight,A: top-240 WITHOUT is_southpaw~null,0.6388888888888888,True
1,[7118-7617],7292,0,women,Women's Bantamweight,A: top-240 WITHOUT is_southpaw~null,0.603448275862069,False
1,[7118-7617],7293,1,men,Heavyweight,A: top-240 WITHOUT is_southpaw~null,0.7777777777777778,True
1,[7118-7617],7294,1,men,Heavyweight,A: top-240 WITHOUT is_southpaw~null,0.46086956521739136,True
1,[7118-7617],7295,0,men,Featherweight,A: top-240 WITHOUT is_southpaw~null,0.4482758620689655,True
1,[7118-7617],7296,1,men,Middleweight,A: top-240 WITHOUT is_southpaw~null,0.603448275862069,True
1,[7118-7617],7297,1,men,Middleweight,A: top-240 WITHOUT is_southpaw~null,0.603448275862069,True
1,[7118-7617],7298,1,men,Bantamweight,A: top-240 WITHOUT is_southpaw~null,0.5714285714285714,True
1,[7118-7617],7299,0,men,Welterweight,A: top-240 WITHOUT is_southpaw~null,0.6388888888888888,True
1,[7118-7617],7300,0,men,Middleweight,A: top-240 WITHOUT is_southpaw~null,0.7298426215647231,True
1,[7118-7617],7301,0,men,Middleweight,A: top-240 WITHOUT is_southpaw~null,0.6,True
1,[7118-7617],7302,0,women,Women's Strawweight,A: top-240 WITHOUT is_southpaw~null,0.6568627450980392,False
1,[7118-7617],7303,1,men,Welterweight,A: top-240 WITHOUT is_southpaw~null,0.6568627450980392,True
1,[7118-7617],7304,1,men,Light Heavyweight,A: top-240 WITHOUT is_southpaw~null,0.6568627450980392,True
1,[7118-7617],7305,0,men,Heavyweight,A: top-240 WITHOUT is_southpaw~null,0.7142857142857143,True
1,[7118-7617],7306,0,men,Featherweight,A: top-240 WITHOUT is_southpaw~null,0.46086956521739136,True
1,[7118-7617],7307,1,men,Featherweight,A: top-240 WITHOUT is_southpaw~null,0.896551724137931,True
1,[7118-7617],7308,0,women,Women's Strawweight,A: top-240 WITHOUT is_southpaw~null,0.46086956521739136,False
1,[7118-7617],7309,1,men,Welterweight,A: top-240 WITHOUT is_southpaw~null,0.603448275862069,True
1,[7118-7617],7310,1,men,Bantamweight,A: top-240 WITHOUT is_southpaw~null,0.6388888888888888,True
1,[7118-7617],7311,0,men,Lightweight,A: top-240 WITHOUT is_southpaw~null,0.46086956521739136,True
1,[7118-7617],7312,1,men,Welterweight,A: top-240 WITHOUT is_southpaw~null,0.6388888888888888,True
1,[7118-7617],7313,0,women,Women's Flyweight,A: top-240 WITHOUT is_southpaw~null,0.46086956521739136,False
1,[7118-7617],7314,0,men,Catch Weight,A: top-240 WITHOUT is_southpaw~null,0.7142857142857143,True
1,[7118-7617],7315,1,men,Heavyweight,A: top-240 WITHOUT is_southpaw~null,0.896551724137931,True
1,[7118-7617],7316,1,men,Welterweight,A: top-240 WITHOUT is_southpaw~null,0.46086956521739136,True
1,[7118-7617],7317,0,men,Welterweight,A: top-240 WITHOUT is_southpaw~null,0.46086956521739136,True
1,[7118-7617],7318,1,men,Light Heavyweight,A: top-240 WITHOUT is_southpaw~null,0.6568627450980392,True
1,[7118-7617],7319,0,men,Light Heavyweight,A: top-240 WITHOUT is_southpaw~null,0.4482758620689655,True
1,[7118-7617],7320,0,men,Heavyweight,A: top-240 WITHOUT is_southpaw~null,0.46086956521739136,True
1,[7118-7617],7321,0,women,Women's Bantamweight,A: top-240 WITHOUT is_southpaw~null,0.46086956521739136,False
1,[7118-7617],7322,0,men,Welterweight,A: top-240 WITHOUT is_southpaw~null,0.4482758620689655,True
1,[7118-7617],7323,0,men,Heavyweight,A: top-240 WITHOUT is_southpaw~null,0.6,True
1,[7118-7617],7324,0,men,Welterweight,A: top-240 WITHOUT is_southpaw~null,0.5714285714285714,True
1,[7118-7617],7325,1,women,Women's Flyweight,A: top-240 WITHOUT is_southpaw~null,0.896551724137931,False
1,[7118-7617],7326,0,men,Welterweight,A: top-240 WITHOUT is_southpaw~null,0.5714285714285714,True
1,[7118-7617],7327,1,women,Women's Strawweight,A: top-240 WITHOUT is_southpaw~null,0.46086956521739136,False
1,[7118-7617],7328,1,men,Lightweight,A: top-240 WITHOUT is_southpaw~null,0.603448275862069,True
1,[7118-7617],7329,1,men,Lightweight,A: top-240 WITHOUT is_southpaw~null,0.6568627450980392,True
1,[7118-7617],7330,0,men,Welterweight,A: top-240 WITHOUT is_southpaw~null,0.46086956521739136,True
1,[7118-7617],7331,0,men,Catch Weight,A: top-240 WITHOUT is_southpaw~null,0.46086956521739136,True
1,[7118-7617],7332,0,men,Middleweight,A: top-240 WITHOUT is_southpaw~null,0.6568627450980392,True
1,[7118-7617],7333,1,women,Women's Strawweight,A: top-240 WITHOUT is_southpaw~null,0.603448275862069,False
1,[7118-7617],7334,0,men,Lightweight,A: top-240 WITHOUT is_southpaw~null,0.6568627450980392,True
1,[7118-7617],7335,1,men,Flyweight,A: top-240 WITHOUT is_southpaw~null,0.603448275862069,True
1,[7118-7617],7336,1,men,Featherweight,A: top-240 WITHOUT is_southpaw~null,0.8181818181818182,True
1,[7118-7617],7337,1,men,Flyweight,A: top-240 WITHOUT is_southpaw~null,0.6,True
1,[7118-7617],7338,0,men,Featherweight,A: top-240 WITHOUT is_southpaw~null,0.6,True
1,[7118-7617],7339,0,men,Flyweight,A: top-240 WITHOUT is_southpaw~null,0.6,True
1,[7118-7617],7340,1,men,Flyweight,A: top-240 WITHOUT is_southpaw~null,0.6568627450980392,True
1,[7118-7617],7341,0,men,Featherweight,A: top-240 WITHOUT is_southpaw~null,0.46086956521739136,True
1,[7118-7617],7342,0,men,Flyweight,A: top-240 WITHOUT is_southpaw~null,0.603448275862069,True
1,[7118-7617],7343,1,men,Featherweight,A: top-240 WITHOUT is_southpaw~null,0.6568627450980392,True
1,[7118-7617],7344,1,men,Welterweight,A: top-240 WITHOUT is_southpaw~null,0.6568627450980392,True
1,[7118-7617],7345,0,men,Welterweight,A: top-240 WITHOUT is_southpaw~null,0.6,True
1,[7118-7617],7346,1,men,Bantamweight,A: top-240 WITHOUT is_southpaw~null,0.6388888888888888,True
1,[7118-7617],7347,0,men,Lightweight,A: top-240 WITHOUT is_southpaw~null,0.603448275862069,True
1,[7118-7617],7348,1,men,Bantamweight,A: top-240 WITHOUT is_southpaw~null,0.5714285714285714,True
1,[7118-7617],7349,0,men,Lightweight,A: top-240 WITHOUT is_southpaw~null,0.6,True
1,[7118-7617],7350,0,men,Bantamweight,A: top-240 WITHOUT is_southpaw~null,0.46086956521739136,True
1,[7118-7617],7351,0,men,Lightweight,A: top-240 WITHOUT is_southpaw~null,0.6,True
1,[7118-7617],7352,1,men,Bantamweight,A: top-240 WITHOUT is_southpaw~null,0.6,True
1,[7118-7617],7353,0,men,Lightweight,A: top-240 WITHOUT is_southpaw~null,0.6,True
1,[7118-7617],7354,0,men,Flyweight,A: top-240 WITHOUT is_southpaw~null,0.6,True
1,[7118-7617],7355,0,men,Heavyweight,A: top-240 WITHOUT is_southpaw~null,0.603448275862069,True
1,[7118-7617],7356,1,men,Bantamweight,A: top-240 WITHOUT is_southpaw~null,0.6,True
1,[7118-7617],7357,1,women,Women's Strawweight,A: top-240 WITHOUT is_southpaw~null,0.6388888888888888,False
1,[7118-7617],7358,0,men,Lightweight,A: top-240 WITHOUT is_southpaw~null,0.6568627450980392,True
1,[7118-7617],7359,1,men,Bantamweight,A: top-240 WITHOUT is_southpaw~null,0.603448275862069,True
1,[7118-7617],7360,1,men,Bantamweight,A: top-240 WITHOUT is_southpaw~null,0.5714285714285714,True
1,[7118-7617],7361,1,men,Light Heavyweight,A: top-240 WITHOUT is_southpaw~null,0.46086956521739136,True
1,[7118-7617],7362,1,women,Women's Flyweight,A: top-240 WITHOUT is_southpaw~null,0.6388888888888888,False
1,[7118-7617],7363,0,men,Flyweight,A: top-240 WITHOUT is_southpaw~null,0.6,True
1,[7118-7617],7364,1,men,Featherweight,A: top-240 WITHOUT is_southpaw~null,0.65882921636818,True
1,[7118-7617],7365,0,men,Welterweight,A: top-240 WITHOUT is_southpaw~null,0.6388888888888888,True
1,[7118-7617],7366,1,men,Flyweight,A: top-240 WITHOUT is_southpaw~null,0.46086956521739136,True
1,[7118-7617],7367,1,men,Lightweight,A: top-240 WITHOUT is_southpaw~null,0.6568627450980392,True
1,[7118-7617],7368,1,women,Women's Strawweight,A: top-240 WITHOUT is_southpaw~null,0.6388888888888888,False
1,[7118-7617],7369,0,men,Flyweight,A: top-240 WITHOUT is_southpaw~null,0.6568627450980392,True
1,[7118-7617],7370,1,men,Featherweight,A: top-240 WITHOUT is_southpaw~null,0.6,True
1,[7118-7617],7371,0,women,Women's Flyweight,A: top-240 WITHOUT is_southpaw~null,0.7777777777777778,False
1,[7118-7617],7372,1,men,Bantamweight,A: top-240 WITHOUT is_southpaw~null,0.46086956521739136,True
1,[7118-7617],7373,1,men,Featherweight,A: top-240 WITHOUT is_southpaw~null,0.6568627450980392,True
1,[7118-7617],7374,1,men,Welterweight,A: top-240 WITHOUT is_southpaw~null,0.6568627450980392,True
1,[7118-7617],7375,1,men,Lightweight,A: top-240 WITHOUT is_southpaw~null,0.46086956521739136,True
1,[7118-7617],7376,1,women,Women's Bantamweight,A: top-240 WITHOUT is_southpaw~null,0.896551724137931,False
1,[7118-7617],7377,1,men,Middleweight,A: top-240 WITHOUT is_southpaw~null,0.46086956521739136,True
1,[7118-7617],7378,0,men,Light Heavyweight,A: top-240 WITHOUT is_southpaw~null,0.6388888888888888,True
1,[7118-7617],7379,1,women,Women's Flyweight,A: top-240 WITHOUT is_southpaw~null,0.6568627450980392,False
1,[7118-7617],7380,1,men,Flyweight,A: top-240 WITHOUT is_southpaw~null,0.46086956521739136,True
1,[7118-7617],7381,1,men,Bantamweight,A: top-240 WITHOUT is_southpaw~null,0.4482758620689655,True
1,[7118-7617],7382,0,men,Flyweight,A: top-240 WITHOUT is_southpaw~null,0.4482758620689655,True
1,[7118-7617],7383,1,men,Welterweight,A: top-240 WITHOUT is_southpaw~null,0.46086956521739136,True
1,[7118-7617],7384,1,men,Featherweight,A: top-240 WITHOUT is_southpaw~null,0.603448275862069,True
1,[7118-7617],7385,1,men,Middleweight,A: top-240 WITHOUT is_southpaw~null,0.46086956521739136,True
1,[7118-7617],7386,1,men,Lightweight,A: top-240 WITHOUT is_southpaw~null,0.896551724137931,True
1,[7118-7617],7387,0,men,Middleweight,A: top-240 WITHOUT is_southpaw~null,0.7777777777777778,True
1,[7118-7617],7388,1,men,Lightweight,A: top-240 WITHOUT is_southpaw~null,0.7777777777777778,True
1,[7118-7617],7389,0,men,Middleweight,A: top-240 WITHOUT is_southpaw~null,0.6568627450980392,True
1,[7118-7617],7390,0,men,Featherweight,A: top-240 WITHOUT is_southpaw~null,0.5714285714285714,True
1,[7118-7617],7391,0,men,Lightweight,A: top-240 WITHOUT is_southpaw~null,0.603448275862069,True
1,[7118-7617],7392,0,men,Flyweight,A: top-240 WITHOUT is_southpaw~null,0.2,True
1,[7118-7617],7393,1,women,Women's Strawweight,A: top-240 WITHOUT is_southpaw~null,0.46086956521739136,False
1,[7118-7617],7394,1,men,Lightweight,A: top-240 WITHOUT is_southpaw~null,0.603448275862069,True
1,[7118-7617],7395,1,men,Welterweight,A: top-240 WITHOUT is_southpaw~null,0.603448275862069,True
1,[7118-7617],7396,1,men,Middleweight,A: top-240 WITHOUT is_southpaw~null,0.7896876700784188,True
1,[7118-7617],7397,1,men,Featherweight,A: top-240 WITHOUT is_southpaw~null,0.6,True
1,[7118-7617],7398,0,women,Women's Flyweight,A: top-240 WITHOUT is_southpaw~null,0.6388888888888888,False
1,[7118-7617],7399,0,men,Featherweight,A: top-240 WITHOUT is_southpaw~null,0.2,True
1,[7118-7617],7400,1,men,Welterweight,A: top-240 WITHOUT is_southpaw~null,0.603448275862069,True
1,[7118-7617],7401,0,women,Women's Featherweight,A: top-240 WITHOUT is_southpaw~null,0.46086956521739136,False
1,[7118-7617],7402,1,men,Heavyweight,A: top-240 WITHOUT is_southpaw~null,0.7777777777777778,True
1,[7118-7617],7403,0,women,Women's Flyweight,A: top-240 WITHOUT is_southpaw~null,0.5714285714285714,False
1,[7118-7617],7404,0,men,Lightweight,A: top-240 WITHOUT is_southpaw~null,0.46086956521739136,True
1,[7118-7617],7405,1,men,Featherweight,A: top-240 WITHOUT is_southpaw~null,0.603448275862069,True
1,[7118-7617],7406,0,men,Welterweight,A: top-240 WITHOUT is_southpaw~null,0.46086956521739136,True
1,[7118-7617],7407,0,men,Middleweight,A: top-240 WITHOUT is_southpaw~null,0.6388888888888888,True
1,[7118-7617],7408,0,men,Lightweight,A: top-240 WITHOUT is_southpaw~null,0.6568627450980392,True
1,[7118-7617],7409,1,women,Women's Flyweight,A: top-240 WITHOUT is_southpaw~null,0.46086956521739136,False
1,[7118-7617],7410,0,men,Welterweight,A: top-240 WITHOUT is_southpaw~null,0.46086956521739136,True
1,[7118-7617],7411,0,men,Lightweight,A: top-240 WITHOUT is_southpaw~null,0.46086956521739136,True
1,[7118-7617],7412,1,men,Middleweight,A: top-240 WITHOUT is_southpaw~null,0.603448275862069,True
1,[7118-7617],7413,0,men,Flyweight,A: top-240 WITHOUT is_southpaw~null,0.2,True
1,[7118-7617],7414,1,men,Bantamweight,A: top-240 WITHOUT is_southpaw~null,0.7777777777777778,True
1,[7118-7617],7415,1,men,Light Heavyweight,A: top-240 WITHOUT is_southpaw~null,0.8181818181818182,True
1,[7118-7617],7416,0,men,Light Heavyweight,A: top-240 WITHOUT is_southpaw~null,0.6568627450980392,True
1,[7118-7617],7417,0,women,Women's Strawweight,A: top-240 WITHOUT is_southpaw~null,0.6,False
1,[7118-7617],7418,1,men,Catch Weight,A: top-240 WITHOUT is_southpaw~null,0.896551724137931,True
1,[7118-7617],7419,0,men,Lightweight,A: top-240 WITHOUT is_southpaw~null,0.6,True
1,[7118-7617],7420,1,men,Middleweight,A: top-240 WITHOUT is_southpaw~null,0.896551724137931,True
1,[7118-7617],7421,0,men,Lightweight,A: top-240 WITHOUT is_southpaw~null,0.6568627450980392,True
1,[7118-7617],7422,0,men,Middleweight,A: top-240 WITHOUT is_southpaw~null,0.2,True
1,[7118-7617],7423,0,men,Flyweight,A: top-240 WITHOUT is_southpaw~null,0.7142857142857143,True
1,[7118-7617],7424,1,men,Featherweight,A: top-240 WITHOUT is_southpaw~null,0.8181818181818182,True
1,[7118-7617],7425,1,men,Welterweight,A: top-240 WITHOUT is_southpaw~null,0.46086956521739136,True
1,[7118-7617],7426,0,women,Women's Bantamweight,A: top-240 WITHOUT is_southpaw~null,0.46086956521739136,False
1,[7118-7617],7427,1,men,Lightweight,A: top-240 WITHOUT is_southpaw~null,0.6568627450980392,True
1,[7118-7617],7428,0,men,Flyweight,A: top-240 WITHOUT is_southpaw~null,0.46086956521739136,True
1,[7118-7617],7429,1,men,Lightweight,A: top-240 WITHOUT is_southpaw~null,0.6568627450980392,True
1,[7118-7617],7430,0,men,Featherweight,A: top-240 WITHOUT is_southpaw~null,0.4489217723405883,True
1,[7118-7617],7431,1,women,Women's Strawweight,A: top-240 WITHOUT is_southpaw~null,0.7777777777777778,False
1,[7118-7617],7432,1,men,Lightweight,A: top-240 WITHOUT is_southpaw~null,0.46086956521739136,True
1,[7118-7617],7433,1,women,Women's Featherweight,A: top-240 WITHOUT is_southpaw~null,0.6388888888888888,False
1,[7118-7617],7434,0,men,Middleweight,A: top-240 WITHOUT is_southpaw~null,0.46086956521739136,True
1,[7118-7617],7435,0,men,Lightweight,A: top-240 WITHOUT is_southpaw~null,0.6,True
1,[7118-7617],7436,1,men,Welterweight,A: top-240 WITHOUT is_southpaw~null,0.896551724137931,True
1,[7118-7617],7437,0,men,Featherweight,A: top-240 WITHOUT is_southpaw~null,0.6,True
1,[7118-7617],7438,1,men,Heavyweight,A: top-240 WITHOUT is_southpaw~null,0.6568627450980392,True
1,[7118-7617],7439,1,men,Flyweight,A: top-240 WITHOUT is_southpaw~null,0.603448275862069,True
1,[7118-7617],7440,0,women,Women's Strawweight,A: top-240 WITHOUT is_southpaw~null,0.6568627450980392,False
1,[7118-7617],7441,1,men,Lightweight,A: top-240 WITHOUT is_southpaw~null,0.4482758620689655,True
1,[7118-7617],7442,1,women,Women's Bantamweight,A: top-240 WITHOUT is_southpaw~null,0.6,False
1,[7118-7617],7443,1,men,Middleweight,A: top-240 WITHOUT is_southpaw~null,0.6388888888888888,True
1,[7118-7617],7444,0,men,Lightweight,A: top-240 WITHOUT is_southpaw~null,0.6,True
1,[7118-7617],7445,0,men,Lightweight,A: top-240 WITHOUT is_southpaw~null,0.2,True
1,[7118-7617],7446,0,men,Bantamweight,A: top-240 WITHOUT is_southpaw~null,1e-06,True
1,[7118-7617],7447,1,men,Featherweight,A: top-240 WITHOUT is_southpaw~null,0.6568627450980392,True
1,[7118-7617],7448,1,men,Middleweight,A: top-240 WITHOUT is_southpaw~null,0.4482758620689655,True
1,[7118-7617],7449,1,men,Featherweight,A: top-240 WITHOUT is_southpaw~null,0.7777777777777778,True
1,[7118-7617],7450,0,women,Women's Flyweight,A: top-240 WITHOUT is_southpaw~null,0.7142857142857143,False
1,[7118-7617],7451,1,men,Heavyweight,A: top-240 WITHOUT is_southpaw~null,0.896551724137931,True
1,[7118-7617],7452,0,men,Welterweight,A: top-240 WITHOUT is_southpaw~null,0.4482758620689655,True
1,[7118-7617],7453,1,women,Women's Flyweight,A: top-240 WITHOUT is_southpaw~null,0.896551724137931,False
1,[7118-7617],7454,0,men,Welterweight,A: top-240 WITHOUT is_southpaw~null,0.6,True
1,[7118-7617],7455,1,men,Middleweight,A: top-240 WITHOUT is_southpaw~null,0.603448275862069,True
1,[7118-7617],7456,1,men,Flyweight,A: top-240 WITHOUT is_southpaw~null,0.46086956521739136,True
1,[7118-7617],7457,1,men,Welterweight,A: top-240 WITHOUT is_southpaw~null,0.603448275862069,True
1,[7118-7617],7458,1,men,Welterweight,A: top-240 WITHOUT is_southpaw~null,0.6388888888888888,True
1,[7118-7617],7459,0,men,Lightweight,A: top-240 WITHOUT is_southpaw~null,0.4482758620689655,True
1,[7118-7617],7460,1,men,Heavyweight,A: top-240 WITHOUT is_southpaw~null,0.6,True
1,[7118-7617],7461,0,men,Light Heavyweight,A: top-240 WITHOUT is_southpaw~null,0.2,True
1,[7118-7617],7462,0,men,Lightweight,A: top-240 WITHOUT is_southpaw~null,0.603448275862069,True
1,[7118-7617],7463,0,men,Welterweight,A: top-240 WITHOUT is_southpaw~null,0.4482758620689655,True
1,[7118-7617],7464,0,men,Flyweight,A: top-240 WITHOUT is_southpaw~null,0.46086956521739136,True
1,[7118-7617],7465,1,men,Featherweight,A: top-240 WITHOUT is_southpaw~null,0.603448275862069,True
1,[7118-7617],7466,1,men,Flyweight,A: top-240 WITHOUT is_southpaw~null,0.6,True
1,[7118-7617],7467,1,men,Featherweight,A: top-240 WITHOUT is_southpaw~null,0.6,True
1,[7118-7617],7468,0,men,Welterweight,A: top-240 WITHOUT is_southpaw~null,0.6388888888888888,True
1,[7118-7617],7469,1,men,Bantamweight,A: top-240 WITHOUT is_southpaw~null,0.7777777777777778,True
1,[7118-7617],7470,1,men,Light Heavyweight,A: top-240 WITHOUT is_southpaw~null,0.603448275862069,True
1,[7118-7617],7471,1,men,Featherweight,A: top-240 WITHOUT is_southpaw~null,0.6,True
1,[7118-7617],7472,1,men,Light Heavyweight,A: top-240 WITHOUT is_southpaw~null,0.5714285714285714,True
1,[7118-7617],7473,0,women,Women's Strawweight,A: top-240 WITHOUT is_southpaw~null,0.4482758620689655,False
1,[7118-7617],7474,1,men,Catch Weight,A: top-240 WITHOUT is_southpaw~null,0.6388888888888888,True
1,[7118-7617],7475,0,men,Lightweight,A: top-240 WITHOUT is_southpaw~null,0.7142857142857143,True
1,[7118-7617],7476,0,men,Flyweight,A: top-240 WITHOUT is_southpaw~null,0.5714285714285714,True
1,[7118-7617],7477,1,men,Bantamweight,A: top-240 WITHOUT is_southpaw~null,0.6388888888888888,True
1,[7118-7617],7478,1,men,Middleweight,A: top-240 WITHOUT is_southpaw~null,0.46086956521739136,True
1,[7118-7617],7479,1,men,Lightweight,A: top-240 WITHOUT is_southpaw~null,0.603448275862069,True
1,[7118-7617],7480,0,men,Heavyweight,A: top-240 WITHOUT is_southpaw~null,0.6321881784776565,True
1,[7118-7617],7481,1,men,Welterweight,A: top-240 WITHOUT is_southpaw~null,0.6568627450980392,True
1,[7118-7617],7482,1,men,Featherweight,A: top-240 WITHOUT is_southpaw~null,0.16666666666666666,True
1,[7118-7617],7483,1,men,Light Heavyweight,A: top-240 WITHOUT is_southpaw~null,0.6,True
1,[7118-7617],7484,0,women,Women's Strawweight,A: top-240 WITHOUT is_southpaw~null,0.4482758620689655,False
1,[7118-7617],7485,1,men,Middleweight,A: top-240 WITHOUT is_southpaw~null,0.46086956521739136,True
1,[7118-7617],7486,1,men,Middleweight,A: top-240 WITHOUT is_southpaw~null,0.6568627450980392,True
1,[7118-7617],7487,0,men,Bantamweight,A: top-240 WITHOUT is_southpaw~null,0.6,True
1,[7118-7617],7488,1,men,Lightweight,A: top-240 WITHOUT is_southpaw~null,0.6568627450980392,True
1,[7118-7617],7489,0,men,Featherweight,A: top-240 WITHOUT is_southpaw~null,0.6568627450980392,True
1,[7118-7617],7490,0,men,Heavyweight,A: top-240 WITHOUT is_southpaw~null,0.46086956521739136,True
1,[7118-7617],7491,1,women,Women's Strawweight,A: top-240 WITHOUT is_southpaw~null,0.6568627450980392,False
1,[7118-7617],7492,1,men,Bantamweight,A: top-240 WITHOUT is_southpaw~null,0.6,True
1,[7118-7617],7493,0,women,Women's Flyweight,A: top-240 WITHOUT is_southpaw~null,0.46086956521739136,False
1,[7118-7617],7494,0,men,Bantamweight,A: top-240 WITHOUT is_southpaw~null,0.603448275862069,True
1,[7118-7617],7495,1,women,Women's Strawweight,A: top-240 WITHOUT is_southpaw~null,0.6568627450980392,False
1,[7118-7617],7496,1,men,Featherweight,A: top-240 WITHOUT is_southpaw~null,0.6,True
1,[7118-7617],7497,0,men,Lightweight,A: top-240 WITHOUT is_southpaw~null,0.6388888888888888,True
1,[7118-7617],7498,1,men,Light Heavyweight,A: top-240 WITHOUT is_southpaw~null,0.603448275862069,True
1,[7118-7617],7499,0,men,Bantamweight,A: top-240 WITHOUT is_southpaw~null,0.603448275862069,True
1,[7118-7617],7500,1,women,Women's Strawweight,A: top-240 WITHOUT is_southpaw~null,0.7777777777777778,False
1,[7118-7617],7501,0,men,Welterweight,A: top-240 WITHOUT is_southpaw~null,0.4482758620689655,True
1,[7118-7617],7502,0,men,Bantamweight,A: top-240 WITHOUT is_southpaw~null,0.6,True
1,[7118-7617],7503,1,men,Bantamweight,A: top-240 WITHOUT is_southpaw~null,0.603448275862069,True
1,[7118-7617],7504,0,men,Middleweight,A: top-240 WITHOUT is_southpaw~null,0.6388888888888888,True
1,[7118-7617],7505,1,men,Middleweight,A: top-240 WITHOUT is_southpaw~null,0.7777777777777778,True
1,[7118-7617],7506,1,men,Lightweight,A: top-240 WITHOUT is_southpaw~null,0.4482758620689655,True
1,[7118-7617],7507,1,men,Bantamweight,A: top-240 WITHOUT is_southpaw~null,0.6568627450980392,True
1,[7118-7617],7508,1,men,Middleweight,A: top-240 WITHOUT is_southpaw~null,0.8181818181818182,True
1,[7118-7617],7509,0,women,Women's Flyweight,A: top-240 WITHOUT is_southpaw~null,0.4482758620689655,False
1,[7118-7617],7510,1,women,Women's Flyweight,A: top-240 WITHOUT is_southpaw~null,0.603448275862069,False
1,[7118-7617],7511,0,women,Women's Strawweight,A: top-240 WITHOUT is_southpaw~null,0.6,False
1,[7118-7617],7512,1,men,Featherweight,A: top-240 WITHOUT is_southpaw~null,0.5714285714285714,True
1,[7118-7617],7513,0,men,Welterweight,A: top-240 WITHOUT is_southpaw~null,0.603448275862069,True
1,[7118-7617],7514,0,men,Middleweight,A: top-240 WITHOUT is_southpaw~null,0.603448275862069,True
1,[7118-7617],7515,0,men,Middleweight,A: top-240 WITHOUT is_southpaw~null,0.4482758620689655,True
1,[7118-7617],7516,1,men,Featherweight,A: top-240 WITHOUT is_southpaw~null,0.7777777777777778,True
1,[7118-7617],7517,1,men,Light Heavyweight,A: top-240 WITHOUT is_southpaw~null,0.5714285714285714,True
1,[7118-7617],7518,1,men,Featherweight,A: top-240 WITHOUT is_southpaw~null,0.603448275862069,True
1,[7118-7617],7519,1,men,Bantamweight,A: top-240 WITHOUT is_southpaw~null,0.896551724137931,True
1,[7118-7617],7520,1,women,Women's Flyweight,A: top-240 WITHOUT is_southpaw~null,0.7142857142857143,False
1,[7118-7617],7521,1,men,Heavyweight,A: top-240 WITHOUT is_southpaw~null,0.7777777777777778,True
1,[7118-7617],7522,1,men,Heavyweight,A: top-240 WITHOUT is_southpaw~null,0.603448275862069,True
1,[7118-7617],7523,0,men,Bantamweight,A: top-240 WITHOUT is_southpaw~null,0.6388888888888888,True
1,[7118-7617],7524,1,men,Welterweight,A: top-240 WITHOUT is_southpaw~null,0.46086956521739136,True
1,[7118-7617],7525,1,men,Welterweight,A: top-240 WITHOUT is_southpaw~null,0.6388888888888888,True
1,[7118-7617],7526,0,women,Women's Flyweight,A: top-240 WITHOUT is_southpaw~null,0.46086956521739136,False
1,[7118-7617],7527,1,men,Featherweight,A: top-240 WITHOUT is_southpaw~null,0.4482758620689655,True
1,[7118-7617],7528,1,men,Flyweight,A: top-240 WITHOUT is_southpaw~null,0.6568627450980392,True
1,[7118-7617],7529,1,men,Lightweight,A: top-240 WITHOUT is_southpaw~null,0.6,True
1,[7118-7617],7530,1,men,Featherweight,A: top-240 WITHOUT is_southpaw~null,0.896551724137931,True
1,[7118-7617],7531,0,men,Flyweight,A: top-240 WITHOUT is_southpaw~null,0.603448275862069,True
1,[7118-7617],7532,1,men,Flyweight,A: top-240 WITHOUT is_southpaw~null,0.6568627450980392,True
1,[7118-7617],7533,1,men,Lightweight,A: top-240 WITHOUT is_southpaw~null,0.6568627450980392,True
1,[7118-7617],7534,1,men,Bantamweight,A: top-240 WITHOUT is_southpaw~null,0.6568627450980392,True
1,[7118-7617],7535,0,men,Bantamweight,A: top-240 WITHOUT is_southpaw~null,0.6,True
1,[7118-7617],7536,1,men,Featherweight,A: top-240 WITHOUT is_southpaw~null,0.6388888888888888,True
1,[7118-7617],7537,1,men,Lightweight,A: top-240 WITHOUT is_southpaw~null,0.6388888888888888,True
1,[7118-7617],7538,0,men,Welterweight,A: top-240 WITHOUT is_southpaw~null,0.6,True
1,[7118-7617],7539,0,men,Middleweight,A: top-240 WITHOUT is_southpaw~null,0.603448275862069,True
1,[7118-7617],7540,1,men,Featherweight,A: top-240 WITHOUT is_southpaw~null,0.6,True
1,[7118-7617],7541,1,men,Heavyweight,A: top-240 WITHOUT is_southpaw~null,0.6568627450980392,True
1,[7118-7617],7542,1,women,Women's Bantamweight,A: top-240 WITHOUT is_southpaw~null,0.6,False
1,[7118-7617],7543,1,men,Welterweight,A: top-240 WITHOUT is_southpaw~null,0.603448275862069,True
1,[7118-7617],7544,0,men,Catch Weight,A: top-240 WITHOUT is_southpaw~null,0.6,True
1,[7118-7617],7545,1,men,Bantamweight,A: top-240 WITHOUT is_southpaw~null,0.603448275862069,True
1,[7118-7617],7546,1,men,Bantamweight,A: top-240 WITHOUT is_southpaw~null,0.8181818181818182,True
1,[7118-7617],7547,1,men,Featherweight,A: top-240 WITHOUT is_southpaw~null,0.6,True
1,[7118-7617],7548,1,men,Featherweight,A: top-240 WITHOUT is_southpaw~null,0.896551724137931,True
1,[7118-7617],7549,1,men,Heavyweight,A: top-240 WITHOUT is_southpaw~null,0.896551724137931,True
1,[7118-7617],7550,1,women,Women's Flyweight,A: top-240 WITHOUT is_southpaw~null,0.6,False
1,[7118-7617],7551,1,men,Light Heavyweight,A: top-240 WITHOUT is_southpaw~null,0.603448275862069,True
1,[7118-7617],7552,1,men,Lightweight,A: top-240 WITHOUT is_southpaw~null,0.6388888888888888,True
1,[7118-7617],7553,0,men,Light Heavyweight,A: top-240 WITHOUT is_southpaw~null,0.5714285714285714,True
1,[7118-7617],7554,0,men,Bantamweight,A: top-240 WITHOUT is_southpaw~null,0.6,True
1,[7118-7617],7555,0,men,Middleweight,A: top-240 WITHOUT is_southpaw~null,0.46086956521739136,True
1,[7118-7617],7556,1,men,Featherweight,A: top-240 WITHOUT is_southpaw~null,0.6,True
1,[7118-7617],7557,0,women,Women's Flyweight,A: top-240 WITHOUT is_southpaw~null,0.6,False
1,[7118-7617],7558,1,men,Lightweight,A: top-240 WITHOUT is_southpaw~null,0.6568627450980392,True
1,[7118-7617],7559,1,men,Welterweight,A: top-240 WITHOUT is_southpaw~null,0.6568627450980392,True
1,[7118-7617],7560,0,men,Featherweight,A: top-240 WITHOUT is_southpaw~null,0.6568627450980392,True
1,[7118-7617],7561,0,men,Welterweight,A: top-240 WITHOUT is_southpaw~null,0.6,True
1,[7118-7617],7562,1,men,Lightweight,A: top-240 WITHOUT is_southpaw~null,0.6568627450980392,True
1,[7118-7617],7563,0,men,Featherweight,A: top-240 WITHOUT is_southpaw~null,0.6,True
1,[7118-7617],7564,1,men,Light Heavyweight,A: top-240 WITHOUT is_southpaw~null,0.6568627450980392,True
1,[7118-7617],7565,1,men,Light Heavyweight,A: top-240 WITHOUT is_southpaw~null,0.603448275862069,True
1,[7118-7617],7566,1,men,Heavyweight,A: top-240 WITHOUT is_southpaw~null,0.6568627450980392,True
1,[7118-7617],7567,1,men,Flyweight,A: top-240 WITHOUT is_southpaw~null,0.7142857142857143,True
1,[7118-7617],7568,0,men,Heavyweight,A: top-240 WITHOUT is_southpaw~null,0.6,True
1,[7118-7617],7569,0,men,Middleweight,A: top-240 WITHOUT is_southpaw~null,0.6388888888888888,True
1,[7118-7617],7570,1,men,Lightweight,A: top-240 WITHOUT is_southpaw~null,0.6568627450980392,True
1,[7118-7617],7571,1,men,Heavyweight,A: top-240 WITHOUT is_southpaw~null,0.6568627450980392,True
1,[7118-7617],7572,1,men,Featherweight,A: top-240 WITHOUT is_southpaw~null,0.6388888888888888,True
1,[7118-7617],7573,1,women,Women's Strawweight,A: top-240 WITHOUT is_southpaw~null,0.6388888888888888,False
1,[7118-7617],7574,1,men,Bantamweight,A: top-240 WITHOUT is_southpaw~null,0.603448275862069,True
1,[7118-7617],7575,1,women,Women's Strawweight,A: top-240 WITHOUT is_southpaw~null,0.7777777777777778,False
1,[7118-7617],7576,0,men,Lightweight,A: top-240 WITHOUT is_southpaw~null,0.46086956521739136,True
1,[7118-7617],7577,1,women,Women's Flyweight,A: top-240 WITHOUT is_southpaw~null,0.6568627450980392,False
1,[7118-7617],7578,1,men,Middleweight,A: top-240 WITHOUT is_southpaw~null,0.6,True
1,[7118-7617],7579,0,men,Featherweight,A: top-240 WITHOUT is_southpaw~null,0.6568627450980392,True
1,[7118-7617],7580,1,men,Lightweight,A: top-240 WITHOUT is_southpaw~null,0.6568627450980392,True
1,[7118-7617],7581,1,men,Bantamweight,A: top-240 WITHOUT is_southpaw~null,0.7939097646113236,True
1,[7118-7617],7582,0,men,Welterweight,A: top-240 WITHOUT is_southpaw~null,0.2,True
1,[7118-7617],7583,1,women,Women's Strawweight,A: top-240 WITHOUT is_southpaw~null,0.8181818181818182,False
1,[7118-7617],7584,1,men,Heavyweight,A: top-240 WITHOUT is_southpaw~null,0.6568627450980392,True
1,[7118-7617],7585,0,men,Lightweight,A: top-240 WITHOUT is_southpaw~null,0.6380903865776079,True
1,[7118-7617],7586,0,men,Lightweight,A: top-240 WITHOUT is_southpaw~null,0.6,True
1,[7118-7617],7587,1,men,Flyweight,A: top-240 WITHOUT is_southpaw~null,0.6568627450980392,True
1,[7118-7617],7588,0,men,Featherweight,A: top-240 WITHOUT is_southpaw~null,0.6,True
1,[7118-7617],7589,0,women,Women's Bantamweight,A: top-240 WITHOUT is_southpaw~null,0.6568627450980392,False
1,[7118-7617],7590,1,women,Women's Strawweight,A: top-240 WITHOUT is_southpaw~null,0.46086956521739136,False
1,[7118-7617],7591,1,men,Heavyweight,A: top-240 WITHOUT is_southpaw~null,0.603448275862069,True
1,[7118-7617],7592,0,men,Middleweight,A: top-240 WITHOUT is_southpaw~null,0.896551724137931,True
1,[7118-7617],7593,1,women,Women's Strawweight,A: top-240 WITHOUT is_southpaw~null,0.6568627450980392,False
1,[7118-7617],7594,1,men,Welterweight,A: top-240 WITHOUT is_southpaw~null,0.46086956521739136,True
1,[7118-7617],7595,1,men,Featherweight,A: top-240 WITHOUT is_southpaw~null,0.603448275862069,True
1,[7118-7617],7596,0,men,Lightweight,A: top-240 WITHOUT is_southpaw~null,0.4482758620689655,True
1,[7118-7617],7597,1,men,Welterweight,A: top-240 WITHOUT is_southpaw~null,0.6,True
1,[7118-7617],7598,1,men,Bantamweight,A: top-240 WITHOUT is_southpaw~null,0.6,True
1,[7118-7617],7599,1,men,Welterweight,A: top-240 WITHOUT is_southpaw~null,0.603448275862069,True
1,[7118-7617],7600,0,men,Heavyweight,A: top-240 WITHOUT is_southpaw~null,0.6568627450980392,True
1,[7118-7617],7601,0,men,Featherweight,A: top-240 WITHOUT is_southpaw~null,0.6,True
1,[7118-7617],7602,0,women,Women's Flyweight,A: top-240 WITHOUT is_southpaw~null,0.6,False
1,[7118-7617],7603,1,men,Bantamweight,A: top-240 WITHOUT is_southpaw~null,0.6,True
1,[7118-7617],7604,0,men,Light Heavyweight,A: top-240 WITHOUT is_southpaw~null,0.603448275862069,True
1,[7118-7617],7605,0,men,Light Heavyweight,A: top-240 WITHOUT is_southpaw~null,0.6568627450980392,True
1,[7118-7617],7606,1,men,Welterweight,A: top-240 WITHOUT is_southpaw~null,0.6568627450980392,True
1,[7118-7617],7607,1,men,Bantamweight,A: top-240 WITHOUT is_southpaw~null,0.46086956521739136,True
1,[7118-7617],7608,1,women,Women's Strawweight,A: top-240 WITHOUT is_southpaw~null,0.16666666666666666,False
1,[7118-7617],7609,0,women,Women's Flyweight,A: top-240 WITHOUT is_southpaw~null,0.6,False
1,[7118-7617],7610,1,women,Women's Strawweight,A: top-240 WITHOUT is_southpaw~null,0.4482758620689655,False
1,[7118-7617],7611,1,men,Flyweight,A: top-240 WITHOUT is_southpaw~null,0.4482758620689655,True
1,[7118-7617],7612,1,men,Lightweight,A: top-240 WITHOUT is_southpaw~null,0.6,True
1,[7118-7617],7613,0,men,Featherweight,A: top-240 WITHOUT is_southpaw~null,0.603448275862069,True
1,[7118-7617],7614,0,men,Welterweight,A: top-240 WITHOUT is_southpaw~null,0.46086956521739136,True
1,[7118-7617],7615,1,men,Middleweight,A: top-240 WITHOUT is_southpaw~null,0.7116042024334184,True
1,[7118-7617],7616,0,men,Lightweight,A: top-240 WITHOUT is_southpaw~null,0.6568627450980392,True
1,[7118-7617],7617,1,men,Bantamweight,A: top-240 WITHOUT is_southpaw~null,0.6,True
2,[7618-8117],7618,0,men,Flyweight,A: top-240 WITHOUT is_southpaw,0.5294117647058824,True
2,[7618-8117],7619,1,men,Featherweight,A: top-240 WITHOUT is_southpaw,0.4772727272727272,True
2,[7618-8117],7620,0,men,Middleweight,A: top-240 WITHOUT is_southpaw,0.4772727272727272,True
2,[7618-8117],7621,1,men,Lightweight,A: top-240 WITHOUT is_southpaw,0.6394849785407725,True
2,[7618-8117],7622,0,men,Bantamweight,A: top-240 WITHOUT is_southpaw,0.4074074074074074,True
2,[7618-8117],7623,0,women,Women's Strawweight,A: top-240 WITHOUT is_southpaw,0.4074074074074074,False
2,[7618-8117],7624,1,men,Bantamweight,A: top-240 WITHOUT is_southpaw,0.6394849785407725,True
2,[7618-8117],7625,0,women,Women's Bantamweight,A: top-240 WITHOUT is_southpaw,0.75,False
2,[7618-8117],7626,1,women,Women's Bantamweight,A: top-240 WITHOUT is_southpaw,0.6394849785407725,False
2,[7618-8117],7627,1,men,Featherweight,A: top-240 WITHOUT is_southpaw,0.4074074074074074,True
2,[7618-8117],7628,1,men,Lightweight,A: top-240 WITHOUT is_southpaw,0.6394849785407725,True
2,[7618-8117],7629,0,men,Middleweight,A: top-240 WITHOUT is_southpaw,0.4772727272727272,True
2,[7618-8117],7630,1,men,Bantamweight,A: top-240 WITHOUT is_southpaw,0.5294117647058824,True
2,[7618-8117],7631,0,women,Women's Flyweight,A: top-240 WITHOUT is_southpaw,0.4074074074074074,False
2,[7618-8117],7632,0,men,Featherweight,A: top-240 WITHOUT is_southpaw,0.763509884992604,True
2,[7618-8117],7633,1,men,Bantamweight,A: top-240 WITHOUT is_southpaw,0.4074074074074074,True
2,[7618-8117],7634,1,men,Middleweight,A: top-240 WITHOUT is_southpaw,0.6394849785407725,True
2,[7618-8117],7635,1,women,Women's Strawweight,A: top-240 WITHOUT is_southpaw,0.95,False
2,[7618-8117],7636,0,men,Featherweight,A: top-240 WITHOUT is_southpaw,0.6394849785407725,True
2,[7618-8117],7637,1,men,Lightweight,A: top-240 WITHOUT is_southpaw,0.25,True
2,[7618-8117],7638,0,men,Middleweight,A: top-240 WITHOUT is_southpaw,0.25,True
2,[7618-8117],7639,0,men,Lightweight,A: top-240 WITHOUT is_southpaw,0.6394849785407725,True
2,[7618-8117],7640,1,men,Bantamweight,A: top-240 WITHOUT is_southpaw,0.95,True
2,[7618-8117],7641,1,men,Middleweight,A: top-240 WITHOUT is_southpaw,0.6394849785407725,True
2,[7618-8117],7642,0,men,Middleweight,A: top-240 WITHOUT is_southpaw,0.40350877192982454,True
2,[7618-8117],7643,1,men,Lightweight,A: top-240 WITHOUT is_southpaw,0.5294117647058824,True
2,[7618-8117],7644,0,men,Flyweight,A: top-240 WITHOUT is_southpaw,0.22266838764075117,True
2,[7618-8117],7645,1,women,Women's Strawweight,A: top-240 WITHOUT is_southpaw,0.40350877192982454,False
2,[7618-8117],7646,0,men,Lightweight,A: top-240 WITHOUT is_southpaw,0.6394849785407725,True
2,[7618-8117],7647,1,women,Women's Strawweight,A: top-240 WITHOUT is_southpaw,0.999999,False
2,[7618-8117],7648,1,men,Light Heavyweight,A: top-240 WITHOUT is_southpaw,0.95,True
2,[7618-8117],7649,0,men,Welterweight,A: top-240 WITHOUT is_southpaw,0.95,True
2,[7618-8117],7650,1,men,Middleweight,A: top-240 WITHOUT is_southpaw,0.95,True
2,[7618-8117],7651,1,men,Heavyweight,A: top-240 WITHOUT is_southpaw,0.6394849785407725,True
2,[7618-8117],7652,1,men,Heavyweight,A: top-240 WITHOUT is_southpaw,0.999999,True
2,[7618-8117],7653,1,men,Catch Weight,A: top-240 WITHOUT is_southpaw,0.6394849785407725,True
2,[7618-8117],7654,1,men,Flyweight,A: top-240 WITHOUT is_southpaw,0.6394849785407725,True
2,[7618-8117],7655,1,men,Catch Weight,A: top-240 WITHOUT is_southpaw,0.6394849785407725,True
2,[7618-8117],7656,1,men,Lightweight,A: top-240 WITHOUT is_southpaw,0.6394849785407725,True
2,[7618-8117],7657,1,men,Lightweight,A: top-240 WITHOUT is_southpaw,0.6394849785407725,True
2,[7618-8117],7658,0,women,Women's Strawweight,A: top-240 WITHOUT is_southpaw,0.4772727272727272,False
2,[7618-8117],7659,0,men,Featherweight,A: top-240 WITHOUT is_southpaw,0.4772727272727272,True
2,[7618-8117],7660,1,men,Featherweight,A: top-240 WITHOUT is_southpaw,0.4772727272727272,True
2,[7618-8117],7661,0,men,Lightweight,A: top-240 WITHOUT is_southpaw,0.40350877192982454,True
2,[7618-8117],7662,1,women,Women's Strawweight,A: top-240 WITHOUT is_southpaw,0.4772727272727272,False
2,[7618-8117],7663,0,men,Heavyweight,A: top-240 WITHOUT is_southpaw,0.6394849785407725,True
2,[7618-8117],7664,0,men,Light Heavyweight,A: top-240 WITHOUT is_southpaw,0.6394849785407725,True
2,[7618-8117],7665,1,men,Flyweight,A: top-240 WITHOUT is_southpaw,0.5294117647058824,True
2,[7618-8117],7666,0,women,Women's Bantamweight,A: top-240 WITHOUT is_southpaw,0.4074074074074074,False
2,[7618-8117],7667,1,men,Featherweight,A: top-240 WITHOUT is_southpaw,0.4772727272727272,True
2,[7618-8117],7668,1,men,Heavyweight,A: top-240 WITHOUT is_southpaw,0.6394849785407725,True
2,[7618-8117],7669,1,men,Middleweight,A: top-240 WITHOUT is_southpaw,0.95,True
2,[7618-8117],7670,0,men,Bantamweight,A: top-240 WITHOUT is_southpaw,0.4772727272727272,True
2,[7618-8117],7671,0,men,Featherweight,A: top-240 WITHOUT is_southpaw,0.6394849785407725,True
2,[7618-8117],7672,1,men,Bantamweight,A: top-240 WITHOUT is_southpaw,0.7222222222222222,True
2,[7618-8117],7673,0,women,Women's Strawweight,A: top-240 WITHOUT is_southpaw,0.4074074074074074,False
2,[7618-8117],7674,1,men,Lightweight,A: top-240 WITHOUT is_southpaw,0.4772727272727272,True
2,[7618-8117],7675,1,men,Welterweight,A: top-240 WITHOUT is_southpaw,0.6394849785407725,True
2,[7618-8117],7676,1,men,Middleweight,A: top-240 WITHOUT is_southpaw,0.7425070628707436,True
2,[7618-8117],7677,0,men,Welterweight,A: top-240 WITHOUT is_southpaw,0.6394849785407725,True
2,[7618-8117],7678,0,men,Flyweight,A: top-240 WITHOUT is_southpaw,0.40350877192982454,True
2,[7618-8117],7679,1,men,Light Heavyweight,A: top-240 WITHOUT is_southpaw,0.6394849785407725,True
2,[7618-8117],7680,0,men,Welterweight,A: top-240 WITHOUT is_southpaw,0.6394849785407725,True
2,[7618-8117],7681,0,men,Middleweight,A: top-240 WITHOUT is_southpaw,0.6394849785407725,True
2,[7618-8117],7682,1,women,Women's Flyweight,A: top-240 WITHOUT is_southpaw,0.6394849785407725,False
2,[7618-8117],7683,1,women,Women's Bantamweight,A: top-240 WITHOUT is_southpaw,0.4772727272727272,False
2,[7618-8117],7684,1,men,Lightweight,A: top-240 WITHOUT is_southpaw,0.40350877192982454,True
2,[7618-8117],7685,0,men,Lightweight,A: top-240 WITHOUT is_southpaw,0.4851945599466069,True
2,[7618-8117],7686,1,men,Welterweight,A: top-240 WITHOUT is_southpaw,0.6394849785407725,True
2,[7618-8117],7687,0,men,Middleweight,A: top-240 WITHOUT is_southpaw,0.6394849785407725,True
2,[7618-8117],7688,0,men,Bantamweight,A: top-240 WITHOUT is_southpaw,0.5294117647058824,True
2,[7618-8117],7689,1,men,Lightweight,A: top-240 WITHOUT is_southpaw,0.4772727272727272,True
2,[7618-8117],7690,0,men,Lightweight,A: top-240 WITHOUT is_southpaw,1e-06,True
2,[7618-8117],7691,1,men,Flyweight,A: top-240 WITHOUT is_southpaw,0.95,True
2,[7618-8117],7692,1,women,Women's Bantamweight,A: top-240 WITHOUT is_southpaw,0.6394849785407725,False
2,[7618-8117],7693,1,men,Lightweight,A: top-240 WITHOUT is_southpaw,0.4074074074074074,True
2,[7618-8117],7694,1,men,Flyweight,A: top-240 WITHOUT is_southpaw,0.999999,True
2,[7618-8117],7695,0,men,Welterweight,A: top-240 WITHOUT is_southpaw,0.4074074074074074,True
2,[7618-8117],7696,0,women,Women's Strawweight,A: top-240 WITHOUT is_southpaw,0.6394849785407725,False
2,[7618-8117],7697,1,men,Bantamweight,A: top-240 WITHOUT is_southpaw,0.4074074074074074,True
2,[7618-8117],7698,1,men,Lightweight,A: top-240 WITHOUT is_southpaw,0.4074074074074074,True
2,[7618-8117],7699,0,men,Light Heavyweight,A: top-240 WITHOUT is_southpaw,0.4772727272727272,True
2,[7618-8117],7700,1,men,Bantamweight,A: top-240 WITHOUT is_southpaw,0.6394849785407725,True
2,[7618-8117],7701,0,men,Middleweight,A: top-240 WITHOUT is_southpaw,0.6394849785407725,True
2,[7618-8117],7702,0,men,Heavyweight,A: top-240 WITHOUT is_southpaw,0.6394849785407725,True
2,[7618-8117],7703,1,men,Featherweight,A: top-240 WITHOUT is_southpaw,0.6089821254074883,True
2,[7618-8117],7704,1,men,Flyweight,A: top-240 WITHOUT is_southpaw,0.4772727272727272,True
2,[7618-8117],7705,0,women,Women's Flyweight,A: top-240 WITHOUT is_southpaw,0.7222222222222222,False
2,[7618-8117],7706,1,men,Bantamweight,A: top-240 WITHOUT is_southpaw,0.75,True
2,[7618-8117],7707,1,women,Women's Bantamweight,A: top-240 WITHOUT is_southpaw,0.4772727272727272,False
2,[7618-8117],7708,1,men,Light Heavyweight,A: top-240 WITHOUT is_southpaw,0.4772727272727272,True
2,[7618-8117],7709,0,men,Lightweight,A: top-240 WITHOUT is_southpaw,0.40350877192982454,True
2,[7618-8117],7710,1,men,Welterweight,A: top-240 WITHOUT is_southpaw,0.95,True
2,[7618-8117],7711,1,men,Flyweight,A: top-240 WITHOUT is_southpaw,0.6394849785407725,True
2,[7618-8117],7712,1,men,Welterweight,A: top-240 WITHOUT is_southpaw,0.4074074074074074,True
2,[7618-8117],7713,1,men,Featherweight,A: top-240 WITHOUT is_southpaw,0.40350877192982454,True
2,[7618-8117],7714,1,men,Bantamweight,A: top-240 WITHOUT is_southpaw,0.6394849785407725,True
2,[7618-8117],7715,1,men,Flyweight,A: top-240 WITHOUT is_southpaw,0.6394849785407725,True
2,[7618-8117],7716,1,men,Lightweight,A: top-240 WITHOUT is_southpaw,0.4074074074074074,True
2,[7618-8117],7717,0,men,Featherweight,A: top-240 WITHOUT is_southpaw,0.25,True
2,[7618-8117],7718,0,men,Welterweight,A: top-240 WITHOUT is_southpaw,0.48225302546474896,True
2,[7618-8117],7719,1,men,Bantamweight,A: top-240 WITHOUT is_southpaw,0.6394849785407725,True
2,[7618-8117],7720,0,men,Middleweight,A: top-240 WITHOUT is_southpaw,0.4772727272727272,True
2,[7618-8117],7721,0,men,Heavyweight,A: top-240 WITHOUT is_southpaw,1e-06,True
2,[7618-8117],7722,0,men,Bantamweight,A: top-240 WITHOUT is_southpaw,0.6394849785407725,True
2,[7618-8117],7723,1,men,Lightweight,A: top-240 WITHOUT is_southpaw,0.6394849785407725,True
2,[7618-8117],7724,1,men,Light Heavyweight,A: top-240 WITHOUT is_southpaw,0.6394849785407725,True
2,[7618-8117],7725,0,men,Flyweight,A: top-240 WITHOUT is_southpaw,0.6394849785407725,True
2,[7618-8117],7726,1,women,Women's Bantamweight,A: top-240 WITHOUT is_southpaw,0.95,False
2,[7618-8117],7727,0,men,Welterweight,A: top-240 WITHOUT is_southpaw,0.6394849785407725,True
2,[7618-8117],7728,1,women,Women's Strawweight,A: top-240 WITHOUT is_southpaw,0.95,False
2,[7618-8117],7729,0,men,Bantamweight,A: top-240 WITHOUT is_southpaw,0.5294117647058824,True
2,[7618-8117],7730,0,men,Featherweight,A: top-240 WITHOUT is_southpaw,0.5294117647058824,True
2,[7618-8117],7731,0,men,Featherweight,A: top-240 WITHOUT is_southpaw,0.4074074074074074,True
2,[7618-8117],7732,1,men,Middleweight,A: top-240 WITHOUT is_southpaw,0.6394849785407725,True
2,[7618-8117],7733,1,men,Welterweight,A: top-240 WITHOUT is_southpaw,0.25,True
2,[7618-8117],7734,1,women,Women's Bantamweight,A: top-240 WITHOUT is_southpaw,0.6394849785407725,False
2,[7618-8117],7735,0,men,Middleweight,A: top-240 WITHOUT is_southpaw,0.4074074074074074,True
2,[7618-8117],7736,0,men,Bantamweight,A: top-240 WITHOUT is_southpaw,0.4074074074074074,True
2,[7618-8117],7737,1,women,Women's Flyweight,A: top-240 WITHOUT is_southpaw,0.6394849785407725,False
2,[7618-8117],7738,0,men,Featherweight,A: top-240 WITHOUT is_southpaw,0.4074074074074074,True
2,[7618-8117],7739,1,men,Flyweight,A: top-240 WITHOUT is_southpaw,0.4772727272727272,True
2,[7618-8117],7740,1,men,Lightweight,A: top-240 WITHOUT is_southpaw,0.40350877192982454,True
2,[7618-8117],7741,0,men,Heavyweight,A: top-240 WITHOUT is_southpaw,0.6394849785407725,True
2,[7618-8117],7742,0,men,Lightweight,A: top-240 WITHOUT is_southpaw,0.4074074074074074,True
2,[7618-8117],7743,1,men,Featherweight,A: top-240 WITHOUT is_southpaw,0.6394849785407725,True
2,[7618-8117],7744,1,men,Lightweight,A: top-240 WITHOUT is_southpaw,0.6394849785407725,True
2,[7618-8117],7745,0,men,Flyweight,A: top-240 WITHOUT is_southpaw,0.6394849785407725,True
2,[7618-8117],7746,1,women,Women's Strawweight,A: top-240 WITHOUT is_southpaw,0.4772727272727272,False
2,[7618-8117],7747,0,men,Welterweight,A: top-240 WITHOUT is_southpaw,0.6394849785407725,True
2,[7618-8117],7748,0,women,Women's Flyweight,A: top-240 WITHOUT is_southpaw,0.25,False
2,[7618-8117],7749,1,men,Welterweight,A: top-240 WITHOUT is_southpaw,0.6394849785407725,True
2,[7618-8117],7750,0,men,Middleweight,A: top-240 WITHOUT is_southpaw,0.4074074074074074,True
2,[7618-8117],7751,1,men,Welterweight,A: top-240 WITHOUT is_southpaw,0.488809029354429,True
2,[7618-8117],7752,1,women,Women's Strawweight,A: top-240 WITHOUT is_southpaw,0.6394849785407725,False
2,[7618-8117],7753,0,men,Featherweight,A: top-240 WITHOUT is_southpaw,0.4772727272727272,True
2,[7618-8117],7754,0,men,Light Heavyweight,A: top-240 WITHOUT is_southpaw,0.6394849785407725,True
2,[7618-8117],7755,1,men,Welterweight,A: top-240 WITHOUT is_southpaw,0.4074074074074074,True
2,[7618-8117],7756,0,men,Light Heavyweight,A: top-240 WITHOUT is_southpaw,0.6394849785407725,True
2,[7618-8117],7757,1,men,Lightweight,A: top-240 WITHOUT is_southpaw,0.6394849785407725,True
2,[7618-8117],7758,0,men,Welterweight,A: top-240 WITHOUT is_southpaw,0.6394849785407725,True
2,[7618-8117],7759,1,men,Middleweight,A: top-240 WITHOUT is_southpaw,0.4982484988785894,True
2,[7618-8117],7760,1,men,Lightweight,A: top-240 WITHOUT is_southpaw,0.4074074074074074,True
2,[7618-8117],7761,0,men,Middleweight,A: top-240 WITHOUT is_southpaw,0.25,True
2,[7618-8117],7762,0,men,Middleweight,A: top-240 WITHOUT is_southpaw,0.5294117647058824,True
2,[7618-8117],7763,1,men,Featherweight,A: top-240 WITHOUT is_southpaw,0.7222222222222222,True
2,[7618-8117],7764,1,men,Middleweight,A: top-240 WITHOUT is_southpaw,0.4772727272727272,True
2,[7618-8117],7765,1,men,Welterweight,A: top-240 WITHOUT is_southpaw,0.75,True
2,[7618-8117],7766,0,men,Welterweight,A: top-240 WITHOUT is_southpaw,0.4074074074074074,True
2,[7618-8117],7767,1,men,Light Heavyweight,A: top-240 WITHOUT is_southpaw,0.5294117647058824,True
2,[7618-8117],7768,1,men,Bantamweight,A: top-240 WITHOUT is_southpaw,0.95,True
2,[7618-8117],7769,1,men,Heavyweight,A: top-240 WITHOUT is_southpaw,0.5294117647058824,True
2,[7618-8117],7770,0,women,Women's Flyweight,A: top-240 WITHOUT is_southpaw,0.4074074074074074,False
2,[7618-8117],7771,1,men,Middleweight,A: top-240 WITHOUT is_southpaw,0.5294117647058824,True
2,[7618-8117],7772,1,men,Bantamweight,A: top-240 WITHOUT is_southpaw,0.95,True
2,[7618-8117],7773,0,men,Welterweight,A: top-240 WITHOUT is_southpaw,0.25,True
2,[7618-8117],7774,1,men,Middleweight,A: top-240 WITHOUT is_southpaw,0.6394849785407725,True
2,[7618-8117],7775,0,men,Featherweight,A: top-240 WITHOUT is_southpaw,0.4074074074074074,True
2,[7618-8117],7776,1,women,Women's Strawweight,A: top-240 WITHOUT is_southpaw,0.4074074074074074,False
2,[7618-8117],7777,0,men,Featherweight,A: top-240 WITHOUT is_southpaw,0.4074074074074074,True
2,[7618-8117],7778,0,men,Flyweight,A: top-240 WITHOUT is_southpaw,0.4772727272727272,True
2,[7618-8117],7779,1,men,Flyweight,A: top-240 WITHOUT is_southpaw,0.6394849785407725,True
2,[7618-8117],7780,0,men,Lightweight,A: top-240 WITHOUT is_southpaw,0.6394849785407725,True
2,[7618-8117],7781,1,men,Flyweight,A: top-240 WITHOUT is_southpaw,0.6394849785407725,True
2,[7618-8117],7782,1,men,Flyweight,A: top-240 WITHOUT is_southpaw,0.6394849785407725,True
2,[7618-8117],7783,0,men,Bantamweight,A: top-240 WITHOUT is_southpaw,0.6394849785407725,True
2,[7618-8117],7784,1,women,Women's Strawweight,A: top-240 WITHOUT is_southpaw,0.6394849785407725,False
2,[7618-8117],7785,1,men,Lightweight,A: top-240 WITHOUT is_southpaw,0.4074074074074074,True
2,[7618-8117],7786,0,men,Featherweight,A: top-240 WITHOUT is_southpaw,0.4772727272727272,True
2,[7618-8117],7787,0,men,Flyweight,A: top-240 WITHOUT is_southpaw,0.7222222222222222,True
2,[7618-8117],7788,1,men,Lightweight,A: top-240 WITHOUT is_southpaw,0.6394849785407725,True
2,[7618-8117],7789,1,men,Bantamweight,A: top-240 WITHOUT is_southpaw,1e-06,True
2,[7618-8117],7790,0,men,Lightweight,A: top-240 WITHOUT is_southpaw,0.6394849785407725,True
2,[7618-8117],7791,1,men,Lightweight,A: top-240 WITHOUT is_southpaw,0.95,True
2,[7618-8117],7792,1,men,Middleweight,A: top-240 WITHOUT is_southpaw,0.6394849785407725,True
2,[7618-8117],7793,1,men,Middleweight,A: top-240 WITHOUT is_southpaw,0.6394849785407725,True
2,[7618-8117],7794,1,men,Bantamweight,A: top-240 WITHOUT is_southpaw,0.6394849785407725,True
2,[7618-8117],7795,1,men,Bantamweight,A: top-240 WITHOUT is_southpaw,0.999999,True
2,[7618-8117],7796,0,men,Flyweight,A: top-240 WITHOUT is_southpaw,0.4772727272727272,True
2,[7618-8117],7797,1,men,Light Heavyweight,A: top-240 WITHOUT is_southpaw,0.75,True
2,[7618-8117],7798,1,men,Heavyweight,A: top-240 WITHOUT is_southpaw,0.4074074074074074,True
2,[7618-8117],7799,0,men,Flyweight,A: top-240 WITHOUT is_southpaw,0.25,True
2,[7618-8117],7800,1,women,Women's Flyweight,A: top-240 WITHOUT is_southpaw,0.4074074074074074,False
2,[7618-8117],7801,0,men,Flyweight,A: top-240 WITHOUT is_southpaw,0.25,True
2,[7618-8117],7802,1,men,Middleweight,A: top-240 WITHOUT is_southpaw,0.6394849785407725,True
2,[7618-8117],7803,0,men,Light Heavyweight,A: top-240 WITHOUT is_southpaw,0.6394849785407725,True
2,[7618-8117],7804,0,men,Bantamweight,A: top-240 WITHOUT is_southpaw,0.25,True
2,[7618-8117],7805,1,men,Lightweight,A: top-240 WITHOUT is_southpaw,0.95,True
2,[7618-8117],7806,1,men,Heavyweight,A: top-240 WITHOUT is_southpaw,0.7222222222222222,True
2,[7618-8117],7807,1,men,Heavyweight,A: top-240 WITHOUT is_southpaw,0.4074074074074074,True
2,[7618-8117],7808,1,men,Bantamweight,A: top-240 WITHOUT is_southpaw,0.40350877192982454,True
2,[7618-8117],7809,0,men,Welterweight,A: top-240 WITHOUT is_southpaw,0.25,True
2,[7618-8117],7810,0,men,Welterweight,A: top-240 WITHOUT is_southpaw,0.6394849785407725,True
2,[7618-8117],7811,1,men,Lightweight,A: top-240 WITHOUT is_southpaw,1e-06,True
2,[7618-8117],7812,1,men,Bantamweight,A: top-240 WITHOUT is_southpaw,0.7222222222222222,True
2,[7618-8117],7813,0,women,Women's Flyweight,A: top-240 WITHOUT is_southpaw,0.40350877192982454,False
2,[7618-8117],7814,0,men,Bantamweight,A: top-240 WITHOUT is_southpaw,0.95,True
2,[7618-8117],7815,1,men,Lightweight,A: top-240 WITHOUT is_southpaw,0.6394849785407725,True
2,[7618-8117],7816,1,women,Women's Strawweight,A: top-240 WITHOUT is_southpaw,0.6394849785407725,False
2,[7618-8117],7817,0,men,Featherweight,A: top-240 WITHOUT is_southpaw,0.4772727272727272,True
2,[7618-8117],7818,1,men,Flyweight,A: top-240 WITHOUT is_southpaw,0.6394849785407725,True
2,[7618-8117],7819,0,women,Women's Bantamweight,A: top-240 WITHOUT is_southpaw,0.6394849785407725,False
2,[7618-8117],7820,0,women,Women's Bantamweight,A: top-240 WITHOUT is_southpaw,0.4772727272727272,False
2,[7618-8117],7821,1,men,Middleweight,A: top-240 WITHOUT is_southpaw,0.6394849785407725,True
2,[7618-8117],7822,1,men,Featherweight,A: top-240 WITHOUT is_southpaw,0.4074074074074074,True
2,[7618-8117],7823,1,men,Light Heavyweight,A: top-240 WITHOUT is_southpaw,0.05571135244283927,True
2,[7618-8117],7824,0,men,Heavyweight,A: top-240 WITHOUT is_southpaw,0.4074074074074074,True
2,[7618-8117],7825,0,men,Lightweight,A: top-240 WITHOUT is_southpaw,0.5294117647058824,True
2,[7618-8117],7826,1,men,Featherweight,A: top-240 WITHOUT is_southpaw,0.4772727272727272,True
2,[7618-8117],7827,0,men,Heavyweight,A: top-240 WITHOUT is_southpaw,0.4074074074074074,True
2,[7618-8117],7828,1,men,Bantamweight,A: top-240 WITHOUT is_southpaw,0.95,True
2,[7618-8117],7829,0,men,Flyweight,A: top-240 WITHOUT is_southpaw,0.4772727272727272,True
2,[7618-8117],7830,0,women,Women's Bantamweight,A: top-240 WITHOUT is_southpaw,0.6394849785407725,False
2,[7618-8117],7831,0,men,Featherweight,A: top-240 WITHOUT is_southpaw,0.6394849785407725,True
2,[7618-8117],7832,1,men,Middleweight,A: top-240 WITHOUT is_southpaw,0.6394849785407725,True
2,[7618-8117],7833,1,men,Featherweight,A: top-240 WITHOUT is_southpaw,0.6394849785407725,True
2,[7618-8117],7834,0,men,Featherweight,A: top-240 WITHOUT is_southpaw,0.40350877192982454,True
2,[7618-8117],7835,1,men,Bantamweight,A: top-240 WITHOUT is_southpaw,0.4772727272727272,True
2,[7618-8117],7836,1,men,Heavyweight,A: top-240 WITHOUT is_southpaw,0.75,True
2,[7618-8117],7837,0,women,Women's Flyweight,A: top-240 WITHOUT is_southpaw,0.4074074074074074,False
2,[7618-8117],7838,0,men,Lightweight,A: top-240 WITHOUT is_southpaw,0.4074074074074074,True
2,[7618-8117],7839,0,men,Middleweight,A: top-240 WITHOUT is_southpaw,0.40350877192982454,True
2,[7618-8117],7840,1,men,Light Heavyweight,A: top-240 WITHOUT is_southpaw,0.75,True
2,[7618-8117],7841,1,men,Featherweight,A: top-240 WITHOUT is_southpaw,0.4772727272727272,True
2,[7618-8117],7842,1,men,Featherweight,A: top-240 WITHOUT is_southpaw,0.6394849785407725,True
2,[7618-8117],7843,1,women,Women's Strawweight,A: top-240 WITHOUT is_southpaw,0.40350877192982454,False
2,[7618-8117],7844,1,men,Featherweight,A: top-240 WITHOUT is_southpaw,0.4074074074074074,True
2,[7618-8117],7845,0,men,Bantamweight,A: top-240 WITHOUT is_southpaw,0.40350877192982454,True
2,[7618-8117],7846,0,men,Featherweight,A: top-240 WITHOUT is_southpaw,0.6394849785407725,True
2,[7618-8117],7847,1,men,Middleweight,A: top-240 WITHOUT is_southpaw,0.7222222222222222,True
2,[7618-8117],7848,1,men,Middleweight,A: top-240 WITHOUT is_southpaw,0.6394849785407725,True
2,[7618-8117],7849,0,men,Welterweight,A: top-240 WITHOUT is_southpaw,0.6394849785407725,True
2,[7618-8117],7850,0,women,Women's Flyweight,A: top-240 WITHOUT is_southpaw,0.6394849785407725,False
2,[7618-8117],7851,1,men,Welterweight,A: top-240 WITHOUT is_southpaw,0.5714285714285714,True
2,[7618-8117],7852,0,women,Women's Bantamweight,A: top-240 WITHOUT is_southpaw,0.5532656001910335,False
2,[7618-8117],7853,0,men,Middleweight,A: top-240 WITHOUT is_southpaw,0.6394849785407725,True
2,[7618-8117],7854,0,men,Bantamweight,A: top-240 WITHOUT is_southpaw,0.4772727272727272,True
2,[7618-8117],7855,0,men,Bantamweight,A: top-240 WITHOUT is_southpaw,0.6394849785407725,True
2,[7618-8117],7856,1,women,Women's Bantamweight,A: top-240 WITHOUT is_southpaw,0.6394849785407725,False
2,[7618-8117],7857,0,men,Heavyweight,A: top-240 WITHOUT is_southpaw,0.6394849785407725,True
2,[7618-8117],7858,0,men,Welterweight,A: top-240 WITHOUT is_southpaw,0.4772727272727272,True
2,[7618-8117],7859,1,men,Lightweight,A: top-240 WITHOUT is_southpaw,0.6394849785407725,True
2,[7618-8117],7860,0,men,Featherweight,A: top-240 WITHOUT is_southpaw,0.6394849785407725,True
2,[7618-8117],7861,0,men,Featherweight,A: top-240 WITHOUT is_southpaw,0.6394849785407725,True
2,[7618-8117],7862,1,men,Middleweight,A: top-240 WITHOUT is_southpaw,0.6394849785407725,True
2,[7618-8117],7863,0,men,Lightweight,A: top-240 WITHOUT is_southpaw,0.4772727272727272,True
2,[7618-8117],7864,0,men,Featherweight,A: top-240 WITHOUT is_southpaw,0.6394849785407725,True
2,[7618-8117],7865,1,men,Bantamweight,A: top-240 WITHOUT is_southpaw,0.4772727272727272,True
2,[7618-8117],7866,1,men,Lightweight,A: top-240 WITHOUT is_southpaw,0.7577094085607325,True
2,[7618-8117],7867,1,women,Women's Strawweight,A: top-240 WITHOUT is_southpaw,0.4074074074074074,False
2,[7618-8117],7868,0,men,Lightweight,A: top-240 WITHOUT is_southpaw,0.6394849785407725,True
2,[7618-8117],7869,0,women,Women's Bantamweight,A: top-240 WITHOUT is_southpaw,0.7222222222222222,False
2,[7618-8117],7870,1,men,Light Heavyweight,A: top-240 WITHOUT is_southpaw,0.40350877192982454,True
2,[7618-8117],7871,1,men,Light Heavyweight,A: top-240 WITHOUT is_southpaw,0.4074074074074074,True
2,[7618-8117],7872,1,men,Middleweight,A: top-240 WITHOUT is_southpaw,0.999999,True
2,[7618-8117],7873,0,men,Lightweight,A: top-240 WITHOUT is_southpaw,1e-06,True
2,[7618-8117],7874,0,men,Lightweight,A: top-240 WITHOUT is_southpaw,0.40350877192982454,True
2,[7618-8117],7875,1,women,Women's Strawweight,A: top-240 WITHOUT is_southpaw,0.75,False
2,[7618-8117],7876,0,men,Featherweight,A: top-240 WITHOUT is_southpaw,0.40350877192982454,True
2,[7618-8117],7877,0,men,Lightweight,A: top-240 WITHOUT is_southpaw,0.4074074074074074,True
2,[7618-8117],7878,1,women,Women's Flyweight,A: top-240 WITHOUT is_southpaw,0.6394849785407725,False
2,[7618-8117],7879,0,men,Lightweight,A: top-240 WITHOUT is_southpaw,0.6394849785407725,True
2,[7618-8117],7880,0,women,Women's Strawweight,A: top-240 WITHOUT is_southpaw,0.4074074074074074,False
2,[7618-8117],7881,1,men,Heavyweight,A: top-240 WITHOUT is_southpaw,0.5294117647058824,True
2,[7618-8117],7882,1,men,Lightweight,A: top-240 WITHOUT is_southpaw,0.6394849785407725,True
2,[7618-8117],7883,0,men,Bantamweight,A: top-240 WITHOUT is_southpaw,0.4074074074074074,True
2,[7618-8117],7884,0,men,Featherweight,A: top-240 WITHOUT is_southpaw,0.7222222222222222,True
2,[7618-8117],7885,0,men,Heavyweight,A: top-240 WITHOUT is_southpaw,0.6394849785407725,True
2,[7618-8117],7886,0,women,Women's Flyweight,A: top-240 WITHOUT is_southpaw,0.6394849785407725,False
2,[7618-8117],7887,0,men,Light Heavyweight,A: top-240 WITHOUT is_southpaw,0.75,True
2,[7618-8117],7888,0,men,Flyweight,A: top-240 WITHOUT is_southpaw,0.6394849785407725,True
2,[7618-8117],7889,0,men,Welterweight,A: top-240 WITHOUT is_southpaw,0.40350877192982454,True
2,[7618-8117],7890,0,men,Lightweight,A: top-240 WITHOUT is_southpaw,0.4772727272727272,True
2,[7618-8117],7891,1,men,Lightweight,A: top-240 WITHOUT is_southpaw,0.6394849785407725,True
2,[7618-8117],7892,1,women,Women's Flyweight,A: top-240 WITHOUT is_southpaw,0.6394849785407725,False
2,[7618-8117],7893,1,men,Lightweight,A: top-240 WITHOUT is_southpaw,0.4074074074074074,True
2,[7618-8117],7894,0,men,Lightweight,A: top-240 WITHOUT is_southpaw,0.4772727272727272,True
2,[7618-8117],7895,0,women,Women's Strawweight,A: top-240 WITHOUT is_southpaw,0.40350877192982454,False
2,[7618-8117],7896,1,men,Flyweight,A: top-240 WITHOUT is_southpaw,0.6394849785407725,True
2,[7618-8117],7897,0,men,Middleweight,A: top-240 WITHOUT is_southpaw,0.25,True
2,[7618-8117],7898,1,men,Middleweight,A: top-240 WITHOUT is_southpaw,0.6394849785407725,True
2,[7618-8117],7899,1,men,Light Heavyweight,A: top-240 WITHOUT is_southpaw,0.25,True
2,[7618-8117],7900,1,men,Bantamweight,A: top-240 WITHOUT is_southpaw,0.40350877192982454,True
2,[7618-8117],7901,1,men,Flyweight,A: top-240 WITHOUT is_southpaw,0.4074074074074074,True
2,[7618-8117],7902,0,men,Featherweight,A: top-240 WITHOUT is_southpaw,0.6394849785407725,True
2,[7618-8117],7903,0,women,Women's Flyweight,A: top-240 WITHOUT is_southpaw,0.6394849785407725,False
2,[7618-8117],7904,1,men,Flyweight,A: top-240 WITHOUT is_southpaw,0.4772727272727272,True
2,[7618-8117],7905,0,men,Welterweight,A: top-240 WITHOUT is_southpaw,0.6394849785407725,True
2,[7618-8117],7906,1,women,Women's Strawweight,A: top-240 WITHOUT is_southpaw,0.6394849785407725,False
2,[7618-8117],7907,1,men,Lightweight,A: top-240 WITHOUT is_southpaw,0.6394849785407725,True
2,[7618-8117],7908,0,men,Lightweight,A: top-240 WITHOUT is_southpaw,0.6394849785407725,True
2,[7618-8117],7909,0,men,Featherweight,A: top-240 WITHOUT is_southpaw,0.40350877192982454,True
2,[7618-8117],7910,1,men,Lightweight,A: top-240 WITHOUT is_southpaw,1e-06,True
2,[7618-8117],7911,0,men,Light Heavyweight,A: top-240 WITHOUT is_southpaw,0.40350877192982454,True
2,[7618-8117],7912,1,men,Welterweight,A: top-240 WITHOUT is_southpaw,0.4074074074074074,True
2,[7618-8117],7913,1,men,Heavyweight,A: top-240 WITHOUT is_southpaw,0.4074074074074074,True
2,[7618-8117],7914,1,men,Heavyweight,A: top-240 WITHOUT is_southpaw,0.6394849785407725,True
2,[7618-8117],7915,1,women,Women's Strawweight,A: top-240 WITHOUT is_southpaw,0.40350877192982454,False
2,[7618-8117],7916,1,men,Welterweight,A: top-240 WITHOUT is_southpaw,0.6394849785407725,True
2,[7618-8117],7917,1,men,Featherweight,A: top-240 WITHOUT is_southpaw,0.95,True
2,[7618-8117],7918,1,men,Featherweight,A: top-240 WITHOUT is_southpaw,0.6394849785407725,True
2,[7618-8117],7919,1,women,Women's Flyweight,A: top-240 WITHOUT is_southpaw,0.4772727272727272,False
2,[7618-8117],7920,0,women,Women's Strawweight,A: top-240 WITHOUT is_southpaw,0.4074074074074074,False
2,[7618-8117],7921,1,men,Featherweight,A: top-240 WITHOUT is_southpaw,0.4772727272727272,True
2,[7618-8117],7922,1,women,Women's Strawweight,A: top-240 WITHOUT is_southpaw,0.6394849785407725,False
2,[7618-8117],7923,1,men,Featherweight,A: top-240 WITHOUT is_southpaw,0.5714285714285714,True
2,[7618-8117],7924,1,men,Bantamweight,A: top-240 WITHOUT is_southpaw,0.4074074074074074,True
2,[7618-8117],7925,1,women,Women's Strawweight,A: top-240 WITHOUT is_southpaw,0.6394849785407725,False
2,[7618-8117],7926,1,men,Middleweight,A: top-240 WITHOUT is_southpaw,0.5294117647058824,True
2,[7618-8117],7927,0,women,Women's Bantamweight,A: top-240 WITHOUT is_southpaw,0.4772727272727272,False
2,[7618-8117],7928,1,men,Light Heavyweight,A: top-240 WITHOUT is_southpaw,0.6394849785407725,True
2,[7618-8117],7929,0,men,Lightweight,A: top-240 WITHOUT is_southpaw,0.4772727272727272,True
2,[7618-8117],7930,0,women,Women's Strawweight,A: top-240 WITHOUT is_southpaw,0.6394849785407725,False
2,[7618-8117],7931,1,men,Bantamweight,A: top-240 WITHOUT is_southpaw,0.6394849785407725,True
2,[7618-8117],7932,1,men,Welterweight,A: top-240 WITHOUT is_southpaw,0.5294117647058824,True
2,[7618-8117],7933,1,men,Welterweight,A: top-240 WITHOUT is_southpaw,0.6394849785407725,True
2,[7618-8117],7934,0,men,Featherweight,A: top-240 WITHOUT is_southpaw,0.15716160634455228,True
2,[7618-8117],7935,0,women,Women's Strawweight,A: top-240 WITHOUT is_southpaw,0.7222222222222222,False
2,[7618-8117],7936,1,men,Lightweight,A: top-240 WITHOUT is_southpaw,0.4772727272727272,True
2,[7618-8117],7937,0,men,Flyweight,A: top-240 WITHOUT is_southpaw,0.95,True
2,[7618-8117],7938,1,men,Bantamweight,A: top-240 WITHOUT is_southpaw,0.6394849785407725,True
2,[7618-8117],7939,0,men,Flyweight,A: top-240 WITHOUT is_southpaw,0.6394849785407725,True
2,[7618-8117],7940,0,men,Bantamweight,A: top-240 WITHOUT is_southpaw,0.4772727272727272,True
2,[7618-8117],7941,1,women,Women's Flyweight,A: top-240 WITHOUT is_southpaw,0.6394849785407725,False
2,[7618-8117],7942,1,men,Flyweight,A: top-240 WITHOUT is_southpaw,0.6394849785407725,True
2,[7618-8117],7943,1,men,Bantamweight,A: top-240 WITHOUT is_southpaw,0.5294117647058824,True
2,[7618-8117],7944,1,men,Bantamweight,A: top-240 WITHOUT is_southpaw,0.6394849785407725,True
2,[7618-8117],7945,1,men,Lightweight,A: top-240 WITHOUT is_southpaw,0.6394849785407725,True
2,[7618-8117],7946,1,women,Women's Bantamweight,A: top-240 WITHOUT is_southpaw,0.7222222222222222,False
2,[7618-8117],7947,0,men,Welterweight,A: top-240 WITHOUT is_southpaw,0.4074074074074074,True
2,[7618-8117],7948,0,men,Welterweight,A: top-240 WITHOUT is_southpaw,0.4074074074074074,True
2,[7618-8117],7949,0,men,Flyweight,A: top-240 WITHOUT is_southpaw,0.6394849785407725,True
2,[7618-8117],7950,1,men,Heavyweight,A: top-240 WITHOUT is_southpaw,0.95,True
2,[7618-8117],7951,1,men,Welterweight,A: top-240 WITHOUT is_southpaw,0.4074074074074074,True
2,[7618-8117],7952,1,men,Welterweight,A: top-240 WITHOUT is_southpaw,0.6394849785407725,True
2,[7618-8117],7953,1,men,Middleweight,A: top-240 WITHOUT is_southpaw,0.48231949969000615,True
2,[7618-8117],7954,1,men,Middleweight,A: top-240 WITHOUT is_southpaw,0.6394849785407725,True
2,[7618-8117],7955,1,men,Lightweight,A: top-240 WITHOUT is_southpaw,0.999999,True
2,[7618-8117],7956,0,men,Middleweight,A: top-240 WITHOUT is_southpaw,0.4074074074074074,True
2,[7618-8117],7957,0,men,Bantamweight,A: top-240 WITHOUT is_southpaw,0.40350877192982454,True
2,[7618-8117],7958,0,women,Women's Strawweight,A: top-240 WITHOUT is_southpaw,0.75,False
2,[7618-8117],7959,0,men,Bantamweight,A: top-240 WITHOUT is_southpaw,0.6394849785407725,True
2,[7618-8117],7960,0,women,Women's Flyweight,A: top-240 WITHOUT is_southpaw,0.4074074074074074,False
2,[7618-8117],7961,1,men,Bantamweight,A: top-240 WITHOUT is_southpaw,0.5294117647058824,True
2,[7618-8117],7962,0,men,Welterweight,A: top-240 WITHOUT is_southpaw,0.4772727272727272,True
2,[7618-8117],7963,0,men,Middleweight,A: top-240 WITHOUT is_southpaw,0.6394849785407725,True
2,[7618-8117],7964,0,men,Welterweight,A: top-240 WITHOUT is_southpaw,0.6394849785407725,True
2,[7618-8117],7965,1,men,Middleweight,A: top-240 WITHOUT is_southpaw,0.7222222222222222,True
2,[7618-8117],7966,1,men,Bantamweight,A: top-240 WITHOUT is_southpaw,0.6394849785407725,True
2,[7618-8117],7967,1,men,Light Heavyweight,A: top-240 WITHOUT is_southpaw,0.4772727272727272,True
2,[7618-8117],7968,0,men,Middleweight,A: top-240 WITHOUT is_southpaw,0.25,True
2,[7618-8117],7969,0,women,Women's Strawweight,A: top-240 WITHOUT is_southpaw,0.5294117647058824,False
2,[7618-8117],7970,0,men,Lightweight,A: top-240 WITHOUT is_southpaw,0.4074074074074074,True
2,[7618-8117],7971,1,women,Women's Strawweight,A: top-240 WITHOUT is_southpaw,0.7222222222222222,False
2,[7618-8117],7972,0,men,Flyweight,A: top-240 WITHOUT is_southpaw,0.4074074074074074,True
2,[7618-8117],7973,1,men,Featherweight,A: top-240 WITHOUT is_southpaw,0.6394849785407725,True
2,[7618-8117],7974,0,men,Featherweight,A: top-240 WITHOUT is_southpaw,0.95,True
2,[7618-8117],7975,0,men,Welterweight,A: top-240 WITHOUT is_southpaw,0.4772727272727272,True
2,[7618-8117],7976,0,women,Women's Flyweight,A: top-240 WITHOUT is_southpaw,0.6394849785407725,False
2,[7618-8117],7977,1,men,Bantamweight,A: top-240 WITHOUT is_southpaw,0.4772727272727272,True
2,[7618-8117],7978,0,men,Featherweight,A: top-240 WITHOUT is_southpaw,0.75,True
2,[7618-8117],7979,0,men,Bantamweight,A: top-240 WITHOUT is_southpaw,0.25,True
2,[7618-8117],7980,0,men,Flyweight,A: top-240 WITHOUT is_southpaw,1e-06,True
2,[7618-8117],7981,1,men,Flyweight,A: top-240 WITHOUT is_southpaw,0.95,True
2,[7618-8117],7982,0,men,Bantamweight,A: top-240 WITHOUT is_southpaw,0.4772727272727272,True
2,[7618-8117],7983,1,men,Light Heavyweight,A: top-240 WITHOUT is_southpaw,0.6394849785407725,True
2,[7618-8117],7984,0,men,Bantamweight,A: top-240 WITHOUT is_southpaw,0.5714285714285714,True
2,[7618-8117],7985,1,men,Welterweight,A: top-240 WITHOUT is_southpaw,0.95,True
2,[7618-8117],7986,0,men,Featherweight,A: top-240 WITHOUT is_southpaw,0.7222222222222222,True
2,[7618-8117],7987,1,men,Lightweight,A: top-240 WITHOUT is_southpaw,0.6394849785407725,True
2,[7618-8117],7988,0,men,Light Heavyweight,A: top-240 WITHOUT is_southpaw,0.6394849785407725,True
2,[7618-8117],7989,1,men,Middleweight,A: top-240 WITHOUT is_southpaw,0.6394849785407725,True
2,[7618-8117],7990,1,men,Middleweight,A: top-240 WITHOUT is_southpaw,0.6394849785407725,True
2,[7618-8117],7991,0,men,Heavyweight,A: top-240 WITHOUT is_southpaw,0.6394849785407725,True
2,[7618-8117],7992,1,men,Middleweight,A: top-240 WITHOUT is_southpaw,0.4074074074074074,True
2,[7618-8117],7993,0,men,Bantamweight,A: top-240 WITHOUT is_southpaw,0.6394849785407725,True
2,[7618-8117],7994,1,men,Flyweight,A: top-240 WITHOUT is_southpaw,0.95,True
2,[7618-8117],7995,0,men,Heavyweight,A: top-240 WITHOUT is_southpaw,0.40350877192982454,True
2,[7618-8117],7996,0,women,Women's Strawweight,A: top-240 WITHOUT is_southpaw,0.40350877192982454,False
2,[7618-8117],7997,1,men,Bantamweight,A: top-240 WITHOUT is_southpaw,0.7222222222222222,True
2,[7618-8117],7998,0,men,Featherweight,A: top-240 WITHOUT is_southpaw,0.4074074074074074,True
2,[7618-8117],7999,1,men,Light Heavyweight,A: top-240 WITHOUT is_southpaw,0.4772727272727272,True
2,[7618-8117],8000,1,men,Middleweight,A: top-240 WITHOUT is_southpaw,0.75,True
2,[7618-8117],8001,1,men,Welterweight,A: top-240 WITHOUT is_southpaw,0.95,True
2,[7618-8117],8002,0,women,Women's Bantamweight,A: top-240 WITHOUT is_southpaw,0.4074074074074074,False
2,[7618-8117],8003,0,men,Light Heavyweight,A: top-240 WITHOUT is_southpaw,0.4074074074074074,True
2,[7618-8117],8004,0,men,Catch Weight,A: top-240 WITHOUT is_southpaw,0.6394849785407725,True
2,[7618-8117],8005,0,men,Featherweight,A: top-240 WITHOUT is_southpaw,0.4074074074074074,True
2,[7618-8117],8006,1,men,Bantamweight,A: top-240 WITHOUT is_southpaw,0.6394849785407725,True
2,[7618-8117],8007,1,men,Welterweight,A: top-240 WITHOUT is_southpaw,0.6394849785407725,True
2,[7618-8117],8008,0,men,Middleweight,A: top-240 WITHOUT is_southpaw,0.4772727272727272,True
2,[7618-8117],8009,1,women,Women's Flyweight,A: top-240 WITHOUT is_southpaw,0.6394849785407725,False
2,[7618-8117],8010,0,men,Flyweight,A: top-240 WITHOUT is_southpaw,0.6394849785407725,True
2,[7618-8117],8011,1,women,Women's Flyweight,A: top-240 WITHOUT is_southpaw,0.6394849785407725,False
2,[7618-8117],8012,1,men,Welterweight,A: top-240 WITHOUT is_southpaw,0.7222222222222222,True
2,[7618-8117],8013,0,men,Lightweight,A: top-240 WITHOUT is_southpaw,1e-06,True
2,[7618-8117],8014,0,men,Welterweight,A: top-240 WITHOUT is_southpaw,0.6394849785407725,True
2,[7618-8117],8015,1,women,Women's Flyweight,A: top-240 WITHOUT is_southpaw,0.6394849785407725,False
2,[7618-8117],8016,1,men,Featherweight,A: top-240 WITHOUT is_southpaw,1e-06,True
2,[7618-8117],8017,0,men,Heavyweight,A: top-240 WITHOUT is_southpaw,0.4772727272727272,True
2,[7618-8117],8018,1,women,Women's Flyweight,A: top-240 WITHOUT is_southpaw,0.6394849785407725,False
2,[7618-8117],8019,0,men,Lightweight,A: top-240 WITHOUT is_southpaw,0.4772727272727272,True
2,[7618-8117],8020,1,women,Women's Flyweight,A: top-240 WITHOUT is_southpaw,0.6394849785407725,False
2,[7618-8117],8021,0,men,Featherweight,A: top-240 WITHOUT is_southpaw,0.6394849785407725,True
2,[7618-8117],8022,0,men,Bantamweight,A: top-240 WITHOUT is_southpaw,0.4772727272727272,True
2,[7618-8117],8023,0,men,Flyweight,A: top-240 WITHOUT is_southpaw,0.4772727272727272,True
2,[7618-8117],8024,1,men,Lightweight,A: top-240 WITHOUT is_southpaw,0.4074074074074074,True
2,[7618-8117],8025,1,men,Featherweight,A: top-240 WITHOUT is_southpaw,0.6394849785407725,True
2,[7618-8117],8026,0,women,Women's Strawweight,A: top-240 WITHOUT is_southpaw,0.4772727272727272,False
2,[7618-8117],8027,1,men,Featherweight,A: top-240 WITHOUT is_southpaw,0.4772727272727272,True
2,[7618-8117],8028,1,men,Flyweight,A: top-240 WITHOUT is_southpaw,0.6394849785407725,True
2,[7618-8117],8029,1,women,Women's Strawweight,A: top-240 WITHOUT is_southpaw,0.5714285714285714,False
2,[7618-8117],8030,1,men,Heavyweight,A: top-240 WITHOUT is_southpaw,0.6394849785407725,True
2,[7618-8117],8031,1,men,Welterweight,A: top-240 WITHOUT is_southpaw,0.7222222222222222,True
2,[7618-8117],8032,1,men,Light Heavyweight,A: top-240 WITHOUT is_southpaw,0.6394849785407725,True
2,[7618-8117],8033,1,men,Welterweight,A: top-240 WITHOUT is_southpaw,0.6394849785407725,True
2,[7618-8117],8034,1,men,Bantamweight,A: top-240 WITHOUT is_southpaw,0.4772727272727272,True
2,[7618-8117],8035,1,men,Heavyweight,A: top-240 WITHOUT is_southpaw,0.95,True
2,[7618-8117],8036,1,men,Featherweight,A: top-240 WITHOUT is_southpaw,0.7222222222222222,True
2,[7618-8117],8037,1,men,Featherweight,A: top-240 WITHOUT is_southpaw,0.4772727272727272,True
2,[7618-8117],8038,0,men,Middleweight,A: top-240 WITHOUT is_southpaw,0.6394849785407725,True
2,[7618-8117],8039,0,men,Lightweight,A: top-240 WITHOUT is_southpaw,0.4074074074074074,True
2,[7618-8117],8040,0,men,Welterweight,A: top-240 WITHOUT is_southpaw,0.6394849785407725,True
2,[7618-8117],8041,0,women,Women's Strawweight,A: top-240 WITHOUT is_southpaw,0.5587760021441404,False
2,[7618-8117],8042,1,men,Lightweight,A: top-240 WITHOUT is_southpaw,0.4772727272727272,True
2,[7618-8117],8043,0,women,Women's Strawweight,A: top-240 WITHOUT is_southpaw,0.95,False
2,[7618-8117],8044,0,men,Lightweight,A: top-240 WITHOUT is_southpaw,0.4074074074074074,True
2,[7618-8117],8045,1,men,Middleweight,A: top-240 WITHOUT is_southpaw,0.95,True
2,[7618-8117],8046,1,men,Lightweight,A: top-240 WITHOUT is_southpaw,0.25,True
2,[7618-8117],8047,1,men,Light Heavyweight,A: top-240 WITHOUT is_southpaw,0.6394849785407725,True
2,[7618-8117],8048,1,men,Heavyweight,A: top-240 WITHOUT is_southpaw,0.6394849785407725,True
2,[7618-8117],8049,1,women,Women's Strawweight,A: top-240 WITHOUT is_southpaw,0.4074074074074074,False
2,[7618-8117],8050,1,men,Lightweight,A: top-240 WITHOUT is_southpaw,0.4074074074074074,True
2,[7618-8117],8051,0,men,Welterweight,A: top-240 WITHOUT is_southpaw,0.40350877192982454,True
2,[7618-8117],8052,0,men,Bantamweight,A: top-240 WITHOUT is_southpaw,0.4772727272727272,True
2,[7618-8117],8053,1,men,Middleweight,A: top-240 WITHOUT is_southpaw,0.49274422815202706,True
2,[7618-8117],8054,0,men,Bantamweight,A: top-240 WITHOUT is_southpaw,0.25,True
2,[7618-8117],8055,1,women,Women's Strawweight,A: top-240 WITHOUT is_southpaw,0.6394849785407725,False
2,[7618-8117],8056,1,men,Featherweight,A: top-240 WITHOUT is_southpaw,0.7222222222222222,True
2,[7618-8117],8057,1,men,Heavyweight,A: top-240 WITHOUT is_southpaw,0.4074074074074074,True
2,[7618-8117],8058,1,women,Women's Bantamweight,A: top-240 WITHOUT is_southpaw,0.6394849785407725,False
2,[7618-8117],8059,1,men,Bantamweight,A: top-240 WITHOUT is_southpaw,0.6394849785407725,True
2,[7618-8117],8060,1,men,Welterweight,A: top-240 WITHOUT is_southpaw,0.75,True
2,[7618-8117],8061,1,men,Bantamweight,A: top-240 WITHOUT is_southpaw,0.6394849785407725,True
2,[7618-8117],8062,0,men,Featherweight,A: top-240 WITHOUT is_southpaw,0.4074074074074074,True
2,[7618-8117],8063,0,men,Heavyweight,A: top-240 WITHOUT is_southpaw,0.4772727272727272,True
2,[7618-8117],8064,1,women,Women's Bantamweight,A: top-240 WITHOUT is_southpaw,0.6394849785407725,False
2,[7618-8117],8065,1,men,Flyweight,A: top-240 WITHOUT is_southpaw,0.4772727272727272,True
2,[7618-8117],8066,1,men,Featherweight,A: top-240 WITHOUT is_southpaw,0.6394849785407725,True
2,[7618-8117],8067,0,men,Welterweight,A: top-240 WITHOUT is_southpaw,0.6394849785407725,True
2,[7618-8117],8068,1,men,Middleweight,A: top-240 WITHOUT is_southpaw,0.6394849785407725,True
2,[7618-8117],8069,0,men,Light Heavyweight,A: top-240 WITHOUT is_southpaw,0.6394849785407725,True
2,[7618-8117],8070,1,men,Middleweight,A: top-240 WITHOUT is_southpaw,0.6394849785407725,True
2,[7618-8117],8071,1,men,Flyweight,A: top-240 WITHOUT is_southpaw,0.4074074074074074,True
2,[7618-8117],8072,0,men,Lightweight,A: top-240 WITHOUT is_southpaw,0.6394849785407725,True
2,[7618-8117],8073,0,men,Heavyweight,A: top-240 WITHOUT is_southpaw,0.5294117647058824,True
2,[7618-8117],8074,0,men,Welterweight,A: top-240 WITHOUT is_southpaw,0.40350877192982454,True
2,[7618-8117],8075,0,men,Heavyweight,A: top-240 WITHOUT is_southpaw,0.6394849785407725,True
2,[7618-8117],8076,0,men,Featherweight,A: top-240 WITHOUT is_southpaw,0.4772727272727272,True
2,[7618-8117],8077,1,women,Women's Flyweight,A: top-240 WITHOUT is_southpaw,0.40350877192982454,False
2,[7618-8117],8078,1,men,Featherweight,A: top-240 WITHOUT is_southpaw,0.7222222222222222,True
2,[7618-8117],8079,1,men,Lightweight,A: top-240 WITHOUT is_southpaw,0.95,True
2,[7618-8117],8080,1,men,Welterweight,A: top-240 WITHOUT is_southpaw,0.6394849785407725,True
2,[7618-8117],8081,0,men,Flyweight,A: top-240 WITHOUT is_southpaw,0.5294117647058824,True
2,[7618-8117],8082,0,men,Middleweight,A: top-240 WITHOUT is_southpaw,0.4772727272727272,True
2,[7618-8117],8083,1,men,Bantamweight,A: top-240 WITHOUT is_southpaw,0.4074074074074074,True
2,[7618-8117],8084,0,men,Bantamweight,A: top-240 WITHOUT is_southpaw,0.4772727272727272,True
2,[7618-8117],8085,1,men,Welterweight,A: top-240 WITHOUT is_southpaw,0.5714285714285714,True
2,[7618-8117],8086,1,men,Heavyweight,A: top-240 WITHOUT is_southpaw,0.6394849785407725,True
2,[7618-8117],8087,0,women,Women's Flyweight,A: top-240 WITHOUT is_southpaw,0.6394849785407725,False
2,[7618-8117],8088,1,men,Flyweight,A: top-240 WITHOUT is_southpaw,0.5413636497049857,True
2,[7618-8117],8089,0,men,Bantamweight,A: top-240 WITHOUT is_southpaw,0.6394849785407725,True
2,[7618-8117],8090,0,men,Bantamweight,A: top-240 WITHOUT is_southpaw,0.4074074074074074,True
2,[7618-8117],8091,1,men,Flyweight,A: top-240 WITHOUT is_southpaw,0.6394849785407725,True
2,[7618-8117],8092,1,women,Women's Strawweight,A: top-240 WITHOUT is_southpaw,0.95,False
2,[7618-8117],8093,1,men,Featherweight,A: top-240 WITHOUT is_southpaw,0.4772727272727272,True
2,[7618-8117],8094,0,women,Women's Strawweight,A: top-240 WITHOUT is_southpaw,0.6394849785407725,False
2,[7618-8117],8095,1,men,Featherweight,A: top-240 WITHOUT is_southpaw,0.6394849785407725,True
2,[7618-8117],8096,0,men,Welterweight,A: top-240 WITHOUT is_southpaw,0.4074074074074074,True
2,[7618-8117],8097,0,men,Lightweight,A: top-240 WITHOUT is_southpaw,0.40350877192982454,True
2,[7618-8117],8098,1,women,Women's Bantamweight,A: top-240 WITHOUT is_southpaw,0.7222222222222222,False
2,[7618-8117],8099,1,men,Lightweight,A: top-240 WITHOUT is_southpaw,0.25,True
2,[7618-8117],8100,1,women,Women's Flyweight,A: top-240 WITHOUT is_southpaw,0.95,False
2,[7618-8117],8101,0,men,Middleweight,A: top-240 WITHOUT is_southpaw,0.6394849785407725,True
2,[7618-8117],8102,1,men,Middleweight,A: top-240 WITHOUT is_southpaw,0.6394849785407725,True
2,[7618-8117],8103,0,men,Featherweight,A: top-240 WITHOUT is_southpaw,0.4074074074074074,True
2,[7618-8117],8104,0,men,Middleweight,A: top-240 WITHOUT is_southpaw,0.6394849785407725,True
2,[7618-8117],8105,0,women,Women's Strawweight,A: top-240 WITHOUT is_southpaw,0.40350877192982454,False
2,[7618-8117],8106,0,men,Middleweight,A: top-240 WITHOUT is_southpaw,1e-06,True
2,[7618-8117],8107,0,men,Welterweight,A: top-240 WITHOUT is_southpaw,0.40350877192982454,True
2,[7618-8117],8108,1,men,Middleweight,A: top-240 WITHOUT is_southpaw,0.6394849785407725,True
2,[7618-8117],8109,1,men,Featherweight,A: top-240 WITHOUT is_southpaw,0.4074074074074074,True
2,[7618-8117],8110,1,men,Middleweight,A: top-240 WITHOUT is_southpaw,0.6394849785407725,True
2,[7618-8117],8111,1,men,Bantamweight,A: top-240 WITHOUT is_southpaw,0.5294117647058824,True
2,[7618-8117],8112,0,men,Flyweight,A: top-240 WITHOUT is_southpaw,0.5333017731959745,True
2,[7618-8117],8113,0,men,Lightweight,A: top-240 WITHOUT is_southpaw,0.5294117647058824,True
2,[7618-8117],8114,1,women,Women's Flyweight,A: top-240 WITHOUT is_southpaw,0.6394849785407725,False
2,[7618-8117],8115,1,men,Welterweight,A: top-240 WITHOUT is_southpaw,0.4772727272727272,True
2,[7618-8117],8116,0,men,Middleweight,A: top-240 WITHOUT is_southpaw,0.5294117647058824,True
2,[7618-8117],8117,1,men,Featherweight,A: top-240 WITHOUT is_southpaw,0.6394849785407725,True
2,[7618-8117],7618,0,men,Flyweight,B: A + is_southpaw (+1 cols),0.5,True
2,[7618-8117],7619,1,men,Featherweight,B: A + is_southpaw (+1 cols),0.4782608695652174,True
2,[7618-8117],7620,0,men,Middleweight,B: A + is_southpaw (+1 cols),0.4936708860759494,True
2,[7618-8117],7621,1,men,Lightweight,B: A + is_southpaw (+1 cols),0.632258064516129,True
2,[7618-8117],7622,0,men,Bantamweight,B: A + is_southpaw (+1 cols),0.43529411764705883,True
2,[7618-8117],7623,0,women,Women's Strawweight,B: A + is_southpaw (+1 cols),0.43529411764705883,False
2,[7618-8117],7624,1,men,Bantamweight,B: A + is_southpaw (+1 cols),0.632258064516129,True
2,[7618-8117],7625,0,women,Women's Bantamweight,B: A + is_southpaw (+1 cols),0.691358024691358,False
2,[7618-8117],7626,1,women,Women's Bantamweight,B: A + is_southpaw (+1 cols),0.632258064516129,False
2,[7618-8117],7627,1,men,Featherweight,B: A + is_southpaw (+1 cols),0.43529411764705883,True
2,[7618-8117],7628,1,men,Lightweight,B: A + is_southpaw (+1 cols),0.632258064516129,True
2,[7618-8117],7629,0,men,Middleweight,B: A + is_southpaw (+1 cols),0.4936708860759494,True
2,[7618-8117],7630,1,men,Bantamweight,B: A + is_southpaw (+1 cols),0.5,True
2,[7618-8117],7631,0,women,Women's Flyweight,B: A + is_southpaw (+1 cols),0.43529411764705883,False
2,[7618-8117],7632,0,men,Featherweight,B: A + is_southpaw (+1 cols),0.7865456658148638,True
2,[7618-8117],7633,1,men,Bantamweight,B: A + is_southpaw (+1 cols),0.43529411764705883,True
2,[7618-8117],7634,1,men,Middleweight,B: A + is_southpaw (+1 cols),0.632258064516129,True
2,[7618-8117],7635,1,women,Women's Strawweight,B: A + is_southpaw (+1 cols),0.9333333333333333,False
2,[7618-8117],7636,0,men,Featherweight,B: A + is_southpaw (+1 cols),0.691358024691358,True
2,[7618-8117],7637,1,men,Lightweight,B: A + is_southpaw (+1 cols),0.16666666666666666,True
2,[7618-8117],7638,0,men,Middleweight,B: A + is_southpaw (+1 cols),0.32432432432432434,True
2,[7618-8117],7639,0,men,Lightweight,B: A + is_southpaw (+1 cols),0.6071428571428571,True
2,[7618-8117],7640,1,men,Bantamweight,B: A + is_southpaw (+1 cols),0.9090909090909091,True
2,[7618-8117],7641,1,men,Middleweight,B: A + is_southpaw (+1 cols),0.632258064516129,True
2,[7618-8117],7642,0,men,Middleweight,B: A + is_southpaw (+1 cols),0.35,True
2,[7618-8117],7643,1,men,Lightweight,B: A + is_southpaw (+1 cols),0.6215234889951553,True
2,[7618-8117],7644,0,men,Flyweight,B: A + is_southpaw (+1 cols),0.16666666666666666,True
2,[7618-8117],7645,1,women,Women's Strawweight,B: A + is_southpaw (+1 cols),0.32432432432432434,False
2,[7618-8117],7646,0,men,Lightweight,B: A + is_southpaw (+1 cols),0.632258064516129,True
2,[7618-8117],7647,1,women,Women's Strawweight,B: A + is_southpaw (+1 cols),0.9738524719798738,False
2,[7618-8117],7648,1,men,Light Heavyweight,B: A + is_southpaw (+1 cols),0.9333333333333333,True
2,[7618-8117],7649,0,men,Welterweight,B: A + is_southpaw (+1 cols),0.9333333333333333,True
2,[7618-8117],7650,1,men,Middleweight,B: A + is_southpaw (+1 cols),0.9333333333333333,True
2,[7618-8117],7651,1,men,Heavyweight,B: A + is_southpaw (+1 cols),0.632258064516129,True
2,[7618-8117],7652,1,men,Heavyweight,B: A + is_southpaw (+1 cols),0.999999,True
2,[7618-8117],7653,1,men,Catch Weight,B: A + is_southpaw (+1 cols),0.691358024691358,True
2,[7618-8117],7654,1,men,Flyweight,B: A + is_southpaw (+1 cols),0.632258064516129,True
2,[7618-8117],7655,1,men,Catch Weight,B: A + is_southpaw (+1 cols),0.632258064516129,True
2,[7618-8117],7656,1,men,Lightweight,B: A + is_southpaw (+1 cols),0.632258064516129,True
2,[7618-8117],7657,1,men,Lightweight,B: A + is_southpaw (+1 cols),0.691358024691358,True
2,[7618-8117],7658,0,women,Women's Strawweight,B: A + is_southpaw (+1 cols),0.4782608695652174,False
2,[7618-8117],7659,0,men,Featherweight,B: A + is_southpaw (+1 cols),0.4936708860759494,True
2,[7618-8117],7660,1,men,Featherweight,B: A + is_southpaw (+1 cols),0.43529411764705883,True
2,[7618-8117],7661,0,men,Lightweight,B: A + is_southpaw (+1 cols),0.35,True
2,[7618-8117],7662,1,women,Women's Strawweight,B: A + is_southpaw (+1 cols),0.4782608695652174,False
2,[7618-8117],7663,0,men,Heavyweight,B: A + is_southpaw (+1 cols),0.632258064516129,True
2,[7618-8117],7664,0,men,Light Heavyweight,B: A + is_southpaw (+1 cols),0.632258064516129,True
2,[7618-8117],7665,1,men,Flyweight,B: A + is_southpaw (+1 cols),0.4936708860759494,True
2,[7618-8117],7666,0,women,Women's Bantamweight,B: A + is_southpaw (+1 cols),0.43529411764705883,False
2,[7618-8117],7667,1,men,Featherweight,B: A + is_southpaw (+1 cols),0.4444444444444444,True
2,[7618-8117],7668,1,men,Heavyweight,B: A + is_southpaw (+1 cols),0.632258064516129,True
2,[7618-8117],7669,1,men,Middleweight,B: A + is_southpaw (+1 cols),0.9333333333333333,True
2,[7618-8117],7670,0,men,Bantamweight,B: A + is_southpaw (+1 cols),0.4936708860759494,True
2,[7618-8117],7671,0,men,Featherweight,B: A + is_southpaw (+1 cols),0.632258064516129,True
2,[7618-8117],7672,1,men,Bantamweight,B: A + is_southpaw (+1 cols),0.691358024691358,True
2,[7618-8117],7673,0,women,Women's Strawweight,B: A + is_southpaw (+1 cols),0.4444444444444444,False
2,[7618-8117],7674,1,men,Lightweight,B: A + is_southpaw (+1 cols),0.5,True
2,[7618-8117],7675,1,men,Welterweight,B: A + is_southpaw (+1 cols),0.632258064516129,True
2,[7618-8117],7676,1,men,Middleweight,B: A + is_southpaw (+1 cols),0.9326837481223936,True
2,[7618-8117],7677,0,men,Welterweight,B: A + is_southpaw (+1 cols),0.691358024691358,True
2,[7618-8117],7678,0,men,Flyweight,B: A + is_southpaw (+1 cols),0.32432432432432434,True
2,[7618-8117],7679,1,men,Light Heavyweight,B: A + is_southpaw (+1 cols),0.5,True
2,[7618-8117],7680,0,men,Welterweight,B: A + is_southpaw (+1 cols),0.632258064516129,True
2,[7618-8117],7681,0,men,Middleweight,B: A + is_southpaw (+1 cols),0.632258064516129,True
2,[7618-8117],7682,1,women,Women's Flyweight,B: A + is_southpaw (+1 cols),0.632258064516129,False
2,[7618-8117],7683,1,women,Women's Bantamweight,B: A + is_southpaw (+1 cols),0.4444444444444444,False
2,[7618-8117],7684,1,men,Lightweight,B: A + is_southpaw (+1 cols),0.33363253826837674,True
2,[7618-8117],7685,0,men,Lightweight,B: A + is_southpaw (+1 cols),0.4782608695652174,True
2,[7618-8117],7686,1,men,Welterweight,B: A + is_southpaw (+1 cols),0.632258064516129,True
2,[7618-8117],7687,0,men,Middleweight,B: A + is_southpaw (+1 cols),0.632258064516129,True
2,[7618-8117],7688,0,men,Bantamweight,B: A + is_southpaw (+1 cols),0.5,True
2,[7618-8117],7689,1,men,Lightweight,B: A + is_southpaw (+1 cols),0.4936708860759494,True
2,[7618-8117],7690,0,men,Lightweight,B: A + is_southpaw (+1 cols),0.16666666666666666,True
2,[7618-8117],7691,1,men,Flyweight,B: A + is_southpaw (+1 cols),0.9333333333333333,True
2,[7618-8117],7692,1,women,Women's Bantamweight,B: A + is_southpaw (+1 cols),0.691358024691358,False
2,[7618-8117],7693,1,men,Lightweight,B: A + is_southpaw (+1 cols),0.43529411764705883,True
2,[7618-8117],7694,1,men,Flyweight,B: A + is_southpaw (+1 cols),0.999999,True
2,[7618-8117],7695,0,men,Welterweight,B: A + is_southpaw (+1 cols),0.43529411764705883,True
2,[7618-8117],7696,0,women,Women's Strawweight,B: A + is_southpaw (+1 cols),0.632258064516129,False
2,[7618-8117],7697,1,men,Bantamweight,B: A + is_southpaw (+1 cols),0.43529411764705883,True
2,[7618-8117],7698,1,men,Lightweight,B: A + is_southpaw (+1 cols),0.43529411764705883,True
2,[7618-8117],7699,0,men,Light Heavyweight,B: A + is_southpaw (+1 cols),0.4782608695652174,True
2,[7618-8117],7700,1,men,Bantamweight,B: A + is_southpaw (+1 cols),0.632258064516129,True
2,[7618-8117],7701,0,men,Middleweight,B: A + is_southpaw (+1 cols),0.632258064516129,True
2,[7618-8117],7702,0,men,Heavyweight,B: A + is_southpaw (+1 cols),0.632258064516129,True
2,[7618-8117],7703,1,men,Featherweight,B: A + is_southpaw (+1 cols),0.4936708860759494,True
2,[7618-8117],7704,1,men,Flyweight,B: A + is_southpaw (+1 cols),0.4782608695652174,True
2,[7618-8117],7705,0,women,Women's Flyweight,B: A + is_southpaw (+1 cols),0.691358024691358,False
2,[7618-8117],7706,1,men,Bantamweight,B: A + is_southpaw (+1 cols),0.9090909090909091,True
2,[7618-8117],7707,1,women,Women's Bantamweight,B: A + is_southpaw (+1 cols),0.4782608695652174,False
2,[7618-8117],7708,1,men,Light Heavyweight,B: A + is_southpaw (+1 cols),0.4782608695652174,True
2,[7618-8117],7709,0,men,Lightweight,B: A + is_southpaw (+1 cols),0.32432432432432434,True
2,[7618-8117],7710,1,men,Welterweight,B: A + is_southpaw (+1 cols),0.9333333333333333,True
2,[7618-8117],7711,1,men,Flyweight,B: A + is_southpaw (+1 cols),0.632258064516129,True
2,[7618-8117],7712,1,men,Welterweight,B: A + is_southpaw (+1 cols),0.43529411764705883,True
2,[7618-8117],7713,1,men,Featherweight,B: A + is_southpaw (+1 cols),0.32432432432432434,True
2,[7618-8117],7714,1,men,Bantamweight,B: A + is_southpaw (+1 cols),0.632258064516129,True
2,[7618-8117],7715,1,men,Flyweight,B: A + is_southpaw (+1 cols),0.691358024691358,True
2,[7618-8117],7716,1,men,Lightweight,B: A + is_southpaw (+1 cols),0.35,True
2,[7618-8117],7717,0,men,Featherweight,B: A + is_southpaw (+1 cols),0.32432432432432434,True
2,[7618-8117],7718,0,men,Welterweight,B: A + is_southpaw (+1 cols),0.4936708860759494,True
2,[7618-8117],7719,1,men,Bantamweight,B: A + is_southpaw (+1 cols),0.632258064516129,True
2,[7618-8117],7720,0,men,Middleweight,B: A + is_southpaw (+1 cols),0.43529411764705883,True
2,[7618-8117],7721,0,men,Heavyweight,B: A + is_southpaw (+1 cols),1e-06,True
2,[7618-8117],7722,0,men,Bantamweight,B: A + is_southpaw (+1 cols),0.632258064516129,True
2,[7618-8117],7723,1,men,Lightweight,B: A + is_southpaw (+1 cols),0.632258064516129,True
2,[7618-8117],7724,1,men,Light Heavyweight,B: A + is_southpaw (+1 cols),0.691358024691358,True
2,[7618-8117],7725,0,men,Flyweight,B: A + is_southpaw (+1 cols),0.632258064516129,True
2,[7618-8117],7726,1,women,Women's Bantamweight,B: A + is_southpaw (+1 cols),0.7547538308595715,False
2,[7618-8117],7727,0,men,Welterweight,B: A + is_southpaw (+1 cols),0.632258064516129,True
2,[7618-8117],7728,1,women,Women's Strawweight,B: A + is_southpaw (+1 cols),0.9333333333333333,False
2,[7618-8117],7729,0,men,Bantamweight,B: A + is_southpaw (+1 cols),0.5,True
2,[7618-8117],7730,0,men,Featherweight,B: A + is_southpaw (+1 cols),0.4936708860759494,True
2,[7618-8117],7731,0,men,Featherweight,B: A + is_southpaw (+1 cols),0.43529411764705883,True
2,[7618-8117],7732,1,men,Middleweight,B: A + is_southpaw (+1 cols),0.6180839325281237,True
2,[7618-8117],7733,1,men,Welterweight,B: A + is_southpaw (+1 cols),0.32432432432432434,True
2,[7618-8117],7734,1,women,Women's Bantamweight,B: A + is_southpaw (+1 cols),0.632258064516129,False
2,[7618-8117],7735,0,men,Middleweight,B: A + is_southpaw (+1 cols),0.43529411764705883,True
2,[7618-8117],7736,0,men,Bantamweight,B: A + is_southpaw (+1 cols),0.43529411764705883,True
2,[7618-8117],7737,1,women,Women's Flyweight,B: A + is_southpaw (+1 cols),0.632258064516129,False
2,[7618-8117],7738,0,men,Featherweight,B: A + is_southpaw (+1 cols),0.43529411764705883,True
2,[7618-8117],7739,1,men,Flyweight,B: A + is_southpaw (+1 cols),0.6071428571428571,True
2,[7618-8117],7740,1,men,Lightweight,B: A + is_southpaw (+1 cols),0.43529411764705883,True
2,[7618-8117],7741,0,men,Heavyweight,B: A + is_southpaw (+1 cols),0.632258064516129,True
2,[7618-8117],7742,0,men,Lightweight,B: A + is_southpaw (+1 cols),0.43529411764705883,True
2,[7618-8117],7743,1,men,Featherweight,B: A + is_southpaw (+1 cols),0.632258064516129,True
2,[7618-8117],7744,1,men,Lightweight,B: A + is_southpaw (+1 cols),0.632258064516129,True
2,[7618-8117],7745,0,men,Flyweight,B: A + is_southpaw (+1 cols),0.632258064516129,True
2,[7618-8117],7746,1,women,Women's Strawweight,B: A + is_southpaw (+1 cols),0.4936708860759494,False
2,[7618-8117],7747,0,men,Welterweight,B: A + is_southpaw (+1 cols),0.691358024691358,True
2,[7618-8117],7748,0,women,Women's Flyweight,B: A + is_southpaw (+1 cols),0.32432432432432434,False
2,[7618-8117],7749,1,men,Welterweight,B: A + is_southpaw (+1 cols),0.691358024691358,True
2,[7618-8117],7750,0,men,Middleweight,B: A + is_southpaw (+1 cols),0.43529411764705883,True
2,[7618-8117],7751,1,men,Welterweight,B: A + is_southpaw (+1 cols),0.4936708860759494,True
2,[7618-8117],7752,1,women,Women's Strawweight,B: A + is_southpaw (+1 cols),0.632258064516129,False
2,[7618-8117],7753,0,men,Featherweight,B: A + is_southpaw (+1 cols),0.4936708860759494,True
2,[7618-8117],7754,0,men,Light Heavyweight,B: A + is_southpaw (+1 cols),0.632258064516129,True
2,[7618-8117],7755,1,men,Welterweight,B: A + is_southpaw (+1 cols),0.43529411764705883,True
2,[7618-8117],7756,0,men,Light Heavyweight,B: A + is_southpaw (+1 cols),0.632258064516129,True
2,[7618-8117],7757,1,men,Lightweight,B: A + is_southpaw (+1 cols),0.6071428571428571,True
2,[7618-8117],7758,0,men,Welterweight,B: A + is_southpaw (+1 cols),0.632258064516129,True
2,[7618-8117],7759,1,men,Middleweight,B: A + is_southpaw (+1 cols),0.4782608695652174,True
2,[7618-8117],7760,1,men,Lightweight,B: A + is_southpaw (+1 cols),0.43529411764705883,True
2,[7618-8117],7761,0,men,Middleweight,B: A + is_southpaw (+1 cols),0.32432432432432434,True
2,[7618-8117],7762,0,men,Middleweight,B: A + is_southpaw (+1 cols),0.4936708860759494,True
2,[7618-8117],7763,1,men,Featherweight,B: A + is_southpaw (+1 cols),0.691358024691358,True
2,[7618-8117],7764,1,men,Middleweight,B: A + is_southpaw (+1 cols),0.43529411764705883,True
2,[7618-8117],7765,1,men,Welterweight,B: A + is_southpaw (+1 cols),0.691358024691358,True
2,[7618-8117],7766,0,men,Welterweight,B: A + is_southpaw (+1 cols),0.43529411764705883,True
2,[7618-8117],7767,1,men,Light Heavyweight,B: A + is_southpaw (+1 cols),0.4936708860759494,True
2,[7618-8117],7768,1,men,Bantamweight,B: A + is_southpaw (+1 cols),0.9333333333333333,True
2,[7618-8117],7769,1,men,Heavyweight,B: A + is_southpaw (+1 cols),0.4936708860759494,True
2,[7618-8117],7770,0,women,Women's Flyweight,B: A + is_southpaw (+1 cols),0.39623833790928686,False
2,[7618-8117],7771,1,men,Middleweight,B: A + is_southpaw (+1 cols),0.4936708860759494,True
2,[7618-8117],7772,1,men,Bantamweight,B: A + is_southpaw (+1 cols),0.9333333333333333,True
2,[7618-8117],7773,0,men,Welterweight,B: A + is_southpaw (+1 cols),0.32432432432432434,True
2,[7618-8117],7774,1,men,Middleweight,B: A + is_southpaw (+1 cols),0.5,True
2,[7618-8117],7775,0,men,Featherweight,B: A + is_southpaw (+1 cols),0.43529411764705883,True
2,[7618-8117],7776,1,women,Women's Strawweight,B: A + is_southpaw (+1 cols),0.43529411764705883,False
2,[7618-8117],7777,0,men,Featherweight,B: A + is_southpaw (+1 cols),0.43529411764705883,True
2,[7618-8117],7778,0,men,Flyweight,B: A + is_southpaw (+1 cols),0.4936708860759494,True
2,[7618-8117],7779,1,men,Flyweight,B: A + is_southpaw (+1 cols),0.632258064516129,True
2,[7618-8117],7780,0,men,Lightweight,B: A + is_southpaw (+1 cols),0.632258064516129,True
2,[7618-8117],7781,1,men,Flyweight,B: A + is_southpaw (+1 cols),0.632258064516129,True
2,[7618-8117],7782,1,men,Flyweight,B: A + is_southpaw (+1 cols),0.632258064516129,True
2,[7618-8117],7783,0,men,Bantamweight,B: A + is_southpaw (+1 cols),0.6071428571428571,True
2,[7618-8117],7784,1,women,Women's Strawweight,B: A + is_southpaw (+1 cols),0.632258064516129,False
2,[7618-8117],7785,1,men,Lightweight,B: A + is_southpaw (+1 cols),0.43529411764705883,True
2,[7618-8117],7786,0,men,Featherweight,B: A + is_southpaw (+1 cols),0.4936708860759494,True
2,[7618-8117],7787,0,men,Flyweight,B: A + is_southpaw (+1 cols),0.691358024691358,True
2,[7618-8117],7788,1,men,Lightweight,B: A + is_southpaw (+1 cols),0.691358024691358,True
2,[7618-8117],7789,1,men,Bantamweight,B: A + is_southpaw (+1 cols),0.16666666666666666,True
2,[7618-8117],7790,0,men,Lightweight,B: A + is_southpaw (+1 cols),0.691358024691358,True
2,[7618-8117],7791,1,men,Lightweight,B: A + is_southpaw (+1 cols),0.9333333333333333,True
2,[7618-8117],7792,1,men,Middleweight,B: A + is_southpaw (+1 cols),0.632258064516129,True
2,[7618-8117],7793,1,men,Middleweight,B: A + is_southpaw (+1 cols),0.691358024691358,True
2,[7618-8117],7794,1,men,Bantamweight,B: A + is_southpaw (+1 cols),0.632258064516129,True
2,[7618-8117],7795,1,men,Bantamweight,B: A + is_southpaw (+1 cols),0.999999,True
2,[7618-8117],7796,0,men,Flyweight,B: A + is_southpaw (+1 cols),0.4782608695652174,True
2,[7618-8117],7797,1,men,Light Heavyweight,B: A + is_southpaw (+1 cols),0.691358024691358,True
2,[7618-8117],7798,1,men,Heavyweight,B: A + is_southpaw (+1 cols),0.43529411764705883,True
2,[7618-8117],7799,0,men,Flyweight,B: A + is_southpaw (+1 cols),0.32432432432432434,True
2,[7618-8117],7800,1,women,Women's Flyweight,B: A + is_southpaw (+1 cols),0.4444444444444444,False
2,[7618-8117],7801,0,men,Flyweight,B: A + is_southpaw (+1 cols),0.32432432432432434,True
2,[7618-8117],7802,1,men,Middleweight,B: A + is_southpaw (+1 cols),0.6071428571428571,True
2,[7618-8117],7803,0,men,Light Heavyweight,B: A + is_southpaw (+1 cols),0.691358024691358,True
2,[7618-8117],7804,0,men,Bantamweight,B: A + is_southpaw (+1 cols),0.32432432432432434,True
2,[7618-8117],7805,1,men,Lightweight,B: A + is_southpaw (+1 cols),0.9333333333333333,True
2,[7618-8117],7806,1,men,Heavyweight,B: A + is_southpaw (+1 cols),0.691358024691358,True
2,[7618-8117],7807,1,men,Heavyweight,B: A + is_southpaw (+1 cols),0.43529411764705883,True
2,[7618-8117],7808,1,men,Bantamweight,B: A + is_southpaw (+1 cols),0.43529411764705883,True
2,[7618-8117],7809,0,men,Welterweight,B: A + is_southpaw (+1 cols),0.32432432432432434,True
2,[7618-8117],7810,0,men,Welterweight,B: A + is_southpaw (+1 cols),0.632258064516129,True
2,[7618-8117],7811,1,men,Lightweight,B: A + is_southpaw (+1 cols),0.16666666666666666,True
2,[7618-8117],7812,1,men,Bantamweight,B: A + is_southpaw (+1 cols),0.691358024691358,True
2,[7618-8117],7813,0,women,Women's Flyweight,B: A + is_southpaw (+1 cols),0.35,False
2,[7618-8117],7814,0,men,Bantamweight,B: A + is_southpaw (+1 cols),0.9333333333333333,True
2,[7618-8117],7815,1,men,Lightweight,B: A + is_southpaw (+1 cols),0.632258064516129,True
2,[7618-8117],7816,1,women,Women's Strawweight,B: A + is_southpaw (+1 cols),0.632258064516129,False
2,[7618-8117],7817,0,men,Featherweight,B: A + is_southpaw (+1 cols),0.43529411764705883,True
2,[7618-8117],7818,1,men,Flyweight,B: A + is_southpaw (+1 cols),0.5,True
2,[7618-8117],7819,0,women,Women's Bantamweight,B: A + is_southpaw (+1 cols),0.632258064516129,False
2,[7618-8117],7820,0,women,Women's Bantamweight,B: A + is_southpaw (+1 cols),0.4936708860759494,False
2,[7618-8117],7821,1,men,Middleweight,B: A + is_southpaw (+1 cols),0.632258064516129,True
2,[7618-8117],7822,1,men,Featherweight,B: A + is_southpaw (+1 cols),0.43529411764705883,True
2,[7618-8117],7823,1,men,Light Heavyweight,B: A + is_southpaw (+1 cols),0.16666666666666666,True
2,[7618-8117],7824,0,men,Heavyweight,B: A + is_southpaw (+1 cols),0.43529411764705883,True
2,[7618-8117],7825,0,men,Lightweight,B: A + is_southpaw (+1 cols),0.6071428571428571,True
2,[7618-8117],7826,1,men,Featherweight,B: A + is_southpaw (+1 cols),0.4444444444444444,True
2,[7618-8117],7827,0,men,Heavyweight,B: A + is_southpaw (+1 cols),0.4782608695652174,True
2,[7618-8117],7828,1,men,Bantamweight,B: A + is_southpaw (+1 cols),0.9333333333333333,True
2,[7618-8117],7829,0,men,Flyweight,B: A + is_southpaw (+1 cols),0.4936708860759494,True
2,[7618-8117],7830,0,women,Women's Bantamweight,B: A + is_southpaw (+1 cols),0.6071428571428571,False
2,[7618-8117],7831,0,men,Featherweight,B: A + is_southpaw (+1 cols),0.691358024691358,True
2,[7618-8117],7832,1,men,Middleweight,B: A + is_southpaw (+1 cols),0.691358024691358,True
2,[7618-8117],7833,1,men,Featherweight,B: A + is_southpaw (+1 cols),0.632258064516129,True
2,[7618-8117],7834,0,men,Featherweight,B: A + is_southpaw (+1 cols),0.3295023040078,True
2,[7618-8117],7835,1,men,Bantamweight,B: A + is_southpaw (+1 cols),0.4444444444444444,True
2,[7618-8117],7836,1,men,Heavyweight,B: A + is_southpaw (+1 cols),0.9090909090909091,True
2,[7618-8117],7837,0,women,Women's Flyweight,B: A + is_southpaw (+1 cols),0.43529411764705883,False
2,[7618-8117],7838,0,men,Lightweight,B: A + is_southpaw (+1 cols),0.43529411764705883,True
2,[7618-8117],7839,0,men,Middleweight,B: A + is_southpaw (+1 cols),0.35,True
2,[7618-8117],7840,1,men,Light Heavyweight,B: A + is_southpaw (+1 cols),0.9333333333333333,True
2,[7618-8117],7841,1,men,Featherweight,B: A + is_southpaw (+1 cols),0.4782608695652174,True
2,[7618-8117],7842,1,men,Featherweight,B: A + is_southpaw (+1 cols),0.632258064516129,True
2,[7618-8117],7843,1,women,Women's Strawweight,B: A + is_southpaw (+1 cols),0.35,False
2,[7618-8117],7844,1,men,Featherweight,B: A + is_southpaw (+1 cols),0.43529411764705883,True
2,[7618-8117],7845,0,men,Bantamweight,B: A + is_southpaw (+1 cols),0.3375530496329086,True
2,[7618-8117],7846,0,men,Featherweight,B: A + is_southpaw (+1 cols),0.632258064516129,True
2,[7618-8117],7847,1,men,Middleweight,B: A + is_southpaw (+1 cols),0.691358024691358,True
2,[7618-8117],7848,1,men,Middleweight,B: A + is_southpaw (+1 cols),0.632258064516129,True
2,[7618-8117],7849,0,men,Welterweight,B: A + is_southpaw (+1 cols),0.632258064516129,True
2,[7618-8117],7850,0,women,Women's Flyweight,B: A + is_southpaw (+1 cols),0.632258064516129,False
2,[7618-8117],7851,1,men,Welterweight,B: A + is_southpaw (+1 cols),0.5,True
2,[7618-8117],7852,0,women,Women's Bantamweight,B: A + is_southpaw (+1 cols),0.5,False
2,[7618-8117],7853,0,men,Middleweight,B: A + is_southpaw (+1 cols),0.691358024691358,True
2,[7618-8117],7854,0,men,Bantamweight,B: A + is_southpaw (+1 cols),0.4936708860759494,True
2,[7618-8117],7855,0,men,Bantamweight,B: A + is_southpaw (+1 cols),0.632258064516129,True
2,[7618-8117],7856,1,women,Women's Bantamweight,B: A + is_southpaw (+1 cols),0.691358024691358,False
2,[7618-8117],7857,0,men,Heavyweight,B: A + is_southpaw (+1 cols),0.691358024691358,True
2,[7618-8117],7858,0,men,Welterweight,B: A + is_southpaw (+1 cols),0.4936708860759494,True
2,[7618-8117],7859,1,men,Lightweight,B: A + is_southpaw (+1 cols),0.691358024691358,True
2,[7618-8117],7860,0,men,Featherweight,B: A + is_southpaw (+1 cols),0.691358024691358,True
2,[7618-8117],7861,0,men,Featherweight,B: A + is_southpaw (+1 cols),0.632258064516129,True
2,[7618-8117],7862,1,men,Middleweight,B: A + is_southpaw (+1 cols),0.691358024691358,True
2,[7618-8117],7863,0,men,Lightweight,B: A + is_southpaw (+1 cols),0.4782608695652174,True
2,[7618-8117],7864,0,men,Featherweight,B: A + is_southpaw (+1 cols),0.632258064516129,True
2,[7618-8117],7865,1,men,Bantamweight,B: A + is_southpaw (+1 cols),0.4936708860759494,True
2,[7618-8117],7866,1,men,Lightweight,B: A + is_southpaw (+1 cols),0.9090909090909091,True
2,[7618-8117],7867,1,women,Women's Strawweight,B: A + is_southpaw (+1 cols),0.4444444444444444,False
2,[7618-8117],7868,0,men,Lightweight,B: A + is_southpaw (+1 cols),0.632258064516129,True
2,[7618-8117],7869,0,women,Women's Bantamweight,B: A + is_southpaw (+1 cols),0.691358024691358,False
2,[7618-8117],7870,1,men,Light Heavyweight,B: A + is_southpaw (+1 cols),0.32432432432432434,True
2,[7618-8117],7871,1,men,Light Heavyweight,B: A + is_southpaw (+1 cols),0.43529411764705883,True
2,[7618-8117],7872,1,men,Middleweight,B: A + is_southpaw (+1 cols),0.999999,True
2,[7618-8117],7873,0,men,Lightweight,B: A + is_southpaw (+1 cols),1e-06,True
2,[7618-8117],7874,0,men,Lightweight,B: A + is_southpaw (+1 cols),0.32432432432432434,True
2,[7618-8117],7875,1,women,Women's Strawweight,B: A + is_southpaw (+1 cols),0.9090909090909091,False
2,[7618-8117],7876,0,men,Featherweight,B: A + is_southpaw (+1 cols),0.43529411764705883,True
2,[7618-8117],7877,0,men,Lightweight,B: A + is_southpaw (+1 cols),0.4444444444444444,True
2,[7618-8117],7878,1,women,Women's Flyweight,B: A + is_southpaw (+1 cols),0.691358024691358,False
2,[7618-8117],7879,0,men,Lightweight,B: A + is_southpaw (+1 cols),0.632258064516129,True
2,[7618-8117],7880,0,women,Women's Strawweight,B: A + is_southpaw (+1 cols),0.43529411764705883,False
2,[7618-8117],7881,1,men,Heavyweight,B: A + is_southpaw (+1 cols),0.4782608695652174,True
2,[7618-8117],7882,1,men,Lightweight,B: A + is_southpaw (+1 cols),0.632258064516129,True
2,[7618-8117],7883,0,men,Bantamweight,B: A + is_southpaw (+1 cols),0.43529411764705883,True
2,[7618-8117],7884,0,men,Featherweight,B: A + is_southpaw (+1 cols),0.691358024691358,True
2,[7618-8117],7885,0,men,Heavyweight,B: A + is_southpaw (+1 cols),0.632258064516129,True
2,[7618-8117],7886,0,women,Women's Flyweight,B: A + is_southpaw (+1 cols),0.632258064516129,False
2,[7618-8117],7887,0,men,Light Heavyweight,B: A + is_southpaw (+1 cols),0.9090909090909091,True
2,[7618-8117],7888,0,men,Flyweight,B: A + is_southpaw (+1 cols),0.632258064516129,True
2,[7618-8117],7889,0,men,Welterweight,B: A + is_southpaw (+1 cols),0.339864456847547,True
2,[7618-8117],7890,0,men,Lightweight,B: A + is_southpaw (+1 cols),0.4782608695652174,True
2,[7618-8117],7891,1,men,Lightweight,B: A + is_southpaw (+1 cols),0.691358024691358,True
2,[7618-8117],7892,1,women,Women's Flyweight,B: A + is_southpaw (+1 cols),0.632258064516129,False
2,[7618-8117],7893,1,men,Lightweight,B: A + is_southpaw (+1 cols),0.43529411764705883,True
2,[7618-8117],7894,0,men,Lightweight,B: A + is_southpaw (+1 cols),0.4936708860759494,True
2,[7618-8117],7895,0,women,Women's Strawweight,B: A + is_southpaw (+1 cols),0.32432432432432434,False
2,[7618-8117],7896,1,men,Flyweight,B: A + is_southpaw (+1 cols),0.632258064516129,True
2,[7618-8117],7897,0,men,Middleweight,B: A + is_southpaw (+1 cols),0.32432432432432434,True
2,[7618-8117],7898,1,men,Middleweight,B: A + is_southpaw (+1 cols),0.691358024691358,True
2,[7618-8117],7899,1,men,Light Heavyweight,B: A + is_southpaw (+1 cols),0.16666666666666666,True
2,[7618-8117],7900,1,men,Bantamweight,B: A + is_southpaw (+1 cols),0.32432432432432434,True
2,[7618-8117],7901,1,men,Flyweight,B: A + is_southpaw (+1 cols),0.43529411764705883,True
2,[7618-8117],7902,0,men,Featherweight,B: A + is_southpaw (+1 cols),0.632258064516129,True
2,[7618-8117],7903,0,women,Women's Flyweight,B: A + is_southpaw (+1 cols),0.632258064516129,False
2,[7618-8117],7904,1,men,Flyweight,B: A + is_southpaw (+1 cols),0.4936708860759494,True
2,[7618-8117],7905,0,men,Welterweight,B: A + is_southpaw (+1 cols),0.691358024691358,True
2,[7618-8117],7906,1,women,Women's Strawweight,B: A + is_southpaw (+1 cols),0.632258064516129,False
2,[7618-8117],7907,1,men,Lightweight,B: A + is_southpaw (+1 cols),0.632258064516129,True
2,[7618-8117],7908,0,men,Lightweight,B: A + is_southpaw (+1 cols),0.632258064516129,True
2,[7618-8117],7909,0,men,Featherweight,B: A + is_southpaw (+1 cols),0.32432432432432434,True
2,[7618-8117],7910,1,men,Lightweight,B: A + is_southpaw (+1 cols),1e-06,True
2,[7618-8117],7911,0,men,Light Heavyweight,B: A + is_southpaw (+1 cols),0.32432432432432434,True
2,[7618-8117],7912,1,men,Welterweight,B: A + is_southpaw (+1 cols),0.43529411764705883,True
2,[7618-8117],7913,1,men,Heavyweight,B: A + is_southpaw (+1 cols),0.43529411764705883,True
2,[7618-8117],7914,1,men,Heavyweight,B: A + is_southpaw (+1 cols),0.632258064516129,True
2,[7618-8117],7915,1,women,Women's Strawweight,B: A + is_southpaw (+1 cols),0.32432432432432434,False
2,[7618-8117],7916,1,men,Welterweight,B: A + is_southpaw (+1 cols),0.691358024691358,True
2,[7618-8117],7917,1,men,Featherweight,B: A + is_southpaw (+1 cols),0.691358024691358,True
2,[7618-8117],7918,1,men,Featherweight,B: A + is_southpaw (+1 cols),0.632258064516129,True
2,[7618-8117],7919,1,women,Women's Flyweight,B: A + is_southpaw (+1 cols),0.4936708860759494,False
2,[7618-8117],7920,0,women,Women's Strawweight,B: A + is_southpaw (+1 cols),0.43529411764705883,False
2,[7618-8117],7921,1,men,Featherweight,B: A + is_southpaw (+1 cols),0.4936708860759494,True
2,[7618-8117],7922,1,women,Women's Strawweight,B: A + is_southpaw (+1 cols),0.632258064516129,False
2,[7618-8117],7923,1,men,Featherweight,B: A + is_southpaw (+1 cols),0.5,True
2,[7618-8117],7924,1,men,Bantamweight,B: A + is_southpaw (+1 cols),0.43529411764705883,True
2,[7618-8117],7925,1,women,Women's Strawweight,B: A + is_southpaw (+1 cols),0.632258064516129,False
2,[7618-8117],7926,1,men,Middleweight,B: A + is_southpaw (+1 cols),0.4936708860759494,True
2,[7618-8117],7927,0,women,Women's Bantamweight,B: A + is_southpaw (+1 cols),0.4936708860759494,False
2,[7618-8117],7928,1,men,Light Heavyweight,B: A + is_southpaw (+1 cols),0.632258064516129,True
2,[7618-8117],7929,0,men,Lightweight,B: A + is_southpaw (+1 cols),0.4444444444444444,True
2,[7618-8117],7930,0,women,Women's Strawweight,B: A + is_southpaw (+1 cols),0.691358024691358,False
2,[7618-8117],7931,1,men,Bantamweight,B: A + is_southpaw (+1 cols),0.4943192107367037,True
2,[7618-8117],7932,1,men,Welterweight,B: A + is_southpaw (+1 cols),0.6071428571428571,True
2,[7618-8117],7933,1,men,Welterweight,B: A + is_southpaw (+1 cols),0.632258064516129,True
2,[7618-8117],7934,0,men,Featherweight,B: A + is_southpaw (+1 cols),0.16666666666666666,True
2,[7618-8117],7935,0,women,Women's Strawweight,B: A + is_southpaw (+1 cols),0.691358024691358,False
2,[7618-8117],7936,1,men,Lightweight,B: A + is_southpaw (+1 cols),0.4936708860759494,True
2,[7618-8117],7937,0,men,Flyweight,B: A + is_southpaw (+1 cols),0.9333333333333333,True
2,[7618-8117],7938,1,men,Bantamweight,B: A + is_southpaw (+1 cols),0.632258064516129,True
2,[7618-8117],7939,0,men,Flyweight,B: A + is_southpaw (+1 cols),0.632258064516129,True
2,[7618-8117],7940,0,men,Bantamweight,B: A + is_southpaw (+1 cols),0.46509993966000607,True
2,[7618-8117],7941,1,women,Women's Flyweight,B: A + is_southpaw (+1 cols),0.632258064516129,False
2,[7618-8117],7942,1,men,Flyweight,B: A + is_southpaw (+1 cols),0.632258064516129,True
2,[7618-8117],7943,1,men,Bantamweight,B: A + is_southpaw (+1 cols),0.6071428571428571,True
2,[7618-8117],7944,1,men,Bantamweight,B: A + is_southpaw (+1 cols),0.632258064516129,True
2,[7618-8117],7945,1,men,Lightweight,B: A + is_southpaw (+1 cols),0.632258064516129,True
2,[7618-8117],7946,1,women,Women's Bantamweight,B: A + is_southpaw (+1 cols),0.691358024691358,False
2,[7618-8117],7947,0,men,Welterweight,B: A + is_southpaw (+1 cols),0.43529411764705883,True
2,[7618-8117],7948,0,men,Welterweight,B: A + is_southpaw (+1 cols),0.43529411764705883,True
2,[7618-8117],7949,0,men,Flyweight,B: A + is_southpaw (+1 cols),0.5,True
2,[7618-8117],7950,1,men,Heavyweight,B: A + is_southpaw (+1 cols),0.9333333333333333,True
2,[7618-8117],7951,1,men,Welterweight,B: A + is_southpaw (+1 cols),0.43529411764705883,True
2,[7618-8117],7952,1,men,Welterweight,B: A + is_southpaw (+1 cols),0.632258064516129,True
2,[7618-8117],7953,1,men,Middleweight,B: A + is_southpaw (+1 cols),0.4936708860759494,True
2,[7618-8117],7954,1,men,Middleweight,B: A + is_southpaw (+1 cols),0.632258064516129,True
2,[7618-8117],7955,1,men,Lightweight,B: A + is_southpaw (+1 cols),0.999999,True
2,[7618-8117],7956,0,men,Middleweight,B: A + is_southpaw (+1 cols),0.43529411764705883,True
2,[7618-8117],7957,0,men,Bantamweight,B: A + is_southpaw (+1 cols),0.32432432432432434,True
2,[7618-8117],7958,0,women,Women's Strawweight,B: A + is_southpaw (+1 cols),0.9090909090909091,False
2,[7618-8117],7959,0,men,Bantamweight,B: A + is_southpaw (+1 cols),0.6071428571428571,True
2,[7618-8117],7960,0,women,Women's Flyweight,B: A + is_southpaw (+1 cols),0.43529411764705883,False
2,[7618-8117],7961,1,men,Bantamweight,B: A + is_southpaw (+1 cols),0.4936708860759494,True
2,[7618-8117],7962,0,men,Welterweight,B: A + is_southpaw (+1 cols),0.4936708860759494,True
2,[7618-8117],7963,0,men,Middleweight,B: A + is_southpaw (+1 cols),0.632258064516129,True
2,[7618-8117],7964,0,men,Welterweight,B: A + is_southpaw (+1 cols),0.691358024691358,True
2,[7618-8117],7965,1,men,Middleweight,B: A + is_southpaw (+1 cols),0.851275113646023,True
2,[7618-8117],7966,1,men,Bantamweight,B: A + is_southpaw (+1 cols),0.691358024691358,True
2,[7618-8117],7967,1,men,Light Heavyweight,B: A + is_southpaw (+1 cols),0.4936708860759494,True
2,[7618-8117],7968,0,men,Middleweight,B: A + is_southpaw (+1 cols),0.32432432432432434,True
2,[7618-8117],7969,0,women,Women's Strawweight,B: A + is_southpaw (+1 cols),0.5,False
2,[7618-8117],7970,0,men,Lightweight,B: A + is_southpaw (+1 cols),0.43529411764705883,True
2,[7618-8117],7971,1,women,Women's Strawweight,B: A + is_southpaw (+1 cols),0.691358024691358,False
2,[7618-8117],7972,0,men,Flyweight,B: A + is_southpaw (+1 cols),0.35,True
2,[7618-8117],7973,1,men,Featherweight,B: A + is_southpaw (+1 cols),0.632258064516129,True
2,[7618-8117],7974,0,men,Featherweight,B: A + is_southpaw (+1 cols),0.9333333333333333,True
2,[7618-8117],7975,0,men,Welterweight,B: A + is_southpaw (+1 cols),0.43529411764705883,True
2,[7618-8117],7976,0,women,Women's Flyweight,B: A + is_southpaw (+1 cols),0.632258064516129,False
2,[7618-8117],7977,1,men,Bantamweight,B: A + is_southpaw (+1 cols),0.4936708860759494,True
2,[7618-8117],7978,0,men,Featherweight,B: A + is_southpaw (+1 cols),0.691358024691358,True
2,[7618-8117],7979,0,men,Bantamweight,B: A + is_southpaw (+1 cols),0.16666666666666666,True
2,[7618-8117],7980,0,men,Flyweight,B: A + is_southpaw (+1 cols),0.16666666666666666,True
2,[7618-8117],7981,1,men,Flyweight,B: A + is_southpaw (+1 cols),0.9090909090909091,True
2,[7618-8117],7982,0,men,Bantamweight,B: A + is_southpaw (+1 cols),0.4936708860759494,True
2,[7618-8117],7983,1,men,Light Heavyweight,B: A + is_southpaw (+1 cols),0.632258064516129,True
2,[7618-8117],7984,0,men,Bantamweight,B: A + is_southpaw (+1 cols),0.6071428571428571,True
2,[7618-8117],7985,1,men,Welterweight,B: A + is_southpaw (+1 cols),0.9090909090909091,True
2,[7618-8117],7986,0,men,Featherweight,B: A + is_southpaw (+1 cols),0.9295340343071591,True
2,[7618-8117],7987,1,men,Lightweight,B: A + is_southpaw (+1 cols),0.632258064516129,True
2,[7618-8117],7988,0,men,Light Heavyweight,B: A + is_southpaw (+1 cols),0.5,True
2,[7618-8117],7989,1,men,Middleweight,B: A + is_southpaw (+1 cols),0.632258064516129,True
2,[7618-8117],7990,1,men,Middleweight,B: A + is_southpaw (+1 cols),0.632258064516129,True
2,[7618-8117],7991,0,men,Heavyweight,B: A + is_southpaw (+1 cols),0.632258064516129,True
2,[7618-8117],7992,1,men,Middleweight,B: A + is_southpaw (+1 cols),0.43529411764705883,True
2,[7618-8117],7993,0,men,Bantamweight,B: A + is_southpaw (+1 cols),0.632258064516129,True
2,[7618-8117],7994,1,men,Flyweight,B: A + is_southpaw (+1 cols),0.9434916297743887,True
2,[7618-8117],7995,0,men,Heavyweight,B: A + is_southpaw (+1 cols),0.35,True
2,[7618-8117],7996,0,women,Women's Strawweight,B: A + is_southpaw (+1 cols),0.32432432432432434,False
2,[7618-8117],7997,1,men,Bantamweight,B: A + is_southpaw (+1 cols),0.691358024691358,True
2,[7618-8117],7998,0,men,Featherweight,B: A + is_southpaw (+1 cols),0.43529411764705883,True
2,[7618-8117],7999,1,men,Light Heavyweight,B: A + is_southpaw (+1 cols),0.4782608695652174,True
2,[7618-8117],8000,1,men,Middleweight,B: A + is_southpaw (+1 cols),0.691358024691358,True
2,[7618-8117],8001,1,men,Welterweight,B: A + is_southpaw (+1 cols),0.9333333333333333,True
2,[7618-8117],8002,0,women,Women's Bantamweight,B: A + is_southpaw (+1 cols),0.43529411764705883,False
2,[7618-8117],8003,0,men,Light Heavyweight,B: A + is_southpaw (+1 cols),0.43529411764705883,True
2,[7618-8117],8004,0,men,Catch Weight,B: A + is_southpaw (+1 cols),0.632258064516129,True
2,[7618-8117],8005,0,men,Featherweight,B: A + is_southpaw (+1 cols),0.43529411764705883,True
2,[7618-8117],8006,1,men,Bantamweight,B: A + is_southpaw (+1 cols),0.691358024691358,True
2,[7618-8117],8007,1,men,Welterweight,B: A + is_southpaw (+1 cols),0.632258064516129,True
2,[7618-8117],8008,0,men,Middleweight,B: A + is_southpaw (+1 cols),0.43529411764705883,True
2,[7618-8117],8009,1,women,Women's Flyweight,B: A + is_southpaw (+1 cols),0.691358024691358,False
2,[7618-8117],8010,0,men,Flyweight,B: A + is_southpaw (+1 cols),0.632258064516129,True
2,[7618-8117],8011,1,women,Women's Flyweight,B: A + is_southpaw (+1 cols),0.632258064516129,False
2,[7618-8117],8012,1,men,Welterweight,B: A + is_southpaw (+1 cols),0.691358024691358,True
2,[7618-8117],8013,0,men,Lightweight,B: A + is_southpaw (+1 cols),1e-06,True
2,[7618-8117],8014,0,men,Welterweight,B: A + is_southpaw (+1 cols),0.632258064516129,True
2,[7618-8117],8015,1,women,Women's Flyweight,B: A + is_southpaw (+1 cols),0.632258064516129,False
2,[7618-8117],8016,1,men,Featherweight,B: A + is_southpaw (+1 cols),0.16666666666666666,True
2,[7618-8117],8017,0,men,Heavyweight,B: A + is_southpaw (+1 cols),0.4936708860759494,True
2,[7618-8117],8018,1,women,Women's Flyweight,B: A + is_southpaw (+1 cols),0.6071428571428571,False
2,[7618-8117],8019,0,men,Lightweight,B: A + is_southpaw (+1 cols),0.4936708860759494,True
2,[7618-8117],8020,1,women,Women's Flyweight,B: A + is_southpaw (+1 cols),0.691358024691358,False
2,[7618-8117],8021,0,men,Featherweight,B: A + is_southpaw (+1 cols),0.632258064516129,True
2,[7618-8117],8022,0,men,Bantamweight,B: A + is_southpaw (+1 cols),0.4936708860759494,True
2,[7618-8117],8023,0,men,Flyweight,B: A + is_southpaw (+1 cols),0.4936708860759494,True
2,[7618-8117],8024,1,men,Lightweight,B: A + is_southpaw (+1 cols),0.43529411764705883,True
2,[7618-8117],8025,1,men,Featherweight,B: A + is_southpaw (+1 cols),0.632258064516129,True
2,[7618-8117],8026,0,women,Women's Strawweight,B: A + is_southpaw (+1 cols),0.45968618295151853,False
2,[7618-8117],8027,1,men,Featherweight,B: A + is_southpaw (+1 cols),0.4782608695652174,True
2,[7618-8117],8028,1,men,Flyweight,B: A + is_southpaw (+1 cols),0.691358024691358,True
2,[7618-8117],8029,1,women,Women's Strawweight,B: A + is_southpaw (+1 cols),0.6071428571428571,False
2,[7618-8117],8030,1,men,Heavyweight,B: A + is_southpaw (+1 cols),0.632258064516129,True
2,[7618-8117],8031,1,men,Welterweight,B: A + is_southpaw (+1 cols),0.691358024691358,True
2,[7618-8117],8032,1,men,Light Heavyweight,B: A + is_southpaw (+1 cols),0.691358024691358,True
2,[7618-8117],8033,1,men,Welterweight,B: A + is_southpaw (+1 cols),0.632258064516129,True
2,[7618-8117],8034,1,men,Bantamweight,B: A + is_southpaw (+1 cols),0.43529411764705883,True
2,[7618-8117],8035,1,men,Heavyweight,B: A + is_southpaw (+1 cols),0.9333333333333333,True
2,[7618-8117],8036,1,men,Featherweight,B: A + is_southpaw (+1 cols),0.9333333333333333,True
2,[7618-8117],8037,1,men,Featherweight,B: A + is_southpaw (+1 cols),0.6071428571428571,True
2,[7618-8117],8038,0,men,Middleweight,B: A + is_southpaw (+1 cols),0.632258064516129,True
2,[7618-8117],8039,0,men,Lightweight,B: A + is_southpaw (+1 cols),0.43529411764705883,True
2,[7618-8117],8040,0,men,Welterweight,B: A + is_southpaw (+1 cols),0.4936708860759494,True
2,[7618-8117],8041,0,women,Women's Strawweight,B: A + is_southpaw (+1 cols),0.4936708860759494,False
2,[7618-8117],8042,1,men,Lightweight,B: A + is_southpaw (+1 cols),0.4936708860759494,True
2,[7618-8117],8043,0,women,Women's Strawweight,B: A + is_southpaw (+1 cols),0.9333333333333333,False
2,[7618-8117],8044,0,men,Lightweight,B: A + is_southpaw (+1 cols),0.43529411764705883,True
2,[7618-8117],8045,1,men,Middleweight,B: A + is_southpaw (+1 cols),0.9333333333333333,True
2,[7618-8117],8046,1,men,Lightweight,B: A + is_southpaw (+1 cols),0.32432432432432434,True
2,[7618-8117],8047,1,men,Light Heavyweight,B: A + is_southpaw (+1 cols),0.691358024691358,True
2,[7618-8117],8048,1,men,Heavyweight,B: A + is_southpaw (+1 cols),0.632258064516129,True
2,[7618-8117],8049,1,women,Women's Strawweight,B: A + is_southpaw (+1 cols),0.43529411764705883,False
2,[7618-8117],8050,1,men,Lightweight,B: A + is_southpaw (+1 cols),0.43529411764705883,True
2,[7618-8117],8051,0,men,Welterweight,B: A + is_southpaw (+1 cols),0.43529411764705883,True
2,[7618-8117],8052,0,men,Bantamweight,B: A + is_southpaw (+1 cols),0.4936708860759494,True
2,[7618-8117],8053,1,men,Middleweight,B: A + is_southpaw (+1 cols),0.4936708860759494,True
2,[7618-8117],8054,0,men,Bantamweight,B: A + is_southpaw (+1 cols),0.32432432432432434,True
2,[7618-8117],8055,1,women,Women's Strawweight,B: A + is_southpaw (+1 cols),0.632258064516129,False
2,[7618-8117],8056,1,men,Featherweight,B: A + is_southpaw (+1 cols),0.7398977037114608,True
2,[7618-8117],8057,1,men,Heavyweight,B: A + is_southpaw (+1 cols),0.35,True
2,[7618-8117],8058,1,women,Women's Bantamweight,B: A + is_southpaw (+1 cols),0.691358024691358,False
2,[7618-8117],8059,1,men,Bantamweight,B: A + is_southpaw (+1 cols),0.632258064516129,True
2,[7618-8117],8060,1,men,Welterweight,B: A + is_southpaw (+1 cols),0.9090909090909091,True
2,[7618-8117],8061,1,men,Bantamweight,B: A + is_southpaw (+1 cols),0.691358024691358,True
2,[7618-8117],8062,0,men,Featherweight,B: A + is_southpaw (+1 cols),0.43529411764705883,True
2,[7618-8117],8063,0,men,Heavyweight,B: A + is_southpaw (+1 cols),0.4444444444444444,True
2,[7618-8117],8064,1,women,Women's Bantamweight,B: A + is_southpaw (+1 cols),0.6071428571428571,False
2,[7618-8117],8065,1,men,Flyweight,B: A + is_southpaw (+1 cols),0.4936708860759494,True
2,[7618-8117],8066,1,men,Featherweight,B: A + is_southpaw (+1 cols),0.6071428571428571,True
2,[7618-8117],8067,0,men,Welterweight,B: A + is_southpaw (+1 cols),0.632258064516129,True
2,[7618-8117],8068,1,men,Middleweight,B: A + is_southpaw (+1 cols),0.632258064516129,True
2,[7618-8117],8069,0,men,Light Heavyweight,B: A + is_southpaw (+1 cols),0.632258064516129,True
2,[7618-8117],8070,1,men,Middleweight,B: A + is_southpaw (+1 cols),0.691358024691358,True
2,[7618-8117],8071,1,men,Flyweight,B: A + is_southpaw (+1 cols),0.43529411764705883,True
2,[7618-8117],8072,0,men,Lightweight,B: A + is_southpaw (+1 cols),0.632258064516129,True
2,[7618-8117],8073,0,men,Heavyweight,B: A + is_southpaw (+1 cols),0.632258064516129,True
2,[7618-8117],8074,0,men,Welterweight,B: A + is_southpaw (+1 cols),0.35,True
2,[7618-8117],8075,0,men,Heavyweight,B: A + is_southpaw (+1 cols),0.632258064516129,True
2,[7618-8117],8076,0,men,Featherweight,B: A + is_southpaw (+1 cols),0.4936708860759494,True
2,[7618-8117],8077,1,women,Women's Flyweight,B: A + is_southpaw (+1 cols),0.35,False
2,[7618-8117],8078,1,men,Featherweight,B: A + is_southpaw (+1 cols),0.691358024691358,True
2,[7618-8117],8079,1,men,Lightweight,B: A + is_southpaw (+1 cols),0.9333333333333333,True
2,[7618-8117],8080,1,men,Welterweight,B: A + is_southpaw (+1 cols),0.632258064516129,True
2,[7618-8117],8081,0,men,Flyweight,B: A + is_southpaw (+1 cols),0.5,True
2,[7618-8117],8082,0,men,Middleweight,B: A + is_southpaw (+1 cols),0.4936708860759494,True
2,[7618-8117],8083,1,men,Bantamweight,B: A + is_southpaw (+1 cols),0.4444444444444444,True
2,[7618-8117],8084,0,men,Bantamweight,B: A + is_southpaw (+1 cols),0.4444444444444444,True
2,[7618-8117],8085,1,men,Welterweight,B: A + is_southpaw (+1 cols),0.6071428571428571,True
2,[7618-8117],8086,1,men,Heavyweight,B: A + is_southpaw (+1 cols),0.691358024691358,True
2,[7618-8117],8087,0,women,Women's Flyweight,B: A + is_southpaw (+1 cols),0.632258064516129,False
2,[7618-8117],8088,1,men,Flyweight,B: A + is_southpaw (+1 cols),0.4936708860759494,True
2,[7618-8117],8089,0,men,Bantamweight,B: A + is_southpaw (+1 cols),0.691358024691358,True
2,[7618-8117],8090,0,men,Bantamweight,B: A + is_southpaw (+1 cols),0.43529411764705883,True
2,[7618-8117],8091,1,men,Flyweight,B: A + is_southpaw (+1 cols),0.632258064516129,True
2,[7618-8117],8092,1,women,Women's Strawweight,B: A + is_southpaw (+1 cols),0.9333333333333333,False
2,[7618-8117],8093,1,men,Featherweight,B: A + is_southpaw (+1 cols),0.4936708860759494,True
2,[7618-8117],8094,0,women,Women's Strawweight,B: A + is_southpaw (+1 cols),0.691358024691358,False
2,[7618-8117],8095,1,men,Featherweight,B: A + is_southpaw (+1 cols),0.632258064516129,True
2,[7618-8117],8096,0,men,Welterweight,B: A + is_southpaw (+1 cols),0.4444444444444444,True
2,[7618-8117],8097,0,men,Lightweight,B: A + is_southpaw (+1 cols),0.40868272236232506,True
2,[7618-8117],8098,1,women,Women's Bantamweight,B: A + is_southpaw (+1 cols),0.691358024691358,False
2,[7618-8117],8099,1,men,Lightweight,B: A + is_southpaw (+1 cols),0.32432432432432434,True
2,[7618-8117],8100,1,women,Women's Flyweight,B: A + is_southpaw (+1 cols),0.9333333333333333,False
2,[7618-8117],8101,0,men,Middleweight,B: A + is_southpaw (+1 cols),0.632258064516129,True
2,[7618-8117],8102,1,men,Middleweight,B: A + is_southpaw (+1 cols),0.632258064516129,True
2,[7618-8117],8103,0,men,Featherweight,B: A + is_southpaw (+1 cols),0.43529411764705883,True
2,[7618-8117],8104,0,men,Middleweight,B: A + is_southpaw (+1 cols),0.632258064516129,True
2,[7618-8117],8105,0,women,Women's Strawweight,B: A + is_southpaw (+1 cols),0.35,False
2,[7618-8117],8106,0,men,Middleweight,B: A + is_southpaw (+1 cols),0.07158085031971226,True
2,[7618-8117],8107,0,men,Welterweight,B: A + is_southpaw (+1 cols),0.32432432432432434,True
2,[7618-8117],8108,1,men,Middleweight,B: A + is_southpaw (+1 cols),0.632258064516129,True
2,[7618-8117],8109,1,men,Featherweight,B: A + is_southpaw (+1 cols),0.43529411764705883,True
2,[7618-8117],8110,1,men,Middleweight,B: A + is_southpaw (+1 cols),0.632258064516129,True
2,[7618-8117],8111,1,men,Bantamweight,B: A + is_southpaw (+1 cols),0.4936708860759494,True
2,[7618-8117],8112,0,men,Flyweight,B: A + is_southpaw (+1 cols),0.5579899276866861,True
2,[7618-8117],8113,0,men,Lightweight,B: A + is_southpaw (+1 cols),0.4936708860759494,True
2,[7618-8117],8114,1,women,Women's Flyweight,B: A + is_southpaw (+1 cols),0.632258064516129,False
2,[7618-8117],8115,1,men,Welterweight,B: A + is_southpaw (+1 cols),0.4936708860759494,True
2,[7618-8117],8116,0,men,Middleweight,B: A + is_southpaw (+1 cols),0.6071428571428571,True
2,[7618-8117],8117,1,men,Featherweight,B: A + is_southpaw (+1 cols),0.632258064516129,True
2,[7618-8117],7618,0,men,Flyweight,A: top-240 WITHOUT is_southpaw~null,0.5,True
2,[7618-8117],7619,1,men,Featherweight,A: top-240 WITHOUT is_southpaw~null,0.5,True
2,[7618-8117],7620,0,men,Middleweight,A: top-240 WITHOUT is_southpaw~null,0.5,True
2,[7618-8117],7621,1,men,Lightweight,A: top-240 WITHOUT is_southpaw~null,0.631578947368421,True
2,[7618-8117],7622,0,men,Bantamweight,A: top-240 WITHOUT is_southpaw~null,0.425,True
2,[7618-8117],7623,0,women,Women's Strawweight,A: top-240 WITHOUT is_southpaw~null,0.425,False
2,[7618-8117],7624,1,men,Bantamweight,A: top-240 WITHOUT is_southpaw~null,0.631578947368421,True
2,[7618-8117],7625,0,women,Women's Bantamweight,A: top-240 WITHOUT is_southpaw~null,0.858806919488385,False
2,[7618-8117],7626,1,women,Women's Bantamweight,A: top-240 WITHOUT is_southpaw~null,0.6949152542372882,False
2,[7618-8117],7627,1,men,Featherweight,A: top-240 WITHOUT is_southpaw~null,0.425,True
2,[7618-8117],7628,1,men,Lightweight,A: top-240 WITHOUT is_southpaw~null,0.6172839506172839,True
2,[7618-8117],7629,0,men,Middleweight,A: top-240 WITHOUT is_southpaw~null,0.5,True
2,[7618-8117],7630,1,men,Bantamweight,A: top-240 WITHOUT is_southpaw~null,0.6172839506172839,True
2,[7618-8117],7631,0,women,Women's Flyweight,A: top-240 WITHOUT is_southpaw~null,0.425,False
2,[7618-8117],7632,0,men,Featherweight,A: top-240 WITHOUT is_southpaw~null,0.9,True
2,[7618-8117],7633,1,men,Bantamweight,A: top-240 WITHOUT is_southpaw~null,0.5,True
2,[7618-8117],7634,1,men,Middleweight,A: top-240 WITHOUT is_southpaw~null,0.631578947368421,True
2,[7618-8117],7635,1,women,Women's Strawweight,A: top-240 WITHOUT is_southpaw~null,0.9,False
2,[7618-8117],7636,0,men,Featherweight,A: top-240 WITHOUT is_southpaw~null,0.631578947368421,True
2,[7618-8117],7637,1,men,Lightweight,A: top-240 WITHOUT is_southpaw~null,1e-06,True
2,[7618-8117],7638,0,men,Middleweight,A: top-240 WITHOUT is_southpaw~null,0.23809523809523808,True
2,[7618-8117],7639,0,men,Lightweight,A: top-240 WITHOUT is_southpaw~null,0.6172839506172839,True
2,[7618-8117],7640,1,men,Bantamweight,A: top-240 WITHOUT is_southpaw~null,0.9,True
2,[7618-8117],7641,1,men,Middleweight,A: top-240 WITHOUT is_southpaw~null,0.631578947368421,True
2,[7618-8117],7642,0,men,Middleweight,A: top-240 WITHOUT is_southpaw~null,0.38095238095238093,True
2,[7618-8117],7643,1,men,Lightweight,A: top-240 WITHOUT is_southpaw~null,0.6172839506172839,True
2,[7618-8117],7644,0,men,Flyweight,A: top-240 WITHOUT is_southpaw~null,0.14343675482690976,True
2,[7618-8117],7645,1,women,Women's Strawweight,A: top-240 WITHOUT is_southpaw~null,0.38095238095238093,False
2,[7618-8117],7646,0,men,Lightweight,A: top-240 WITHOUT is_southpaw~null,0.6172839506172839,True
2,[7618-8117],7647,1,women,Women's Strawweight,A: top-240 WITHOUT is_southpaw~null,0.999999,False
2,[7618-8117],7648,1,men,Light Heavyweight,A: top-240 WITHOUT is_southpaw~null,0.9,True
2,[7618-8117],7649,0,men,Welterweight,A: top-240 WITHOUT is_southpaw~null,0.9,True
2,[7618-8117],7650,1,men,Middleweight,A: top-240 WITHOUT is_southpaw~null,0.9,True
2,[7618-8117],7651,1,men,Heavyweight,A: top-240 WITHOUT is_southpaw~null,0.631578947368421,True
2,[7618-8117],7652,1,men,Heavyweight,A: top-240 WITHOUT is_southpaw~null,0.999999,True
2,[7618-8117],7653,1,men,Catch Weight,A: top-240 WITHOUT is_southpaw~null,0.6949152542372882,True
2,[7618-8117],7654,1,men,Flyweight,A: top-240 WITHOUT is_southpaw~null,0.6172839506172839,True
2,[7618-8117],7655,1,men,Catch Weight,A: top-240 WITHOUT is_southpaw~null,0.631578947368421,True
2,[7618-8117],7656,1,men,Lightweight,A: top-240 WITHOUT is_southpaw~null,0.631578947368421,True
2,[7618-8117],7657,1,men,Lightweight,A: top-240 WITHOUT is_southpaw~null,0.6949152542372882,True
2,[7618-8117],7658,0,women,Women's Strawweight,A: top-240 WITHOUT is_southpaw~null,0.5,False
2,[7618-8117],7659,0,men,Featherweight,A: top-240 WITHOUT is_southpaw~null,0.5,True
2,[7618-8117],7660,1,men,Featherweight,A: top-240 WITHOUT is_southpaw~null,0.5,True
2,[7618-8117],7661,0,men,Lightweight,A: top-240 WITHOUT is_southpaw~null,0.425,True
2,[7618-8117],7662,1,women,Women's Strawweight,A: top-240 WITHOUT is_southpaw~null,0.5,False
2,[7618-8117],7663,0,men,Heavyweight,A: top-240 WITHOUT is_southpaw~null,0.631578947368421,True
2,[7618-8117],7664,0,men,Light Heavyweight,A: top-240 WITHOUT is_southpaw~null,0.631578947368421,True
2,[7618-8117],7665,1,men,Flyweight,A: top-240 WITHOUT is_southpaw~null,0.5,True
2,[7618-8117],7666,0,women,Women's Bantamweight,A: top-240 WITHOUT is_southpaw~null,0.425,False
2,[7618-8117],7667,1,men,Featherweight,A: top-240 WITHOUT is_southpaw~null,0.5,True
2,[7618-8117],7668,1,men,Heavyweight,A: top-240 WITHOUT is_southpaw~null,0.6172839506172839,True
2,[7618-8117],7669,1,men,Middleweight,A: top-240 WITHOUT is_southpaw~null,0.9069620328533565,True
2,[7618-8117],7670,0,men,Bantamweight,A: top-240 WITHOUT is_southpaw~null,0.5,True
2,[7618-8117],7671,0,men,Featherweight,A: top-240 WITHOUT is_southpaw~null,0.631578947368421,True
2,[7618-8117],7672,1,men,Bantamweight,A: top-240 WITHOUT is_southpaw~null,0.6949152542372882,True
2,[7618-8117],7673,0,women,Women's Strawweight,A: top-240 WITHOUT is_southpaw~null,0.425,False
2,[7618-8117],7674,1,men,Lightweight,A: top-240 WITHOUT is_southpaw~null,0.5,True
2,[7618-8117],7675,1,men,Welterweight,A: top-240 WITHOUT is_southpaw~null,0.6949152542372882,True
2,[7618-8117],7676,1,men,Middleweight,A: top-240 WITHOUT is_southpaw~null,0.9,True
2,[7618-8117],7677,0,men,Welterweight,A: top-240 WITHOUT is_southpaw~null,0.6949152542372882,True
2,[7618-8117],7678,0,men,Flyweight,A: top-240 WITHOUT is_southpaw~null,0.38095238095238093,True
2,[7618-8117],7679,1,men,Light Heavyweight,A: top-240 WITHOUT is_southpaw~null,0.6172839506172839,True
2,[7618-8117],7680,0,men,Welterweight,A: top-240 WITHOUT is_southpaw~null,0.6172839506172839,True
2,[7618-8117],7681,0,men,Middleweight,A: top-240 WITHOUT is_southpaw~null,0.6172839506172839,True
2,[7618-8117],7682,1,women,Women's Flyweight,A: top-240 WITHOUT is_southpaw~null,0.6172839506172839,False
2,[7618-8117],7683,1,women,Women's Bantamweight,A: top-240 WITHOUT is_southpaw~null,0.5,False
2,[7618-8117],7684,1,men,Lightweight,A: top-240 WITHOUT is_southpaw~null,0.38095238095238093,True
2,[7618-8117],7685,0,men,Lightweight,A: top-240 WITHOUT is_southpaw~null,0.5,True
2,[7618-8117],7686,1,men,Welterweight,A: top-240 WITHOUT is_southpaw~null,0.6172839506172839,True
2,[7618-8117],7687,0,men,Middleweight,A: top-240 WITHOUT is_southpaw~null,0.631578947368421,True
2,[7618-8117],7688,0,men,Bantamweight,A: top-240 WITHOUT is_southpaw~null,0.6172839506172839,True
2,[7618-8117],7689,1,men,Lightweight,A: top-240 WITHOUT is_southpaw~null,0.5,True
2,[7618-8117],7690,0,men,Lightweight,A: top-240 WITHOUT is_southpaw~null,0.07324935019756369,True
2,[7618-8117],7691,1,men,Flyweight,A: top-240 WITHOUT is_southpaw~null,0.9,True
2,[7618-8117],7692,1,women,Women's Bantamweight,A: top-240 WITHOUT is_southpaw~null,0.7,False
2,[7618-8117],7693,1,men,Lightweight,A: top-240 WITHOUT is_southpaw~null,0.425,True
2,[7618-8117],7694,1,men,Flyweight,A: top-240 WITHOUT is_southpaw~null,0.999999,True
2,[7618-8117],7695,0,men,Welterweight,A: top-240 WITHOUT is_southpaw~null,0.425,True
2,[7618-8117],7696,0,women,Women's Strawweight,A: top-240 WITHOUT is_southpaw~null,0.6172839506172839,False
2,[7618-8117],7697,1,men,Bantamweight,A: top-240 WITHOUT is_southpaw~null,0.425,True
2,[7618-8117],7698,1,men,Lightweight,A: top-240 WITHOUT is_southpaw~null,0.425,True
2,[7618-8117],7699,0,men,Light Heavyweight,A: top-240 WITHOUT is_southpaw~null,0.5,True
2,[7618-8117],7700,1,men,Bantamweight,A: top-240 WITHOUT is_southpaw~null,0.631578947368421,True
2,[7618-8117],7701,0,men,Middleweight,A: top-240 WITHOUT is_southpaw~null,0.6172839506172839,True
2,[7618-8117],7702,0,men,Heavyweight,A: top-240 WITHOUT is_southpaw~null,0.631578947368421,True
2,[7618-8117],7703,1,men,Featherweight,A: top-240 WITHOUT is_southpaw~null,0.5,True
2,[7618-8117],7704,1,men,Flyweight,A: top-240 WITHOUT is_southpaw~null,0.5,True
2,[7618-8117],7705,0,women,Women's Flyweight,A: top-240 WITHOUT is_southpaw~null,0.7,False
2,[7618-8117],7706,1,men,Bantamweight,A: top-240 WITHOUT is_southpaw~null,0.9,True
2,[7618-8117],7707,1,women,Women's Bantamweight,A: top-240 WITHOUT is_southpaw~null,0.5,False
2,[7618-8117],7708,1,men,Light Heavyweight,A: top-240 WITHOUT is_southpaw~null,0.5,True
2,[7618-8117],7709,0,men,Lightweight,A: top-240 WITHOUT is_southpaw~null,0.23809523809523808,True
2,[7618-8117],7710,1,men,Welterweight,A: top-240 WITHOUT is_southpaw~null,0.9,True
2,[7618-8117],7711,1,men,Flyweight,A: top-240 WITHOUT is_southpaw~null,0.631578947368421,True
2,[7618-8117],7712,1,men,Welterweight,A: top-240 WITHOUT is_southpaw~null,0.425,True
2,[7618-8117],7713,1,men,Featherweight,A: top-240 WITHOUT is_southpaw~null,0.3376578042680499,True
2,[7618-8117],7714,1,men,Bantamweight,A: top-240 WITHOUT is_southpaw~null,0.631578947368421,True
2,[7618-8117],7715,1,men,Flyweight,A: top-240 WITHOUT is_southpaw~null,0.7,True
2,[7618-8117],7716,1,men,Lightweight,A: top-240 WITHOUT is_southpaw~null,0.425,True
2,[7618-8117],7717,0,men,Featherweight,A: top-240 WITHOUT is_southpaw~null,0.23809523809523808,True
2,[7618-8117],7718,0,men,Welterweight,A: top-240 WITHOUT is_southpaw~null,0.5,True
2,[7618-8117],7719,1,men,Bantamweight,A: top-240 WITHOUT is_southpaw~null,0.6172839506172839,True
2,[7618-8117],7720,0,men,Middleweight,A: top-240 WITHOUT is_southpaw~null,0.5,True
2,[7618-8117],7721,0,men,Heavyweight,A: top-240 WITHOUT is_southpaw~null,0.007099478377357518,True
2,[7618-8117],7722,0,men,Bantamweight,A: top-240 WITHOUT is_southpaw~null,0.631578947368421,True
2,[7618-8117],7723,1,men,Lightweight,A: top-240 WITHOUT is_southpaw~null,0.6172839506172839,True
2,[7618-8117],7724,1,men,Light Heavyweight,A: top-240 WITHOUT is_southpaw~null,0.631578947368421,True
2,[7618-8117],7725,0,men,Flyweight,A: top-240 WITHOUT is_southpaw~null,0.6172839506172839,True
2,[7618-8117],7726,1,women,Women's Bantamweight,A: top-240 WITHOUT is_southpaw~null,0.9,False
2,[7618-8117],7727,0,men,Welterweight,A: top-240 WITHOUT is_southpaw~null,0.631578947368421,True
2,[7618-8117],7728,1,women,Women's Strawweight,A: top-240 WITHOUT is_southpaw~null,0.9,False
2,[7618-8117],7729,0,men,Bantamweight,A: top-240 WITHOUT is_southpaw~null,0.5,True
2,[7618-8117],7730,0,men,Featherweight,A: top-240 WITHOUT is_southpaw~null,0.6172839506172839,True
2,[7618-8117],7731,0,men,Featherweight,A: top-240 WITHOUT is_southpaw~null,0.42857142857142855,True
2,[7618-8117],7732,1,men,Middleweight,A: top-240 WITHOUT is_southpaw~null,0.6172839506172839,True
2,[7618-8117],7733,1,men,Welterweight,A: top-240 WITHOUT is_southpaw~null,0.23809523809523808,True
2,[7618-8117],7734,1,women,Women's Bantamweight,A: top-240 WITHOUT is_southpaw~null,0.631578947368421,False
2,[7618-8117],7735,0,men,Middleweight,A: top-240 WITHOUT is_southpaw~null,0.425,True
2,[7618-8117],7736,0,men,Bantamweight,A: top-240 WITHOUT is_southpaw~null,0.425,True
2,[7618-8117],7737,1,women,Women's Flyweight,A: top-240 WITHOUT is_southpaw~null,0.631578947368421,False
2,[7618-8117],7738,0,men,Featherweight,A: top-240 WITHOUT is_southpaw~null,0.425,True
2,[7618-8117],7739,1,men,Flyweight,A: top-240 WITHOUT is_southpaw~null,0.5,True
2,[7618-8117],7740,1,men,Lightweight,A: top-240 WITHOUT is_southpaw~null,0.38095238095238093,True
2,[7618-8117],7741,0,men,Heavyweight,A: top-240 WITHOUT is_southpaw~null,0.631578947368421,True
2,[7618-8117],7742,0,men,Lightweight,A: top-240 WITHOUT is_southpaw~null,0.425,True
2,[7618-8117],7743,1,men,Featherweight,A: top-240 WITHOUT is_southpaw~null,0.6949152542372882,True
2,[7618-8117],7744,1,men,Lightweight,A: top-240 WITHOUT is_southpaw~null,0.6172839506172839,True
2,[7618-8117],7745,0,men,Flyweight,A: top-240 WITHOUT is_southpaw~null,0.6172839506172839,True
2,[7618-8117],7746,1,women,Women's Strawweight,A: top-240 WITHOUT is_southpaw~null,0.5,False
2,[7618-8117],7747,0,men,Welterweight,A: top-240 WITHOUT is_southpaw~null,0.6949152542372882,True
2,[7618-8117],7748,0,women,Women's Flyweight,A: top-240 WITHOUT is_southpaw~null,0.23809523809523808,False
2,[7618-8117],7749,1,men,Welterweight,A: top-240 WITHOUT is_southpaw~null,0.6949152542372882,True
2,[7618-8117],7750,0,men,Middleweight,A: top-240 WITHOUT is_southpaw~null,0.425,True
2,[7618-8117],7751,1,men,Welterweight,A: top-240 WITHOUT is_southpaw~null,0.6172839506172839,True
2,[7618-8117],7752,1,women,Women's Strawweight,A: top-240 WITHOUT is_southpaw~null,0.6949152542372882,False
2,[7618-8117],7753,0,men,Featherweight,A: top-240 WITHOUT is_southpaw~null,0.5,True
2,[7618-8117],7754,0,men,Light Heavyweight,A: top-240 WITHOUT is_southpaw~null,0.6172839506172839,True
2,[7618-8117],7755,1,men,Welterweight,A: top-240 WITHOUT is_southpaw~null,0.38095238095238093,True
2,[7618-8117],7756,0,men,Light Heavyweight,A: top-240 WITHOUT is_southpaw~null,0.6172839506172839,True
2,[7618-8117],7757,1,men,Lightweight,A: top-240 WITHOUT is_southpaw~null,0.6172839506172839,True
2,[7618-8117],7758,0,men,Welterweight,A: top-240 WITHOUT is_southpaw~null,0.6172839506172839,True
2,[7618-8117],7759,1,men,Middleweight,A: top-240 WITHOUT is_southpaw~null,0.5,True
2,[7618-8117],7760,1,men,Lightweight,A: top-240 WITHOUT is_southpaw~null,0.425,True
2,[7618-8117],7761,0,men,Middleweight,A: top-240 WITHOUT is_southpaw~null,0.24587059029217356,True
2,[7618-8117],7762,0,men,Middleweight,A: top-240 WITHOUT is_southpaw~null,0.5,True
2,[7618-8117],7763,1,men,Featherweight,A: top-240 WITHOUT is_southpaw~null,0.7,True
2,[7618-8117],7764,1,men,Middleweight,A: top-240 WITHOUT is_southpaw~null,0.425,True
2,[7618-8117],7765,1,men,Welterweight,A: top-240 WITHOUT is_southpaw~null,0.6949152542372882,True
2,[7618-8117],7766,0,men,Welterweight,A: top-240 WITHOUT is_southpaw~null,0.425,True
2,[7618-8117],7767,1,men,Light Heavyweight,A: top-240 WITHOUT is_southpaw~null,0.5,True
2,[7618-8117],7768,1,men,Bantamweight,A: top-240 WITHOUT is_southpaw~null,0.9,True
2,[7618-8117],7769,1,men,Heavyweight,A: top-240 WITHOUT is_southpaw~null,0.6172839506172839,True
2,[7618-8117],7770,0,women,Women's Flyweight,A: top-240 WITHOUT is_southpaw~null,0.425,False
2,[7618-8117],7771,1,men,Middleweight,A: top-240 WITHOUT is_southpaw~null,0.5,True
2,[7618-8117],7772,1,men,Bantamweight,A: top-240 WITHOUT is_southpaw~null,0.9,True
2,[7618-8117],7773,0,men,Welterweight,A: top-240 WITHOUT is_southpaw~null,0.23809523809523808,True
2,[7618-8117],7774,1,men,Middleweight,A: top-240 WITHOUT is_southpaw~null,0.6172839506172839,True
2,[7618-8117],7775,0,men,Featherweight,A: top-240 WITHOUT is_southpaw~null,0.425,True
2,[7618-8117],7776,1,women,Women's Strawweight,A: top-240 WITHOUT is_southpaw~null,0.425,False
2,[7618-8117],7777,0,men,Featherweight,A: top-240 WITHOUT is_southpaw~null,0.425,True
2,[7618-8117],7778,0,men,Flyweight,A: top-240 WITHOUT is_southpaw~null,0.5,True
2,[7618-8117],7779,1,men,Flyweight,A: top-240 WITHOUT is_southpaw~null,0.6172839506172839,True
2,[7618-8117],7780,0,men,Lightweight,A: top-240 WITHOUT is_southpaw~null,0.6172839506172839,True
2,[7618-8117],7781,1,men,Flyweight,A: top-240 WITHOUT is_southpaw~null,0.6850952718801405,True
2,[7618-8117],7782,1,men,Flyweight,A: top-240 WITHOUT is_southpaw~null,0.631578947368421,True
2,[7618-8117],7783,0,men,Bantamweight,A: top-240 WITHOUT is_southpaw~null,0.6172839506172839,True
2,[7618-8117],7784,1,women,Women's Strawweight,A: top-240 WITHOUT is_southpaw~null,0.6172839506172839,False
2,[7618-8117],7785,1,men,Lightweight,A: top-240 WITHOUT is_southpaw~null,0.425,True
2,[7618-8117],7786,0,men,Featherweight,A: top-240 WITHOUT is_southpaw~null,0.5,True
2,[7618-8117],7787,0,men,Flyweight,A: top-240 WITHOUT is_southpaw~null,0.7,True
2,[7618-8117],7788,1,men,Lightweight,A: top-240 WITHOUT is_southpaw~null,0.6949152542372882,True
2,[7618-8117],7789,1,men,Bantamweight,A: top-240 WITHOUT is_southpaw~null,0.23809523809523808,True
2,[7618-8117],7790,0,men,Lightweight,A: top-240 WITHOUT is_southpaw~null,0.631578947368421,True
2,[7618-8117],7791,1,men,Lightweight,A: top-240 WITHOUT is_southpaw~null,0.9,True
2,[7618-8117],7792,1,men,Middleweight,A: top-240 WITHOUT is_southpaw~null,0.631578947368421,True
2,[7618-8117],7793,1,men,Middleweight,A: top-240 WITHOUT is_southpaw~null,0.6949152542372882,True
2,[7618-8117],7794,1,men,Bantamweight,A: top-240 WITHOUT is_southpaw~null,0.6172839506172839,True
2,[7618-8117],7795,1,men,Bantamweight,A: top-240 WITHOUT is_southpaw~null,0.999999,True
2,[7618-8117],7796,0,men,Flyweight,A: top-240 WITHOUT is_southpaw~null,0.5,True
2,[7618-8117],7797,1,men,Light Heavyweight,A: top-240 WITHOUT is_southpaw~null,0.8252148132909076,True
2,[7618-8117],7798,1,men,Heavyweight,A: top-240 WITHOUT is_southpaw~null,0.425,True
2,[7618-8117],7799,0,men,Flyweight,A: top-240 WITHOUT is_southpaw~null,0.3013967706197479,True
2,[7618-8117],7800,1,women,Women's Flyweight,A: top-240 WITHOUT is_southpaw~null,0.425,False
2,[7618-8117],7801,0,men,Flyweight,A: top-240 WITHOUT is_southpaw~null,0.23809523809523808,True
2,[7618-8117],7802,1,men,Middleweight,A: top-240 WITHOUT is_southpaw~null,0.6172839506172839,True
2,[7618-8117],7803,0,men,Light Heavyweight,A: top-240 WITHOUT is_southpaw~null,0.6949152542372882,True
2,[7618-8117],7804,0,men,Bantamweight,A: top-240 WITHOUT is_southpaw~null,0.23809523809523808,True
2,[7618-8117],7805,1,men,Lightweight,A: top-240 WITHOUT is_southpaw~null,0.9,True
2,[7618-8117],7806,1,men,Heavyweight,A: top-240 WITHOUT is_southpaw~null,0.6996308283102368,True
2,[7618-8117],7807,1,men,Heavyweight,A: top-240 WITHOUT is_southpaw~null,0.425,True
2,[7618-8117],7808,1,men,Bantamweight,A: top-240 WITHOUT is_southpaw~null,0.425,True
2,[7618-8117],7809,0,men,Welterweight,A: top-240 WITHOUT is_southpaw~null,0.23809523809523808,True
2,[7618-8117],7810,0,men,Welterweight,A: top-240 WITHOUT is_southpaw~null,0.631578947368421,True
2,[7618-8117],7811,1,men,Lightweight,A: top-240 WITHOUT is_southpaw~null,0.23809523809523808,True
2,[7618-8117],7812,1,men,Bantamweight,A: top-240 WITHOUT is_southpaw~null,0.7804462388946098,True
2,[7618-8117],7813,0,women,Women's Flyweight,A: top-240 WITHOUT is_southpaw~null,0.425,False
2,[7618-8117],7814,0,men,Bantamweight,A: top-240 WITHOUT is_southpaw~null,0.9,True
2,[7618-8117],7815,1,men,Lightweight,A: top-240 WITHOUT is_southpaw~null,0.631578947368421,True
2,[7618-8117],7816,1,women,Women's Strawweight,A: top-240 WITHOUT is_southpaw~null,0.631578947368421,False
2,[7618-8117],7817,0,men,Featherweight,A: top-240 WITHOUT is_southpaw~null,0.5,True
2,[7618-8117],7818,1,men,Flyweight,A: top-240 WITHOUT is_southpaw~null,0.6172839506172839,True
2,[7618-8117],7819,0,women,Women's Bantamweight,A: top-240 WITHOUT is_southpaw~null,0.631578947368421,False
2,[7618-8117],7820,0,women,Women's Bantamweight,A: top-240 WITHOUT is_southpaw~null,0.5,False
2,[7618-8117],7821,1,men,Middleweight,A: top-240 WITHOUT is_southpaw~null,0.6172839506172839,True
2,[7618-8117],7822,1,men,Featherweight,A: top-240 WITHOUT is_southpaw~null,0.425,True
2,[7618-8117],7823,1,men,Light Heavyweight,A: top-240 WITHOUT is_southpaw~null,1e-06,True
2,[7618-8117],7824,0,men,Heavyweight,A: top-240 WITHOUT is_southpaw~null,0.425,True
2,[7618-8117],7825,0,men,Lightweight,A: top-240 WITHOUT is_southpaw~null,0.6172839506172839,True
2,[7618-8117],7826,1,men,Featherweight,A: top-240 WITHOUT is_southpaw~null,0.5,True
2,[7618-8117],7827,0,men,Heavyweight,A: top-240 WITHOUT is_southpaw~null,0.5,True
2,[7618-8117],7828,1,men,Bantamweight,A: top-240 WITHOUT is_southpaw~null,0.9,True
2,[7618-8117],7829,0,men,Flyweight,A: top-240 WITHOUT is_southpaw~null,0.5,True
2,[7618-8117],7830,0,women,Women's Bantamweight,A: top-240 WITHOUT is_southpaw~null,0.6172839506172839,False
2,[7618-8117],7831,0,men,Featherweight,A: top-240 WITHOUT is_southpaw~null,0.6949152542372882,True
2,[7618-8117],7832,1,men,Middleweight,A: top-240 WITHOUT is_southpaw~null,0.6949152542372882,True
2,[7618-8117],7833,1,men,Featherweight,A: top-240 WITHOUT is_southpaw~null,0.631578947368421,True
2,[7618-8117],7834,0,men,Featherweight,A: top-240 WITHOUT is_southpaw~null,0.38095238095238093,True
2,[7618-8117],7835,1,men,Bantamweight,A: top-240 WITHOUT is_southpaw~null,0.42857142857142855,True
2,[7618-8117],7836,1,men,Heavyweight,A: top-240 WITHOUT is_southpaw~null,0.7,True
2,[7618-8117],7837,0,women,Women's Flyweight,A: top-240 WITHOUT is_southpaw~null,0.425,False
2,[7618-8117],7838,0,men,Lightweight,A: top-240 WITHOUT is_southpaw~null,0.425,True
2,[7618-8117],7839,0,men,Middleweight,A: top-240 WITHOUT is_southpaw~null,0.38095238095238093,True
2,[7618-8117],7840,1,men,Light Heavyweight,A: top-240 WITHOUT is_southpaw~null,0.9,True
2,[7618-8117],7841,1,men,Featherweight,A: top-240 WITHOUT is_southpaw~null,0.5,True
2,[7618-8117],7842,1,men,Featherweight,A: top-240 WITHOUT is_southpaw~null,0.631578947368421,True
2,[7618-8117],7843,1,women,Women's Strawweight,A: top-240 WITHOUT is_southpaw~null,0.38095238095238093,False
2,[7618-8117],7844,1,men,Featherweight,A: top-240 WITHOUT is_southpaw~null,0.425,True
2,[7618-8117],7845,0,men,Bantamweight,A: top-240 WITHOUT is_southpaw~null,0.38095238095238093,True
2,[7618-8117],7846,0,men,Featherweight,A: top-240 WITHOUT is_southpaw~null,0.6172839506172839,True
2,[7618-8117],7847,1,men,Middleweight,A: top-240 WITHOUT is_southpaw~null,0.7,True
2,[7618-8117],7848,1,men,Middleweight,A: top-240 WITHOUT is_southpaw~null,0.6172839506172839,True
2,[7618-8117],7849,0,men,Welterweight,A: top-240 WITHOUT is_southpaw~null,0.6172839506172839,True
2,[7618-8117],7850,0,women,Women's Flyweight,A: top-240 WITHOUT is_southpaw~null,0.631578947368421,False
2,[7618-8117],7851,1,men,Welterweight,A: top-240 WITHOUT is_southpaw~null,0.5,True
2,[7618-8117],7852,0,women,Women's Bantamweight,A: top-240 WITHOUT is_southpaw~null,0.5,False
2,[7618-8117],7853,0,men,Middleweight,A: top-240 WITHOUT is_southpaw~null,0.6949152542372882,True
2,[7618-8117],7854,0,men,Bantamweight,A: top-240 WITHOUT is_southpaw~null,0.5,True
2,[7618-8117],7855,0,men,Bantamweight,A: top-240 WITHOUT is_southpaw~null,0.6172839506172839,True
2,[7618-8117],7856,1,women,Women's Bantamweight,A: top-240 WITHOUT is_southpaw~null,0.6949152542372882,False
2,[7618-8117],7857,0,men,Heavyweight,A: top-240 WITHOUT is_southpaw~null,0.6949152542372882,True
2,[7618-8117],7858,0,men,Welterweight,A: top-240 WITHOUT is_southpaw~null,0.5,True
2,[7618-8117],7859,1,men,Lightweight,A: top-240 WITHOUT is_southpaw~null,0.7,True
2,[7618-8117],7860,0,men,Featherweight,A: top-240 WITHOUT is_southpaw~null,0.631578947368421,True
2,[7618-8117],7861,0,men,Featherweight,A: top-240 WITHOUT is_southpaw~null,0.631578947368421,True
2,[7618-8117],7862,1,men,Middleweight,A: top-240 WITHOUT is_southpaw~null,0.6949152542372882,True
2,[7618-8117],7863,0,men,Lightweight,A: top-240 WITHOUT is_southpaw~null,0.5,True
2,[7618-8117],7864,0,men,Featherweight,A: top-240 WITHOUT is_southpaw~null,0.6172839506172839,True
2,[7618-8117],7865,1,men,Bantamweight,A: top-240 WITHOUT is_southpaw~null,0.5,True
2,[7618-8117],7866,1,men,Lightweight,A: top-240 WITHOUT is_southpaw~null,0.7,True
2,[7618-8117],7867,1,women,Women's Strawweight,A: top-240 WITHOUT is_southpaw~null,0.425,False
2,[7618-8117],7868,0,men,Lightweight,A: top-240 WITHOUT is_southpaw~null,0.6172839506172839,True
2,[7618-8117],7869,0,women,Women's Bantamweight,A: top-240 WITHOUT is_southpaw~null,0.6949152542372882,False
2,[7618-8117],7870,1,men,Light Heavyweight,A: top-240 WITHOUT is_southpaw~null,0.38095238095238093,True
2,[7618-8117],7871,1,men,Light Heavyweight,A: top-240 WITHOUT is_southpaw~null,0.425,True
2,[7618-8117],7872,1,men,Middleweight,A: top-240 WITHOUT is_southpaw~null,0.999999,True
2,[7618-8117],7873,0,men,Lightweight,A: top-240 WITHOUT is_southpaw~null,1e-06,True
2,[7618-8117],7874,0,men,Lightweight,A: top-240 WITHOUT is_southpaw~null,0.38095238095238093,True
2,[7618-8117],7875,1,women,Women's Strawweight,A: top-240 WITHOUT is_southpaw~null,0.7,False
2,[7618-8117],7876,0,men,Featherweight,A: top-240 WITHOUT is_southpaw~null,0.425,True
2,[7618-8117],7877,0,men,Lightweight,A: top-240 WITHOUT is_southpaw~null,0.5,True
2,[7618-8117],7878,1,women,Women's Flyweight,A: top-240 WITHOUT is_southpaw~null,0.6949152542372882,False
2,[7618-8117],7879,0,men,Lightweight,A: top-240 WITHOUT is_southpaw~null,0.648221202295302,True
2,[7618-8117],7880,0,women,Women's Strawweight,A: top-240 WITHOUT is_southpaw~null,0.425,False
2,[7618-8117],7881,1,men,Heavyweight,A: top-240 WITHOUT is_southpaw~null,0.5,True
2,[7618-8117],7882,1,men,Lightweight,A: top-240 WITHOUT is_southpaw~null,0.631578947368421,True
2,[7618-8117],7883,0,men,Bantamweight,A: top-240 WITHOUT is_southpaw~null,0.425,True
2,[7618-8117],7884,0,men,Featherweight,A: top-240 WITHOUT is_southpaw~null,0.7,True
2,[7618-8117],7885,0,men,Heavyweight,A: top-240 WITHOUT is_southpaw~null,0.631578947368421,True
2,[7618-8117],7886,0,women,Women's Flyweight,A: top-240 WITHOUT is_southpaw~null,0.631578947368421,False
2,[7618-8117],7887,0,men,Light Heavyweight,A: top-240 WITHOUT is_southpaw~null,0.9,True
2,[7618-8117],7888,0,men,Flyweight,A: top-240 WITHOUT is_southpaw~null,0.6172839506172839,True
2,[7618-8117],7889,0,men,Welterweight,A: top-240 WITHOUT is_southpaw~null,0.38095238095238093,True
2,[7618-8117],7890,0,men,Lightweight,A: top-240 WITHOUT is_southpaw~null,0.5,True
2,[7618-8117],7891,1,men,Lightweight,A: top-240 WITHOUT is_southpaw~null,0.6949152542372882,True
2,[7618-8117],7892,1,women,Women's Flyweight,A: top-240 WITHOUT is_southpaw~null,0.6172839506172839,False
2,[7618-8117],7893,1,men,Lightweight,A: top-240 WITHOUT is_southpaw~null,0.425,True
2,[7618-8117],7894,0,men,Lightweight,A: top-240 WITHOUT is_southpaw~null,0.5,True
2,[7618-8117],7895,0,women,Women's Strawweight,A: top-240 WITHOUT is_southpaw~null,0.38095238095238093,False
2,[7618-8117],7896,1,men,Flyweight,A: top-240 WITHOUT is_southpaw~null,0.6172839506172839,True
2,[7618-8117],7897,0,men,Middleweight,A: top-240 WITHOUT is_southpaw~null,0.23809523809523808,True
2,[7618-8117],7898,1,men,Middleweight,A: top-240 WITHOUT is_southpaw~null,0.6580623722440764,True
2,[7618-8117],7899,1,men,Light Heavyweight,A: top-240 WITHOUT is_southpaw~null,0.23809523809523808,True
2,[7618-8117],7900,1,men,Bantamweight,A: top-240 WITHOUT is_southpaw~null,0.38095238095238093,True
2,[7618-8117],7901,1,men,Flyweight,A: top-240 WITHOUT is_southpaw~null,0.425,True
2,[7618-8117],7902,0,men,Featherweight,A: top-240 WITHOUT is_southpaw~null,0.631578947368421,True
2,[7618-8117],7903,0,women,Women's Flyweight,A: top-240 WITHOUT is_southpaw~null,0.631578947368421,False
2,[7618-8117],7904,1,men,Flyweight,A: top-240 WITHOUT is_southpaw~null,0.5,True
2,[7618-8117],7905,0,men,Welterweight,A: top-240 WITHOUT is_southpaw~null,0.631578947368421,True
2,[7618-8117],7906,1,women,Women's Strawweight,A: top-240 WITHOUT is_southpaw~null,0.6172839506172839,False
2,[7618-8117],7907,1,men,Lightweight,A: top-240 WITHOUT is_southpaw~null,0.631578947368421,True
2,[7618-8117],7908,0,men,Lightweight,A: top-240 WITHOUT is_southpaw~null,0.631578947368421,True
2,[7618-8117],7909,0,men,Featherweight,A: top-240 WITHOUT is_southpaw~null,0.38095238095238093,True
2,[7618-8117],7910,1,men,Lightweight,A: top-240 WITHOUT is_southpaw~null,1e-06,True
2,[7618-8117],7911,0,men,Light Heavyweight,A: top-240 WITHOUT is_southpaw~null,0.425,True
2,[7618-8117],7912,1,men,Welterweight,A: top-240 WITHOUT is_southpaw~null,0.425,True
2,[7618-8117],7913,1,men,Heavyweight,A: top-240 WITHOUT is_southpaw~null,0.425,True
2,[7618-8117],7914,1,men,Heavyweight,A: top-240 WITHOUT is_southpaw~null,0.631578947368421,True
2,[7618-8117],7915,1,women,Women's Strawweight,A: top-240 WITHOUT is_southpaw~null,0.38095238095238093,False
2,[7618-8117],7916,1,men,Welterweight,A: top-240 WITHOUT is_southpaw~null,0.6949152542372882,True
2,[7618-8117],7917,1,men,Featherweight,A: top-240 WITHOUT is_southpaw~null,0.7,True
2,[7618-8117],7918,1,men,Featherweight,A: top-240 WITHOUT is_southpaw~null,0.631578947368421,True
2,[7618-8117],7919,1,women,Women's Flyweight,A: top-240 WITHOUT is_southpaw~null,0.5,False
2,[7618-8117],7920,0,women,Women's Strawweight,A: top-240 WITHOUT is_southpaw~null,0.425,False
2,[7618-8117],7921,1,men,Featherweight,A: top-240 WITHOUT is_southpaw~null,0.5,True
2,[7618-8117],7922,1,women,Women's Strawweight,A: top-240 WITHOUT is_southpaw~null,0.6172839506172839,False
2,[7618-8117],7923,1,men,Featherweight,A: top-240 WITHOUT is_southpaw~null,0.5,True
2,[7618-8117],7924,1,men,Bantamweight,A: top-240 WITHOUT is_southpaw~null,0.425,True
2,[7618-8117],7925,1,women,Women's Strawweight,A: top-240 WITHOUT is_southpaw~null,0.6172839506172839,False
2,[7618-8117],7926,1,men,Middleweight,A: top-240 WITHOUT is_southpaw~null,0.5,True
2,[7618-8117],7927,0,women,Women's Bantamweight,A: top-240 WITHOUT is_southpaw~null,0.5,False
2,[7618-8117],7928,1,men,Light Heavyweight,A: top-240 WITHOUT is_southpaw~null,0.6949152542372882,True
2,[7618-8117],7929,0,men,Lightweight,A: top-240 WITHOUT is_southpaw~null,0.5,True
2,[7618-8117],7930,0,women,Women's Strawweight,A: top-240 WITHOUT is_southpaw~null,0.6949152542372882,False
2,[7618-8117],7931,1,men,Bantamweight,A: top-240 WITHOUT is_southpaw~null,0.6172839506172839,True
2,[7618-8117],7932,1,men,Welterweight,A: top-240 WITHOUT is_southpaw~null,0.6172839506172839,True
2,[7618-8117],7933,1,men,Welterweight,A: top-240 WITHOUT is_southpaw~null,0.6172839506172839,True
2,[7618-8117],7934,0,men,Featherweight,A: top-240 WITHOUT is_southpaw~null,0.2213964729554928,True
2,[7618-8117],7935,0,women,Women's Strawweight,A: top-240 WITHOUT is_southpaw~null,0.7,False
2,[7618-8117],7936,1,men,Lightweight,A: top-240 WITHOUT is_southpaw~null,0.5,True
2,[7618-8117],7937,0,men,Flyweight,A: top-240 WITHOUT is_southpaw~null,0.9,True
2,[7618-8117],7938,1,men,Bantamweight,A: top-240 WITHOUT is_southpaw~null,0.6172839506172839,True
2,[7618-8117],7939,0,men,Flyweight,A: top-240 WITHOUT is_southpaw~null,0.631578947368421,True
2,[7618-8117],7940,0,men,Bantamweight,A: top-240 WITHOUT is_southpaw~null,0.5,True
2,[7618-8117],7941,1,women,Women's Flyweight,A: top-240 WITHOUT is_southpaw~null,0.631578947368421,False
2,[7618-8117],7942,1,men,Flyweight,A: top-240 WITHOUT is_southpaw~null,0.6172839506172839,True
2,[7618-8117],7943,1,men,Bantamweight,A: top-240 WITHOUT is_southpaw~null,0.5,True
2,[7618-8117],7944,1,men,Bantamweight,A: top-240 WITHOUT is_southpaw~null,0.631578947368421,True
2,[7618-8117],7945,1,men,Lightweight,A: top-240 WITHOUT is_southpaw~null,0.6172839506172839,True
2,[7618-8117],7946,1,women,Women's Bantamweight,A: top-240 WITHOUT is_southpaw~null,0.6949152542372882,False
2,[7618-8117],7947,0,men,Welterweight,A: top-240 WITHOUT is_southpaw~null,0.425,True
2,[7618-8117],7948,0,men,Welterweight,A: top-240 WITHOUT is_southpaw~null,0.425,True
2,[7618-8117],7949,0,men,Flyweight,A: top-240 WITHOUT is_southpaw~null,0.5,True
2,[7618-8117],7950,1,men,Heavyweight,A: top-240 WITHOUT is_southpaw~null,0.9,True
2,[7618-8117],7951,1,men,Welterweight,A: top-240 WITHOUT is_southpaw~null,0.425,True
2,[7618-8117],7952,1,men,Welterweight,A: top-240 WITHOUT is_southpaw~null,0.631578947368421,True
2,[7618-8117],7953,1,men,Middleweight,A: top-240 WITHOUT is_southpaw~null,0.5,True
2,[7618-8117],7954,1,men,Middleweight,A: top-240 WITHOUT is_southpaw~null,0.631578947368421,True
2,[7618-8117],7955,1,men,Lightweight,A: top-240 WITHOUT is_southpaw~null,0.999999,True
2,[7618-8117],7956,0,men,Middleweight,A: top-240 WITHOUT is_southpaw~null,0.425,True
2,[7618-8117],7957,0,men,Bantamweight,A: top-240 WITHOUT is_southpaw~null,0.38095238095238093,True
2,[7618-8117],7958,0,women,Women's Strawweight,A: top-240 WITHOUT is_southpaw~null,0.7481577087560237,False
2,[7618-8117],7959,0,men,Bantamweight,A: top-240 WITHOUT is_southpaw~null,0.6172839506172839,True
2,[7618-8117],7960,0,women,Women's Flyweight,A: top-240 WITHOUT is_southpaw~null,0.42857142857142855,False
2,[7618-8117],7961,1,men,Bantamweight,A: top-240 WITHOUT is_southpaw~null,0.5,True
2,[7618-8117],7962,0,men,Welterweight,A: top-240 WITHOUT is_southpaw~null,0.5,True
2,[7618-8117],7963,0,men,Middleweight,A: top-240 WITHOUT is_southpaw~null,0.6172839506172839,True
2,[7618-8117],7964,0,men,Welterweight,A: top-240 WITHOUT is_southpaw~null,0.6949152542372882,True
2,[7618-8117],7965,1,men,Middleweight,A: top-240 WITHOUT is_southpaw~null,0.7,True
2,[7618-8117],7966,1,men,Bantamweight,A: top-240 WITHOUT is_southpaw~null,0.6949152542372882,True
2,[7618-8117],7967,1,men,Light Heavyweight,A: top-240 WITHOUT is_southpaw~null,0.5,True
2,[7618-8117],7968,0,men,Middleweight,A: top-240 WITHOUT is_southpaw~null,0.23809523809523808,True
2,[7618-8117],7969,0,women,Women's Strawweight,A: top-240 WITHOUT is_southpaw~null,0.5,False
2,[7618-8117],7970,0,men,Lightweight,A: top-240 WITHOUT is_southpaw~null,0.425,True
2,[7618-8117],7971,1,women,Women's Strawweight,A: top-240 WITHOUT is_southpaw~null,0.9,False
2,[7618-8117],7972,0,men,Flyweight,A: top-240 WITHOUT is_southpaw~null,0.38095238095238093,True
2,[7618-8117],7973,1,men,Featherweight,A: top-240 WITHOUT is_southpaw~null,0.6172839506172839,True
2,[7618-8117],7974,0,men,Featherweight,A: top-240 WITHOUT is_southpaw~null,0.9,True
2,[7618-8117],7975,0,men,Welterweight,A: top-240 WITHOUT is_southpaw~null,0.5,True
2,[7618-8117],7976,0,women,Women's Flyweight,A: top-240 WITHOUT is_southpaw~null,0.6172839506172839,False
2,[7618-8117],7977,1,men,Bantamweight,A: top-240 WITHOUT is_southpaw~null,0.6172839506172839,True
2,[7618-8117],7978,0,men,Featherweight,A: top-240 WITHOUT is_southpaw~null,0.7,True
2,[7618-8117],7979,0,men,Bantamweight,A: top-240 WITHOUT is_southpaw~null,0.23809523809523808,True
2,[7618-8117],7980,0,men,Flyweight,A: top-240 WITHOUT is_southpaw~null,0.23809523809523808,True
2,[7618-8117],7981,1,men,Flyweight,A: top-240 WITHOUT is_southpaw~null,0.9,True
2,[7618-8117],7982,0,men,Bantamweight,A: top-240 WITHOUT is_southpaw~null,0.5,True
2,[7618-8117],7983,1,men,Light Heavyweight,A: top-240 WITHOUT is_southpaw~null,0.631578947368421,True
2,[7618-8117],7984,0,men,Bantamweight,A: top-240 WITHOUT is_southpaw~null,0.6172839506172839,True
2,[7618-8117],7985,1,men,Welterweight,A: top-240 WITHOUT is_southpaw~null,0.9,True
2,[7618-8117],7986,0,men,Featherweight,A: top-240 WITHOUT is_southpaw~null,0.7,True
2,[7618-8117],7987,1,men,Lightweight,A: top-240 WITHOUT is_southpaw~null,0.631578947368421,True
2,[7618-8117],7988,0,men,Light Heavyweight,A: top-240 WITHOUT is_southpaw~null,0.6172839506172839,True
2,[7618-8117],7989,1,men,Middleweight,A: top-240 WITHOUT is_southpaw~null,0.631578947368421,True
2,[7618-8117],7990,1,men,Middleweight,A: top-240 WITHOUT is_southpaw~null,0.631578947368421,True
2,[7618-8117],7991,0,men,Heavyweight,A: top-240 WITHOUT is_southpaw~null,0.631578947368421,True
2,[7618-8117],7992,1,men,Middleweight,A: top-240 WITHOUT is_southpaw~null,0.425,True
2,[7618-8117],7993,0,men,Bantamweight,A: top-240 WITHOUT is_southpaw~null,0.5,True
2,[7618-8117],7994,1,men,Flyweight,A: top-240 WITHOUT is_southpaw~null,0.999999,True
2,[7618-8117],7995,0,men,Heavyweight,A: top-240 WITHOUT is_southpaw~null,0.38095238095238093,True
2,[7618-8117],7996,0,women,Women's Strawweight,A: top-240 WITHOUT is_southpaw~null,0.38095238095238093,False
2,[7618-8117],7997,1,men,Bantamweight,A: top-240 WITHOUT is_southpaw~null,0.9,True
2,[7618-8117],7998,0,men,Featherweight,A: top-240 WITHOUT is_southpaw~null,0.425,True
2,[7618-8117],7999,1,men,Light Heavyweight,A: top-240 WITHOUT is_southpaw~null,0.42857142857142855,True
2,[7618-8117],8000,1,men,Middleweight,A: top-240 WITHOUT is_southpaw~null,0.9,True
2,[7618-8117],8001,1,men,Welterweight,A: top-240 WITHOUT is_southpaw~null,0.9,True
2,[7618-8117],8002,0,women,Women's Bantamweight,A: top-240 WITHOUT is_southpaw~null,0.425,False
2,[7618-8117],8003,0,men,Light Heavyweight,A: top-240 WITHOUT is_southpaw~null,0.425,True
2,[7618-8117],8004,0,men,Catch Weight,A: top-240 WITHOUT is_southpaw~null,0.6172839506172839,True
2,[7618-8117],8005,0,men,Featherweight,A: top-240 WITHOUT is_southpaw~null,0.425,True
2,[7618-8117],8006,1,men,Bantamweight,A: top-240 WITHOUT is_southpaw~null,0.6949152542372882,True
2,[7618-8117],8007,1,men,Welterweight,A: top-240 WITHOUT is_southpaw~null,0.6172839506172839,True
2,[7618-8117],8008,0,men,Middleweight,A: top-240 WITHOUT is_southpaw~null,0.5,True
2,[7618-8117],8009,1,women,Women's Flyweight,A: top-240 WITHOUT is_southpaw~null,0.6949152542372882,False
2,[7618-8117],8010,0,men,Flyweight,A: top-240 WITHOUT is_southpaw~null,0.6949152542372882,True
2,[7618-8117],8011,1,women,Women's Flyweight,A: top-240 WITHOUT is_southpaw~null,0.6172839506172839,False
2,[7618-8117],8012,1,men,Welterweight,A: top-240 WITHOUT is_southpaw~null,0.6949152542372882,True
2,[7618-8117],8013,0,men,Lightweight,A: top-240 WITHOUT is_southpaw~null,1e-06,True
2,[7618-8117],8014,0,men,Welterweight,A: top-240 WITHOUT is_southpaw~null,0.631578947368421,True
2,[7618-8117],8015,1,women,Women's Flyweight,A: top-240 WITHOUT is_southpaw~null,0.6172839506172839,False
2,[7618-8117],8016,1,men,Featherweight,A: top-240 WITHOUT is_southpaw~null,0.10566346302398992,True
2,[7618-8117],8017,0,men,Heavyweight,A: top-240 WITHOUT is_southpaw~null,0.5,True
2,[7618-8117],8018,1,women,Women's Flyweight,A: top-240 WITHOUT is_southpaw~null,0.6172839506172839,False
2,[7618-8117],8019,0,men,Lightweight,A: top-240 WITHOUT is_southpaw~null,0.5,True
2,[7618-8117],8020,1,women,Women's Flyweight,A: top-240 WITHOUT is_southpaw~null,0.6949152542372882,False
2,[7618-8117],8021,0,men,Featherweight,A: top-240 WITHOUT is_southpaw~null,0.631578947368421,True
2,[7618-8117],8022,0,men,Bantamweight,A: top-240 WITHOUT is_southpaw~null,0.5,True
2,[7618-8117],8023,0,men,Flyweight,A: top-240 WITHOUT is_southpaw~null,0.5,True
2,[7618-8117],8024,1,men,Lightweight,A: top-240 WITHOUT is_southpaw~null,0.425,True
2,[7618-8117],8025,1,men,Featherweight,A: top-240 WITHOUT is_southpaw~null,0.631578947368421,True
2,[7618-8117],8026,0,women,Women's Strawweight,A: top-240 WITHOUT is_southpaw~null,0.5,False
2,[7618-8117],8027,1,men,Featherweight,A: top-240 WITHOUT is_southpaw~null,0.5,True
2,[7618-8117],8028,1,men,Flyweight,A: top-240 WITHOUT is_southpaw~null,0.7,True
2,[7618-8117],8029,1,women,Women's Strawweight,A: top-240 WITHOUT is_southpaw~null,0.6172839506172839,False
2,[7618-8117],8030,1,men,Heavyweight,A: top-240 WITHOUT is_southpaw~null,0.6949152542372882,True
2,[7618-8117],8031,1,men,Welterweight,A: top-240 WITHOUT is_southpaw~null,0.6949152542372882,True
2,[7618-8117],8032,1,men,Light Heavyweight,A: top-240 WITHOUT is_southpaw~null,0.6949152542372882,True
2,[7618-8117],8033,1,men,Welterweight,A: top-240 WITHOUT is_southpaw~null,0.631578947368421,True
2,[7618-8117],8034,1,men,Bantamweight,A: top-240 WITHOUT is_southpaw~null,0.42857142857142855,True
2,[7618-8117],8035,1,men,Heavyweight,A: top-240 WITHOUT is_southpaw~null,0.9,True
2,[7618-8117],8036,1,men,Featherweight,A: top-240 WITHOUT is_southpaw~null,0.9,True
2,[7618-8117],8037,1,men,Featherweight,A: top-240 WITHOUT is_southpaw~null,0.6172839506172839,True
2,[7618-8117],8038,0,men,Middleweight,A: top-240 WITHOUT is_southpaw~null,0.631578947368421,True
2,[7618-8117],8039,0,men,Lightweight,A: top-240 WITHOUT is_southpaw~null,0.425,True
2,[7618-8117],8040,0,men,Welterweight,A: top-240 WITHOUT is_southpaw~null,0.5,True
2,[7618-8117],8041,0,women,Women's Strawweight,A: top-240 WITHOUT is_southpaw~null,0.5,False
2,[7618-8117],8042,1,men,Lightweight,A: top-240 WITHOUT is_southpaw~null,0.5,True
2,[7618-8117],8043,0,women,Women's Strawweight,A: top-240 WITHOUT is_southpaw~null,0.9,False
2,[7618-8117],8044,0,men,Lightweight,A: top-240 WITHOUT is_southpaw~null,0.425,True
2,[7618-8117],8045,1,men,Middleweight,A: top-240 WITHOUT is_southpaw~null,0.9,True
2,[7618-8117],8046,1,men,Lightweight,A: top-240 WITHOUT is_southpaw~null,0.23809523809523808,True
2,[7618-8117],8047,1,men,Light Heavyweight,A: top-240 WITHOUT is_southpaw~null,0.631578947368421,True
2,[7618-8117],8048,1,men,Heavyweight,A: top-240 WITHOUT is_southpaw~null,0.631578947368421,True
2,[7618-8117],8049,1,women,Women's Strawweight,A: top-240 WITHOUT is_southpaw~null,0.425,False
2,[7618-8117],8050,1,men,Lightweight,A: top-240 WITHOUT is_southpaw~null,0.425,True
2,[7618-8117],8051,0,men,Welterweight,A: top-240 WITHOUT is_southpaw~null,0.425,True
2,[7618-8117],8052,0,men,Bantamweight,A: top-240 WITHOUT is_southpaw~null,0.5,True
2,[7618-8117],8053,1,men,Middleweight,A: top-240 WITHOUT is_southpaw~null,0.5,True
2,[7618-8117],8054,0,men,Bantamweight,A: top-240 WITHOUT is_southpaw~null,0.38095238095238093,True
2,[7618-8117],8055,1,women,Women's Strawweight,A: top-240 WITHOUT is_southpaw~null,0.631578947368421,False
2,[7618-8117],8056,1,men,Featherweight,A: top-240 WITHOUT is_southpaw~null,0.7,True
2,[7618-8117],8057,1,men,Heavyweight,A: top-240 WITHOUT is_southpaw~null,0.425,True
2,[7618-8117],8058,1,women,Women's Bantamweight,A: top-240 WITHOUT is_southpaw~null,0.6949152542372882,False
2,[7618-8117],8059,1,men,Bantamweight,A: top-240 WITHOUT is_southpaw~null,0.6172839506172839,True
2,[7618-8117],8060,1,men,Welterweight,A: top-240 WITHOUT is_southpaw~null,0.7,True
2,[7618-8117],8061,1,men,Bantamweight,A: top-240 WITHOUT is_southpaw~null,0.6949152542372882,True
2,[7618-8117],8062,0,men,Featherweight,A: top-240 WITHOUT is_southpaw~null,0.425,True
2,[7618-8117],8063,0,men,Heavyweight,A: top-240 WITHOUT is_southpaw~null,0.5,True
2,[7618-8117],8064,1,women,Women's Bantamweight,A: top-240 WITHOUT is_southpaw~null,0.5,False
2,[7618-8117],8065,1,men,Flyweight,A: top-240 WITHOUT is_southpaw~null,0.5,True
2,[7618-8117],8066,1,men,Featherweight,A: top-240 WITHOUT is_southpaw~null,0.6172839506172839,True
2,[7618-8117],8067,0,men,Welterweight,A: top-240 WITHOUT is_southpaw~null,0.631578947368421,True
2,[7618-8117],8068,1,men,Middleweight,A: top-240 WITHOUT is_southpaw~null,0.6172839506172839,True
2,[7618-8117],8069,0,men,Light Heavyweight,A: top-240 WITHOUT is_southpaw~null,0.631578947368421,True
2,[7618-8117],8070,1,men,Middleweight,A: top-240 WITHOUT is_southpaw~null,0.6949152542372882,True
2,[7618-8117],8071,1,men,Flyweight,A: top-240 WITHOUT is_southpaw~null,0.425,True
2,[7618-8117],8072,0,men,Lightweight,A: top-240 WITHOUT is_southpaw~null,0.6949152542372882,True
2,[7618-8117],8073,0,men,Heavyweight,A: top-240 WITHOUT is_southpaw~null,0.5,True
2,[7618-8117],8074,0,men,Welterweight,A: top-240 WITHOUT is_southpaw~null,0.38095238095238093,True
2,[7618-8117],8075,0,men,Heavyweight,A: top-240 WITHOUT is_southpaw~null,0.6172839506172839,True
2,[7618-8117],8076,0,men,Featherweight,A: top-240 WITHOUT is_southpaw~null,0.5,True
2,[7618-8117],8077,1,women,Women's Flyweight,A: top-240 WITHOUT is_southpaw~null,0.425,False
2,[7618-8117],8078,1,men,Featherweight,A: top-240 WITHOUT is_southpaw~null,0.7,True
2,[7618-8117],8079,1,men,Lightweight,A: top-240 WITHOUT is_southpaw~null,0.9,True
2,[7618-8117],8080,1,men,Welterweight,A: top-240 WITHOUT is_southpaw~null,0.6172839506172839,True
2,[7618-8117],8081,0,men,Flyweight,A: top-240 WITHOUT is_southpaw~null,0.5,True
2,[7618-8117],8082,0,men,Middleweight,A: top-240 WITHOUT is_southpaw~null,0.5,True
2,[7618-8117],8083,1,men,Bantamweight,A: top-240 WITHOUT is_southpaw~null,0.5,True
2,[7618-8117],8084,0,men,Bantamweight,A: top-240 WITHOUT is_southpaw~null,0.5,True
2,[7618-8117],8085,1,men,Welterweight,A: top-240 WITHOUT is_southpaw~null,0.5,True
2,[7618-8117],8086,1,men,Heavyweight,A: top-240 WITHOUT is_southpaw~null,0.6949152542372882,True
2,[7618-8117],8087,0,women,Women's Flyweight,A: top-240 WITHOUT is_southpaw~null,0.631578947368421,False
2,[7618-8117],8088,1,men,Flyweight,A: top-240 WITHOUT is_southpaw~null,0.5,True
2,[7618-8117],8089,0,men,Bantamweight,A: top-240 WITHOUT is_southpaw~null,0.6949152542372882,True
2,[7618-8117],8090,0,men,Bantamweight,A: top-240 WITHOUT is_southpaw~null,0.425,True
2,[7618-8117],8091,1,men,Flyweight,A: top-240 WITHOUT is_southpaw~null,0.6172839506172839,True
2,[7618-8117],8092,1,women,Women's Strawweight,A: top-240 WITHOUT is_southpaw~null,0.9,False
2,[7618-8117],8093,1,men,Featherweight,A: top-240 WITHOUT is_southpaw~null,0.5,True
2,[7618-8117],8094,0,women,Women's Strawweight,A: top-240 WITHOUT is_southpaw~null,0.6949152542372882,False
2,[7618-8117],8095,1,men,Featherweight,A: top-240 WITHOUT is_southpaw~null,0.6172839506172839,True
2,[7618-8117],8096,0,men,Welterweight,A: top-240 WITHOUT is_southpaw~null,0.42857142857142855,True
2,[7618-8117],8097,0,men,Lightweight,A: top-240 WITHOUT is_southpaw~null,0.425,True
2,[7618-8117],8098,1,women,Women's Bantamweight,A: top-240 WITHOUT is_southpaw~null,0.7,False
2,[7618-8117],8099,1,men,Lightweight,A: top-240 WITHOUT is_southpaw~null,0.38095238095238093,True
2,[7618-8117],8100,1,women,Women's Flyweight,A: top-240 WITHOUT is_southpaw~null,0.9,False
2,[7618-8117],8101,0,men,Middleweight,A: top-240 WITHOUT is_southpaw~null,0.631578947368421,True
2,[7618-8117],8102,1,men,Middleweight,A: top-240 WITHOUT is_southpaw~null,0.631578947368421,True
2,[7618-8117],8103,0,men,Featherweight,A: top-240 WITHOUT is_southpaw~null,0.425,True
2,[7618-8117],8104,0,men,Middleweight,A: top-240 WITHOUT is_southpaw~null,0.631578947368421,True
2,[7618-8117],8105,0,women,Women's Strawweight,A: top-240 WITHOUT is_southpaw~null,0.38095238095238093,False
2,[7618-8117],8106,0,men,Middleweight,A: top-240 WITHOUT is_southpaw~null,0.23809523809523808,True
2,[7618-8117],8107,0,men,Welterweight,A: top-240 WITHOUT is_southpaw~null,0.23809523809523808,True
2,[7618-8117],8108,1,men,Middleweight,A: top-240 WITHOUT is_southpaw~null,0.631578947368421,True
2,[7618-8117],8109,1,men,Featherweight,A: top-240 WITHOUT is_southpaw~null,0.425,True
2,[7618-8117],8110,1,men,Middleweight,A: top-240 WITHOUT is_southpaw~null,0.631578947368421,True
2,[7618-8117],8111,1,men,Bantamweight,A: top-240 WITHOUT is_southpaw~null,0.5,True
2,[7618-8117],8112,0,men,Flyweight,A: top-240 WITHOUT is_southpaw~null,0.5,True
2,[7618-8117],8113,0,men,Lightweight,A: top-240 WITHOUT is_southpaw~null,0.5,True
2,[7618-8117],8114,1,women,Women's Flyweight,A: top-240 WITHOUT is_southpaw~null,0.6172839506172839,False
2,[7618-8117],8115,1,men,Welterweight,A: top-240 WITHOUT is_southpaw~null,0.5,True
2,[7618-8117],8116,0,men,Middleweight,A: top-240 WITHOUT is_southpaw~null,0.5,True
2,[7618-8117],8117,1,men,Featherweight,A: top-240 WITHOUT is_southpaw~null,0.631578947368421,True
3,[8118-8617],8118,0,men,Flyweight,A: top-240 WITHOUT is_southpaw,0.4779874213836478,True
3,[8118-8617],8119,0,men,Featherweight,A: top-240 WITHOUT is_southpaw,0.4779874213836478,True
3,[8118-8617],8120,1,men,Middleweight,A: top-240 WITHOUT is_southpaw,0.6305732484076433,True
3,[8118-8617],8121,1,women,Women's Strawweight,A: top-240 WITHOUT is_southpaw,0.9166666666666666,False
3,[8118-8617],8122,0,men,Featherweight,A: top-240 WITHOUT is_southpaw,0.8181818181818182,True
3,[8118-8617],8123,1,men,Featherweight,A: top-240 WITHOUT is_southpaw,0.9166666666666666,True
3,[8118-8617],8124,0,men,Welterweight,A: top-240 WITHOUT is_southpaw,0.32142857142857145,True
3,[8118-8617],8125,0,men,Lightweight,A: top-240 WITHOUT is_southpaw,0.4779874213836478,True
3,[8118-8617],8126,0,men,Bantamweight,A: top-240 WITHOUT is_southpaw,0.47368421052631576,True
3,[8118-8617],8127,1,men,Featherweight,A: top-240 WITHOUT is_southpaw,0.5396825396825397,True
3,[8118-8617],8128,0,women,Women's Flyweight,A: top-240 WITHOUT is_southpaw,0.32142857142857145,False
3,[8118-8617],8129,0,men,Lightweight,A: top-240 WITHOUT is_southpaw,0.4779874213836478,True
3,[8118-8617],8130,1,men,Light Heavyweight,A: top-240 WITHOUT is_southpaw,0.6739130434782609,True
3,[8118-8617],8131,0,men,Middleweight,A: top-240 WITHOUT is_southpaw,0.6305732484076433,True
3,[8118-8617],8132,1,men,Bantamweight,A: top-240 WITHOUT is_southpaw,0.5396825396825397,True
3,[8118-8617],8133,0,women,Women's Flyweight,A: top-240 WITHOUT is_southpaw,0.4779874213836478,False
3,[8118-8617],8134,1,men,Bantamweight,A: top-240 WITHOUT is_southpaw,0.6739130434782609,True
3,[8118-8617],8135,0,women,Women's Strawweight,A: top-240 WITHOUT is_southpaw,0.4779874213836478,False
3,[8118-8617],8136,0,men,Lightweight,A: top-240 WITHOUT is_southpaw,0.4779874213836478,True
3,[8118-8617],8137,0,women,Women's Bantamweight,A: top-240 WITHOUT is_southpaw,0.3235294117647059,False
3,[8118-8617],8138,0,men,Flyweight,A: top-240 WITHOUT is_southpaw,0.4779874213836478,True
3,[8118-8617],8139,0,men,Lightweight,A: top-240 WITHOUT is_southpaw,0.6305732484076433,True
3,[8118-8617],8140,0,men,Featherweight,A: top-240 WITHOUT is_southpaw,0.4779874213836478,True
3,[8118-8617],8141,0,women,Women's Flyweight,A: top-240 WITHOUT is_southpaw,0.4779874213836478,False
3,[8118-8617],8142,0,men,Bantamweight,A: top-240 WITHOUT is_southpaw,0.5396825396825397,True
3,[8118-8617],8143,1,men,Flyweight,A: top-240 WITHOUT is_southpaw,0.6305732484076433,True
3,[8118-8617],8144,0,men,Bantamweight,A: top-240 WITHOUT is_southpaw,0.47368421052631576,True
3,[8118-8617],8145,1,men,Heavyweight,A: top-240 WITHOUT is_southpaw,0.6739130434782609,True
3,[8118-8617],8146,0,men,Welterweight,A: top-240 WITHOUT is_southpaw,0.6305732484076433,True
3,[8118-8617],8147,1,men,Middleweight,A: top-240 WITHOUT is_southpaw,0.6305732484076433,True
3,[8118-8617],8148,1,men,Lightweight,A: top-240 WITHOUT is_southpaw,0.5396825396825397,True
3,[8118-8617],8149,1,women,Women's Strawweight,A: top-240 WITHOUT is_southpaw,0.5396825396825397,False
3,[8118-8617],8150,1,men,Featherweight,A: top-240 WITHOUT is_southpaw,0.6305732484076433,True
3,[8118-8617],8151,0,men,Heavyweight,A: top-240 WITHOUT is_southpaw,0.5396825396825397,True
3,[8118-8617],8152,1,men,Welterweight,A: top-240 WITHOUT is_southpaw,0.6305732484076433,True
3,[8118-8617],8153,1,men,Light Heavyweight,A: top-240 WITHOUT is_southpaw,0.6305732484076433,True
3,[8118-8617],8154,1,men,Lightweight,A: top-240 WITHOUT is_southpaw,0.6739130434782609,True
3,[8118-8617],8155,0,men,Lightweight,A: top-240 WITHOUT is_southpaw,0.6305732484076433,True
3,[8118-8617],8156,0,women,Women's Bantamweight,A: top-240 WITHOUT is_southpaw,0.47368421052631576,False
3,[8118-8617],8157,1,men,Flyweight,A: top-240 WITHOUT is_southpaw,0.3235294117647059,True
3,[8118-8617],8158,1,women,Women's Bantamweight,A: top-240 WITHOUT is_southpaw,0.4779874213836478,False
3,[8118-8617],8159,1,men,Bantamweight,A: top-240 WITHOUT is_southpaw,0.6739130434782609,True
3,[8118-8617],8160,1,men,Light Heavyweight,A: top-240 WITHOUT is_southpaw,0.6739130434782609,True
3,[8118-8617],8161,1,men,Light Heavyweight,A: top-240 WITHOUT is_southpaw,0.6305732484076433,True
3,[8118-8617],8162,1,men,Lightweight,A: top-240 WITHOUT is_southpaw,0.8181818181818182,True
3,[8118-8617],8163,1,men,Featherweight,A: top-240 WITHOUT is_southpaw,0.8181818181818182,True
3,[8118-8617],8164,0,men,Welterweight,A: top-240 WITHOUT is_southpaw,0.4779874213836478,True
3,[8118-8617],8165,1,men,Featherweight,A: top-240 WITHOUT is_southpaw,0.6305732484076433,True
3,[8118-8617],8166,1,men,Middleweight,A: top-240 WITHOUT is_southpaw,0.5396825396825397,True
3,[8118-8617],8167,1,men,Lightweight,A: top-240 WITHOUT is_southpaw,0.3235294117647059,True
3,[8118-8617],8168,1,men,Welterweight,A: top-240 WITHOUT is_southpaw,0.6305732484076433,True
3,[8118-8617],8169,1,men,Middleweight,A: top-240 WITHOUT is_southpaw,0.6305732484076433,True
3,[8118-8617],8170,1,men,Bantamweight,A: top-240 WITHOUT is_southpaw,0.4779874213836478,True
3,[8118-8617],8171,1,men,Featherweight,A: top-240 WITHOUT is_southpaw,0.4779874213836478,True
3,[8118-8617],8172,1,men,Light Heavyweight,A: top-240 WITHOUT is_southpaw,0.6305732484076433,True
3,[8118-8617],8173,1,men,Welterweight,A: top-240 WITHOUT is_southpaw,0.4779874213836478,True
3,[8118-8617],8174,0,women,Women's Strawweight,A: top-240 WITHOUT is_southpaw,0.4779874213836478,False
3,[8118-8617],8175,1,men,Light Heavyweight,A: top-240 WITHOUT is_southpaw,0.6739130434782609,True
3,[8118-8617],8176,1,men,Middleweight,A: top-240 WITHOUT is_southpaw,0.4779874213836478,True
3,[8118-8617],8177,0,men,Lightweight,A: top-240 WITHOUT is_southpaw,0.4779874213836478,True
3,[8118-8617],8178,0,women,Women's Strawweight,A: top-240 WITHOUT is_southpaw,0.3235294117647059,False
3,[8118-8617],8179,0,men,Welterweight,A: top-240 WITHOUT is_southpaw,0.32142857142857145,True
3,[8118-8617],8180,0,women,Women's Bantamweight,A: top-240 WITHOUT is_southpaw,0.3235294117647059,False
3,[8118-8617],8181,1,men,Middleweight,A: top-240 WITHOUT is_southpaw,0.4779874213836478,True
3,[8118-8617],8182,0,men,Bantamweight,A: top-240 WITHOUT is_southpaw,0.3235294117647059,True
3,[8118-8617],8183,0,women,Women's Bantamweight,A: top-240 WITHOUT is_southpaw,0.4779874213836478,False
3,[8118-8617],8184,1,men,Light Heavyweight,A: top-240 WITHOUT is_southpaw,0.8181818181818182,True
3,[8118-8617],8185,0,men,Light Heavyweight,A: top-240 WITHOUT is_southpaw,0.6305732484076433,True
3,[8118-8617],8186,1,men,Lightweight,A: top-240 WITHOUT is_southpaw,0.4779874213836478,True
3,[8118-8617],8187,0,men,Heavyweight,A: top-240 WITHOUT is_southpaw,0.6305732484076433,True
3,[8118-8617],8188,0,men,Welterweight,A: top-240 WITHOUT is_southpaw,0.4779874213836478,True
3,[8118-8617],8189,1,men,Flyweight,A: top-240 WITHOUT is_southpaw,0.5396825396825397,True
3,[8118-8617],8190,0,men,Bantamweight,A: top-240 WITHOUT is_southpaw,0.4444444444444444,True
3,[8118-8617],8191,1,women,Women's Strawweight,A: top-240 WITHOUT is_southpaw,0.4779874213836478,False
3,[8118-8617],8192,1,men,Flyweight,A: top-240 WITHOUT is_southpaw,0.8181818181818182,True
3,[8118-8617],8193,1,men,Heavyweight,A: top-240 WITHOUT is_southpaw,0.6305732484076433,True
3,[8118-8617],8194,1,men,Welterweight,A: top-240 WITHOUT is_southpaw,0.6739130434782609,True
3,[8118-8617],8195,0,men,Featherweight,A: top-240 WITHOUT is_southpaw,0.8181818181818182,True
3,[8118-8617],8196,1,men,Welterweight,A: top-240 WITHOUT is_southpaw,0.4779874213836478,True
3,[8118-8617],8197,1,men,Welterweight,A: top-240 WITHOUT is_southpaw,0.4779874213836478,True
3,[8118-8617],8198,1,men,Lightweight,A: top-240 WITHOUT is_southpaw,0.4779874213836478,True
3,[8118-8617],8199,0,men,Middleweight,A: top-240 WITHOUT is_southpaw,0.32142857142857145,True
3,[8118-8617],8200,1,men,Flyweight,A: top-240 WITHOUT is_southpaw,0.3235294117647059,True
3,[8118-8617],8201,0,men,Flyweight,A: top-240 WITHOUT is_southpaw,0.4779874213836478,True
3,[8118-8617],8202,1,men,Middleweight,A: top-240 WITHOUT is_southpaw,0.5396825396825397,True
3,[8118-8617],8203,1,men,Flyweight,A: top-240 WITHOUT is_southpaw,0.4779874213836478,True
3,[8118-8617],8204,0,men,Featherweight,A: top-240 WITHOUT is_southpaw,0.4779874213836478,True
3,[8118-8617],8205,1,women,Women's Strawweight,A: top-240 WITHOUT is_southpaw,0.6305732484076433,False
3,[8118-8617],8206,0,men,Welterweight,A: top-240 WITHOUT is_southpaw,0.4779874213836478,True
3,[8118-8617],8207,1,men,Heavyweight,A: top-240 WITHOUT is_southpaw,0.625,True
3,[8118-8617],8208,1,women,Women's Strawweight,A: top-240 WITHOUT is_southpaw,0.6305732484076433,False
3,[8118-8617],8209,0,women,Women's Strawweight,A: top-240 WITHOUT is_southpaw,0.3235294117647059,False
3,[8118-8617],8210,1,women,Women's Bantamweight,A: top-240 WITHOUT is_southpaw,0.5396825396825397,False
3,[8118-8617],8211,0,men,Bantamweight,A: top-240 WITHOUT is_southpaw,0.4779874213836478,True
3,[8118-8617],8212,0,men,Bantamweight,A: top-240 WITHOUT is_southpaw,0.6305732484076433,True
3,[8118-8617],8213,1,men,Featherweight,A: top-240 WITHOUT is_southpaw,0.5396825396825397,True
3,[8118-8617],8214,1,men,Flyweight,A: top-240 WITHOUT is_southpaw,0.4779874213836478,True
3,[8118-8617],8215,1,men,Bantamweight,A: top-240 WITHOUT is_southpaw,0.3235294117647059,True
3,[8118-8617],8216,1,men,Middleweight,A: top-240 WITHOUT is_southpaw,0.5396825396825397,True
3,[8118-8617],8217,0,men,Flyweight,A: top-240 WITHOUT is_southpaw,0.32142857142857145,True
3,[8118-8617],8218,1,men,Catch Weight,A: top-240 WITHOUT is_southpaw,0.32688739297125086,True
3,[8118-8617],8219,1,men,Middleweight,A: top-240 WITHOUT is_southpaw,0.6739130434782609,True
3,[8118-8617],8220,1,men,Welterweight,A: top-240 WITHOUT is_southpaw,0.680662430940205,True
3,[8118-8617],8221,1,men,Heavyweight,A: top-240 WITHOUT is_southpaw,0.8181818181818182,True
3,[8118-8617],8222,1,men,Middleweight,A: top-240 WITHOUT is_southpaw,0.4779874213836478,True
3,[8118-8617],8223,1,men,Welterweight,A: top-240 WITHOUT is_southpaw,0.6305732484076433,True
3,[8118-8617],8224,1,men,Featherweight,A: top-240 WITHOUT is_southpaw,0.8181818181818182,True
3,[8118-8617],8225,1,men,Middleweight,A: top-240 WITHOUT is_southpaw,0.6305732484076433,True
3,[8118-8617],8226,1,men,Featherweight,A: top-240 WITHOUT is_southpaw,0.6305732484076433,True
3,[8118-8617],8227,1,men,Light Heavyweight,A: top-240 WITHOUT is_southpaw,0.6739130434782609,True
3,[8118-8617],8228,0,men,Middleweight,A: top-240 WITHOUT is_southpaw,0.3235294117647059,True
3,[8118-8617],8229,1,men,Featherweight,A: top-240 WITHOUT is_southpaw,0.4779874213836478,True
3,[8118-8617],8230,1,men,Light Heavyweight,A: top-240 WITHOUT is_southpaw,0.8181818181818182,True
3,[8118-8617],8231,1,women,Women's Flyweight,A: top-240 WITHOUT is_southpaw,0.4779874213836478,False
3,[8118-8617],8232,1,men,Bantamweight,A: top-240 WITHOUT is_southpaw,0.4779874213836478,True
3,[8118-8617],8233,1,men,Heavyweight,A: top-240 WITHOUT is_southpaw,0.6739130434782609,True
3,[8118-8617],8234,0,men,Featherweight,A: top-240 WITHOUT is_southpaw,0.4779874213836478,True
3,[8118-8617],8235,1,men,Bantamweight,A: top-240 WITHOUT is_southpaw,0.6305732484076433,True
3,[8118-8617],8236,1,men,Bantamweight,A: top-240 WITHOUT is_southpaw,0.5396825396825397,True
3,[8118-8617],8237,0,men,Bantamweight,A: top-240 WITHOUT is_southpaw,0.4779874213836478,True
3,[8118-8617],8238,0,men,Middleweight,A: top-240 WITHOUT is_southpaw,0.47368421052631576,True
3,[8118-8617],8239,0,women,Women's Flyweight,A: top-240 WITHOUT is_southpaw,0.6305732484076433,False
3,[8118-8617],8240,0,men,Light Heavyweight,A: top-240 WITHOUT is_southpaw,0.6305732484076433,True
3,[8118-8617],8241,1,women,Women's Flyweight,A: top-240 WITHOUT is_southpaw,0.6305732484076433,False
3,[8118-8617],8242,1,men,Flyweight,A: top-240 WITHOUT is_southpaw,0.5396825396825397,True
3,[8118-8617],8243,1,men,Welterweight,A: top-240 WITHOUT is_southpaw,0.6305732484076433,True
3,[8118-8617],8244,1,women,Women's Bantamweight,A: top-240 WITHOUT is_southpaw,0.4779874213836478,False
3,[8118-8617],8245,1,men,Middleweight,A: top-240 WITHOUT is_southpaw,0.6305732484076433,True
3,[8118-8617],8246,0,men,Bantamweight,A: top-240 WITHOUT is_southpaw,0.4779874213836478,True
3,[8118-8617],8247,0,men,Welterweight,A: top-240 WITHOUT is_southpaw,0.4779874213836478,True
3,[8118-8617],8248,1,men,Welterweight,A: top-240 WITHOUT is_southpaw,0.625,True
3,[8118-8617],8249,1,men,Middleweight,A: top-240 WITHOUT is_southpaw,0.6305732484076433,True
3,[8118-8617],8250,0,women,Women's Strawweight,A: top-240 WITHOUT is_southpaw,0.4779874213836478,False
3,[8118-8617],8251,1,men,Bantamweight,A: top-240 WITHOUT is_southpaw,0.4779874213836478,True
3,[8118-8617],8252,0,men,Middleweight,A: top-240 WITHOUT is_southpaw,0.4779874213836478,True
3,[8118-8617],8253,0,men,Welterweight,A: top-240 WITHOUT is_southpaw,0.4444444444444444,True
3,[8118-8617],8254,0,women,Women's Strawweight,A: top-240 WITHOUT is_southpaw,0.32142857142857145,False
3,[8118-8617],8255,1,men,Lightweight,A: top-240 WITHOUT is_southpaw,0.6305732484076433,True
3,[8118-8617],8256,0,women,Women's Flyweight,A: top-240 WITHOUT is_southpaw,0.4779874213836478,False
3,[8118-8617],8257,0,men,Welterweight,A: top-240 WITHOUT is_southpaw,0.3235294117647059,True
3,[8118-8617],8258,1,men,Heavyweight,A: top-240 WITHOUT is_southpaw,0.4779874213836478,True
3,[8118-8617],8259,1,men,Lightweight,A: top-240 WITHOUT is_southpaw,0.4444444444444444,True
3,[8118-8617],8260,0,men,Welterweight,A: top-240 WITHOUT is_southpaw,0.4779874213836478,True
3,[8118-8617],8261,1,men,Catch Weight,A: top-240 WITHOUT is_southpaw,0.6305732484076433,True
3,[8118-8617],8262,1,men,Heavyweight,A: top-240 WITHOUT is_southpaw,0.6739130434782609,True
3,[8118-8617],8263,1,men,Lightweight,A: top-240 WITHOUT is_southpaw,0.6305732484076433,True
3,[8118-8617],8264,0,men,Bantamweight,A: top-240 WITHOUT is_southpaw,0.4779874213836478,True
3,[8118-8617],8265,1,men,Middleweight,A: top-240 WITHOUT is_southpaw,0.999999,True
3,[8118-8617],8266,1,women,Women's Flyweight,A: top-240 WITHOUT is_southpaw,0.4779874213836478,False
3,[8118-8617],8267,0,men,Lightweight,A: top-240 WITHOUT is_southpaw,0.5396825396825397,True
3,[8118-8617],8268,1,men,Bantamweight,A: top-240 WITHOUT is_southpaw,0.6305732484076433,True
3,[8118-8617],8269,1,men,Flyweight,A: top-240 WITHOUT is_southpaw,0.6305732484076433,True
3,[8118-8617],8270,0,men,Flyweight,A: top-240 WITHOUT is_southpaw,0.8181818181818182,True
3,[8118-8617],8271,0,men,Flyweight,A: top-240 WITHOUT is_southpaw,0.4779874213836478,True
3,[8118-8617],8272,0,men,Bantamweight,A: top-240 WITHOUT is_southpaw,0.5396825396825397,True
3,[8118-8617],8273,1,women,Women's Strawweight,A: top-240 WITHOUT is_southpaw,0.3235294117647059,False
3,[8118-8617],8274,0,men,Light Heavyweight,A: top-240 WITHOUT is_southpaw,0.3235294117647059,True
3,[8118-8617],8275,0,women,Women's Flyweight,A: top-240 WITHOUT is_southpaw,0.8181818181818182,False
3,[8118-8617],8276,0,men,Welterweight,A: top-240 WITHOUT is_southpaw,0.4779874213836478,True
3,[8118-8617],8277,1,women,Women's Strawweight,A: top-240 WITHOUT is_southpaw,0.4779874213836478,False
3,[8118-8617],8278,1,men,Bantamweight,A: top-240 WITHOUT is_southpaw,0.6739130434782609,True
3,[8118-8617],8279,1,men,Light Heavyweight,A: top-240 WITHOUT is_southpaw,0.9166666666666666,True
3,[8118-8617],8280,0,men,Welterweight,A: top-240 WITHOUT is_southpaw,0.4779874213836478,True
3,[8118-8617],8281,1,men,Heavyweight,A: top-240 WITHOUT is_southpaw,0.4779874213836478,True
3,[8118-8617],8282,0,men,Lightweight,A: top-240 WITHOUT is_southpaw,0.32142857142857145,True
3,[8118-8617],8283,1,men,Welterweight,A: top-240 WITHOUT is_southpaw,0.4779874213836478,True
3,[8118-8617],8284,0,men,Flyweight,A: top-240 WITHOUT is_southpaw,0.4779874213836478,True
3,[8118-8617],8285,0,men,Catch Weight,A: top-240 WITHOUT is_southpaw,0.6305732484076433,True
3,[8118-8617],8286,1,men,Featherweight,A: top-240 WITHOUT is_southpaw,0.6305732484076433,True
3,[8118-8617],8287,1,men,Heavyweight,A: top-240 WITHOUT is_southpaw,0.8181818181818182,True
3,[8118-8617],8288,1,men,Light Heavyweight,A: top-240 WITHOUT is_southpaw,0.6305732484076433,True
3,[8118-8617],8289,0,men,Featherweight,A: top-240 WITHOUT is_southpaw,0.4779874213836478,True
3,[8118-8617],8290,1,men,Featherweight,A: top-240 WITHOUT is_southpaw,0.9166666666666666,True
3,[8118-8617],8291,1,men,Welterweight,A: top-240 WITHOUT is_southpaw,0.6305732484076433,True
3,[8118-8617],8292,1,men,Flyweight,A: top-240 WITHOUT is_southpaw,0.6305732484076433,True
3,[8118-8617],8293,1,men,Welterweight,A: top-240 WITHOUT is_southpaw,0.47368421052631576,True
3,[8118-8617],8294,1,men,Featherweight,A: top-240 WITHOUT is_southpaw,0.4779874213836478,True
3,[8118-8617],8295,0,women,Women's Strawweight,A: top-240 WITHOUT is_southpaw,0.8181818181818182,False
3,[8118-8617],8296,1,men,Bantamweight,A: top-240 WITHOUT is_southpaw,0.3235294117647059,True
3,[8118-8617],8297,1,women,Women's Flyweight,A: top-240 WITHOUT is_southpaw,0.9166666666666666,False
3,[8118-8617],8298,0,men,Featherweight,A: top-240 WITHOUT is_southpaw,0.4779874213836478,True
3,[8118-8617],8299,1,men,Lightweight,A: top-240 WITHOUT is_southpaw,0.6305732484076433,True
3,[8118-8617],8300,1,men,Featherweight,A: top-240 WITHOUT is_southpaw,0.4779874213836478,True
3,[8118-8617],8301,1,men,Light Heavyweight,A: top-240 WITHOUT is_southpaw,0.9166666666666666,True
3,[8118-8617],8302,0,men,Bantamweight,A: top-240 WITHOUT is_southpaw,0.4779874213836478,True
3,[8118-8617],8303,0,men,Light Heavyweight,A: top-240 WITHOUT is_southpaw,0.6305732484076433,True
3,[8118-8617],8304,1,men,Flyweight,A: top-240 WITHOUT is_southpaw,0.6305732484076433,True
3,[8118-8617],8305,0,men,Welterweight,A: top-240 WITHOUT is_southpaw,0.5396825396825397,True
3,[8118-8617],8306,1,men,Lightweight,A: top-240 WITHOUT is_southpaw,0.5396825396825397,True
3,[8118-8617],8307,1,men,Lightweight,A: top-240 WITHOUT is_southpaw,0.6305732484076433,True
3,[8118-8617],8308,1,women,Women's Strawweight,A: top-240 WITHOUT is_southpaw,0.6305732484076433,False
3,[8118-8617],8309,0,men,Light Heavyweight,A: top-240 WITHOUT is_southpaw,0.8181818181818182,True
3,[8118-8617],8310,1,women,Women's Flyweight,A: top-240 WITHOUT is_southpaw,0.4779874213836478,False
3,[8118-8617],8311,0,men,Welterweight,A: top-240 WITHOUT is_southpaw,0.47368421052631576,True
3,[8118-8617],8312,1,men,Lightweight,A: top-240 WITHOUT is_southpaw,0.4779874213836478,True
3,[8118-8617],8313,1,men,Middleweight,A: top-240 WITHOUT is_southpaw,0.6305732484076433,True
3,[8118-8617],8314,0,men,Flyweight,A: top-240 WITHOUT is_southpaw,0.6305732484076433,True
3,[8118-8617],8315,1,men,Featherweight,A: top-240 WITHOUT is_southpaw,0.5396825396825397,True
3,[8118-8617],8316,0,men,Middleweight,A: top-240 WITHOUT is_southpaw,0.3235294117647059,True
3,[8118-8617],8317,1,men,Middleweight,A: top-240 WITHOUT is_southpaw,0.6305732484076433,True
3,[8118-8617],8318,1,men,Welterweight,A: top-240 WITHOUT is_southpaw,0.4779874213836478,True
3,[8118-8617],8319,1,women,Women's Strawweight,A: top-240 WITHOUT is_southpaw,0.47368421052631576,False
3,[8118-8617],8320,1,men,Welterweight,A: top-240 WITHOUT is_southpaw,0.5396825396825397,True
3,[8118-8617],8321,1,men,Light Heavyweight,A: top-240 WITHOUT is_southpaw,0.6305732484076433,True
3,[8118-8617],8322,0,men,Bantamweight,A: top-240 WITHOUT is_southpaw,0.47368421052631576,True
3,[8118-8617],8323,0,men,Bantamweight,A: top-240 WITHOUT is_southpaw,0.9166666666666666,True
3,[8118-8617],8324,0,women,Women's Bantamweight,A: top-240 WITHOUT is_southpaw,0.3235294117647059,False
3,[8118-8617],8325,1,men,Lightweight,A: top-240 WITHOUT is_southpaw,0.6739130434782609,True
3,[8118-8617],8326,0,men,Middleweight,A: top-240 WITHOUT is_southpaw,0.6305732484076433,True
3,[8118-8617],8327,1,men,Flyweight,A: top-240 WITHOUT is_southpaw,0.4444444444444444,True
3,[8118-8617],8328,0,men,Middleweight,A: top-240 WITHOUT is_southpaw,0.4779874213836478,True
3,[8118-8617],8329,1,men,Heavyweight,A: top-240 WITHOUT is_southpaw,0.8181818181818182,True
3,[8118-8617],8330,1,men,Light Heavyweight,A: top-240 WITHOUT is_southpaw,0.4779874213836478,True
3,[8118-8617],8331,1,men,Bantamweight,A: top-240 WITHOUT is_southpaw,0.4779874213836478,True
3,[8118-8617],8332,1,men,Lightweight,A: top-240 WITHOUT is_southpaw,0.8181818181818182,True
3,[8118-8617],8333,0,men,Bantamweight,A: top-240 WITHOUT is_southpaw,0.8181818181818182,True
3,[8118-8617],8334,1,men,Heavyweight,A: top-240 WITHOUT is_southpaw,0.5396825396825397,True
3,[8118-8617],8335,1,men,Featherweight,A: top-240 WITHOUT is_southpaw,0.4779874213836478,True
3,[8118-8617],8336,1,women,Women's Flyweight,A: top-240 WITHOUT is_southpaw,0.6305732484076433,False
3,[8118-8617],8337,1,men,Lightweight,A: top-240 WITHOUT is_southpaw,0.6305732484076433,True
3,[8118-8617],8338,1,men,Heavyweight,A: top-240 WITHOUT is_southpaw,0.6305732484076433,True
3,[8118-8617],8339,0,men,Middleweight,A: top-240 WITHOUT is_southpaw,0.8181818181818182,True
3,[8118-8617],8340,1,men,Lightweight,A: top-240 WITHOUT is_southpaw,0.6739130434782609,True
3,[8118-8617],8341,0,men,Bantamweight,A: top-240 WITHOUT is_southpaw,0.4779874213836478,True
3,[8118-8617],8342,1,men,Heavyweight,A: top-240 WITHOUT is_southpaw,0.6739130434782609,True
3,[8118-8617],8343,1,men,Featherweight,A: top-240 WITHOUT is_southpaw,0.6739130434782609,True
3,[8118-8617],8344,0,men,Middleweight,A: top-240 WITHOUT is_southpaw,0.3235294117647059,True
3,[8118-8617],8345,1,men,Lightweight,A: top-240 WITHOUT is_southpaw,0.6739130434782609,True
3,[8118-8617],8346,1,men,Welterweight,A: top-240 WITHOUT is_southpaw,0.5396825396825397,True
3,[8118-8617],8347,1,men,Lightweight,A: top-240 WITHOUT is_southpaw,0.5396825396825397,True
3,[8118-8617],8348,0,men,Bantamweight,A: top-240 WITHOUT is_southpaw,0.6305732484076433,True
3,[8118-8617],8349,1,women,Women's Flyweight,A: top-240 WITHOUT is_southpaw,0.6305732484076433,False
3,[8118-8617],8350,1,men,Lightweight,A: top-240 WITHOUT is_southpaw,0.5396825396825397,True
3,[8118-8617],8351,0,men,Featherweight,A: top-240 WITHOUT is_southpaw,0.5396825396825397,True
3,[8118-8617],8352,1,men,Welterweight,A: top-240 WITHOUT is_southpaw,0.4779874213836478,True
3,[8118-8617],8353,0,men,Heavyweight,A: top-240 WITHOUT is_southpaw,0.4779874213836478,True
3,[8118-8617],8354,1,women,Women's Strawweight,A: top-240 WITHOUT is_southpaw,0.4779874213836478,False
3,[8118-8617],8355,1,men,Middleweight,A: top-240 WITHOUT is_southpaw,0.6739130434782609,True
3,[8118-8617],8356,0,women,Women's Bantamweight,A: top-240 WITHOUT is_southpaw,0.3235294117647059,False
3,[8118-8617],8357,0,men,Bantamweight,A: top-240 WITHOUT is_southpaw,1e-06,True
3,[8118-8617],8358,1,men,Welterweight,A: top-240 WITHOUT is_southpaw,0.6305732484076433,True
3,[8118-8617],8359,1,men,Flyweight,A: top-240 WITHOUT is_southpaw,0.6305732484076433,True
3,[8118-8617],8360,1,women,Women's Strawweight,A: top-240 WITHOUT is_southpaw,0.4779874213836478,False
3,[8118-8617],8361,0,men,Heavyweight,A: top-240 WITHOUT is_southpaw,0.5396825396825397,True
3,[8118-8617],8362,0,men,Middleweight,A: top-240 WITHOUT is_southpaw,0.4779874213836478,True
3,[8118-8617],8363,0,men,Lightweight,A: top-240 WITHOUT is_southpaw,0.8181818181818182,True
3,[8118-8617],8364,1,men,Middleweight,A: top-240 WITHOUT is_southpaw,0.6305732484076433,True
3,[8118-8617],8365,0,men,Featherweight,A: top-240 WITHOUT is_southpaw,0.32142857142857145,True
3,[8118-8617],8366,0,men,Featherweight,A: top-240 WITHOUT is_southpaw,0.47368421052631576,True
3,[8118-8617],8367,1,men,Middleweight,A: top-240 WITHOUT is_southpaw,0.3235294117647059,True
3,[8118-8617],8368,1,men,Light Heavyweight,A: top-240 WITHOUT is_southpaw,0.6739130434782609,True
3,[8118-8617],8369,1,men,Middleweight,A: top-240 WITHOUT is_southpaw,0.8181818181818182,True
3,[8118-8617],8370,0,men,Catch Weight,A: top-240 WITHOUT is_southpaw,0.5396825396825397,True
3,[8118-8617],8371,1,men,Bantamweight,A: top-240 WITHOUT is_southpaw,0.4779874213836478,True
3,[8118-8617],8372,1,men,Middleweight,A: top-240 WITHOUT is_southpaw,0.6739130434782609,True
3,[8118-8617],8373,0,men,Featherweight,A: top-240 WITHOUT is_southpaw,0.3235294117647059,True
3,[8118-8617],8374,1,men,Light Heavyweight,A: top-240 WITHOUT is_southpaw,0.4779874213836478,True
3,[8118-8617],8375,1,men,Featherweight,A: top-240 WITHOUT is_southpaw,0.6305732484076433,True
3,[8118-8617],8376,1,men,Catch Weight,A: top-240 WITHOUT is_southpaw,0.4779874213836478,True
3,[8118-8617],8377,0,men,Middleweight,A: top-240 WITHOUT is_southpaw,0.47368421052631576,True
3,[8118-8617],8378,0,men,Bantamweight,A: top-240 WITHOUT is_southpaw,0.32142857142857145,True
3,[8118-8617],8379,1,men,Light Heavyweight,A: top-240 WITHOUT is_southpaw,0.4779874213836478,True
3,[8118-8617],8380,1,men,Featherweight,A: top-240 WITHOUT is_southpaw,0.4779874213836478,True
3,[8118-8617],8381,0,men,Flyweight,A: top-240 WITHOUT is_southpaw,0.4779874213836478,True
3,[8118-8617],8382,0,women,Women's Flyweight,A: top-240 WITHOUT is_southpaw,0.4779874213836478,False
3,[8118-8617],8383,1,men,Featherweight,A: top-240 WITHOUT is_southpaw,0.6739130434782609,True
3,[8118-8617],8384,0,men,Featherweight,A: top-240 WITHOUT is_southpaw,0.4779874213836478,True
3,[8118-8617],8385,0,men,Welterweight,A: top-240 WITHOUT is_southpaw,0.6305732484076433,True
3,[8118-8617],8386,1,men,Lightweight,A: top-240 WITHOUT is_southpaw,0.4779874213836478,True
3,[8118-8617],8387,1,men,Middleweight,A: top-240 WITHOUT is_southpaw,0.6305732484076433,True
3,[8118-8617],8388,1,men,Flyweight,A: top-240 WITHOUT is_southpaw,0.3235294117647059,True
3,[8118-8617],8389,0,men,Heavyweight,A: top-240 WITHOUT is_southpaw,0.3235294117647059,True
3,[8118-8617],8390,1,men,Middleweight,A: top-240 WITHOUT is_southpaw,0.5396825396825397,True
3,[8118-8617],8391,0,men,Middleweight,A: top-240 WITHOUT is_southpaw,0.8181818181818182,True
3,[8118-8617],8392,1,men,Featherweight,A: top-240 WITHOUT is_southpaw,0.6305732484076433,True
3,[8118-8617],8393,0,men,Welterweight,A: top-240 WITHOUT is_southpaw,0.3235294117647059,True
3,[8118-8617],8394,1,men,Flyweight,A: top-240 WITHOUT is_southpaw,0.3235294117647059,True
3,[8118-8617],8395,0,men,Light Heavyweight,A: top-240 WITHOUT is_southpaw,0.4779874213836478,True
3,[8118-8617],8396,1,women,Women's Strawweight,A: top-240 WITHOUT is_southpaw,1e-06,False
3,[8118-8617],8397,0,men,Lightweight,A: top-240 WITHOUT is_southpaw,0.3235294117647059,True
3,[8118-8617],8398,1,men,Lightweight,A: top-240 WITHOUT is_southpaw,0.4779874213836478,True
3,[8118-8617],8399,0,men,Lightweight,A: top-240 WITHOUT is_southpaw,0.47368421052631576,True
3,[8118-8617],8400,1,men,Bantamweight,A: top-240 WITHOUT is_southpaw,0.9166666666666666,True
3,[8118-8617],8401,0,women,Women's Bantamweight,A: top-240 WITHOUT is_southpaw,0.9166666666666666,False
3,[8118-8617],8402,0,men,Flyweight,A: top-240 WITHOUT is_southpaw,0.3235294117647059,True
3,[8118-8617],8403,0,women,Women's Strawweight,A: top-240 WITHOUT is_southpaw,0.8181818181818182,False
3,[8118-8617],8404,1,men,Bantamweight,A: top-240 WITHOUT is_southpaw,0.3235294117647059,True
3,[8118-8617],8405,0,women,Women's Flyweight,A: top-240 WITHOUT is_southpaw,0.6305732484076433,False
3,[8118-8617],8406,0,men,Featherweight,A: top-240 WITHOUT is_southpaw,1e-06,True
3,[8118-8617],8407,0,men,Light Heavyweight,A: top-240 WITHOUT is_southpaw,0.6305732484076433,True
3,[8118-8617],8408,1,men,Bantamweight,A: top-240 WITHOUT is_southpaw,0.6305732484076433,True
3,[8118-8617],8409,1,men,Lightweight,A: top-240 WITHOUT is_southpaw,0.8181818181818182,True
3,[8118-8617],8410,1,men,Welterweight,A: top-240 WITHOUT is_southpaw,0.6305732484076433,True
3,[8118-8617],8411,0,men,Middleweight,A: top-240 WITHOUT is_southpaw,0.6305732484076433,True
3,[8118-8617],8412,1,men,Heavyweight,A: top-240 WITHOUT is_southpaw,0.8181818181818182,True
3,[8118-8617],8413,0,men,Lightweight,A: top-240 WITHOUT is_southpaw,0.3235294117647059,True
3,[8118-8617],8414,1,women,Women's Strawweight,A: top-240 WITHOUT is_southpaw,0.4779874213836478,False
3,[8118-8617],8415,1,men,Middleweight,A: top-240 WITHOUT is_southpaw,0.5396825396825397,True
3,[8118-8617],8416,1,men,Heavyweight,A: top-240 WITHOUT is_southpaw,0.3235294117647059,True
3,[8118-8617],8417,1,men,Flyweight,A: top-240 WITHOUT is_southpaw,0.6305732484076433,True
3,[8118-8617],8418,0,men,Lightweight,A: top-240 WITHOUT is_southpaw,0.32142857142857145,True
3,[8118-8617],8419,0,men,Bantamweight,A: top-240 WITHOUT is_southpaw,0.6305732484076433,True
3,[8118-8617],8420,0,men,Lightweight,A: top-240 WITHOUT is_southpaw,0.6305732484076433,True
3,[8118-8617],8421,0,women,Women's Strawweight,A: top-240 WITHOUT is_southpaw,0.3235294117647059,False
3,[8118-8617],8422,0,men,Welterweight,A: top-240 WITHOUT is_southpaw,0.4779874213836478,True
3,[8118-8617],8423,0,men,Light Heavyweight,A: top-240 WITHOUT is_southpaw,0.4444444444444444,True
3,[8118-8617],8424,0,men,Welterweight,A: top-240 WITHOUT is_southpaw,0.47368421052631576,True
3,[8118-8617],8425,1,men,Featherweight,A: top-240 WITHOUT is_southpaw,0.4779874213836478,True
3,[8118-8617],8426,1,men,Lightweight,A: top-240 WITHOUT is_southpaw,0.6739130434782609,True
3,[8118-8617],8427,1,men,Featherweight,A: top-240 WITHOUT is_southpaw,0.6305732484076433,True
3,[8118-8617],8428,1,men,Lightweight,A: top-240 WITHOUT is_southpaw,0.8181818181818182,True
3,[8118-8617],8429,1,women,Women's Strawweight,A: top-240 WITHOUT is_southpaw,0.6305732484076433,False
3,[8118-8617],8430,0,men,Featherweight,A: top-240 WITHOUT is_southpaw,0.4779874213836478,True
3,[8118-8617],8431,0,men,Middleweight,A: top-240 WITHOUT is_southpaw,1e-06,True
3,[8118-8617],8432,0,men,Flyweight,A: top-240 WITHOUT is_southpaw,0.5396825396825397,True
3,[8118-8617],8433,1,men,Bantamweight,A: top-240 WITHOUT is_southpaw,0.8181818181818182,True
3,[8118-8617],8434,1,men,Flyweight,A: top-240 WITHOUT is_southpaw,0.6305732484076433,True
3,[8118-8617],8435,1,men,Lightweight,A: top-240 WITHOUT is_southpaw,0.8181818181818182,True
3,[8118-8617],8436,1,men,Flyweight,A: top-240 WITHOUT is_southpaw,0.6305732484076433,True
3,[8118-8617],8437,1,men,Bantamweight,A: top-240 WITHOUT is_southpaw,0.6739130434782609,True
3,[8118-8617],8438,1,women,Women's Strawweight,A: top-240 WITHOUT is_southpaw,0.8181818181818182,False
3,[8118-8617],8439,0,women,Women's Strawweight,A: top-240 WITHOUT is_southpaw,0.4444444444444444,False
3,[8118-8617],8440,1,men,Heavyweight,A: top-240 WITHOUT is_southpaw,0.6739130434782609,True
3,[8118-8617],8441,1,men,Bantamweight,A: top-240 WITHOUT is_southpaw,0.4779874213836478,True
3,[8118-8617],8442,1,men,Welterweight,A: top-240 WITHOUT is_southpaw,0.5396825396825397,True
3,[8118-8617],8443,0,women,Women's Flyweight,A: top-240 WITHOUT is_southpaw,0.4779874213836478,False
3,[8118-8617],8444,1,men,Flyweight,A: top-240 WITHOUT is_southpaw,0.3235294117647059,True
3,[8118-8617],8445,1,men,Middleweight,A: top-240 WITHOUT is_southpaw,0.4779874213836478,True
3,[8118-8617],8446,0,men,Bantamweight,A: top-240 WITHOUT is_southpaw,0.4779874213836478,True
3,[8118-8617],8447,1,men,Featherweight,A: top-240 WITHOUT is_southpaw,0.4779874213836478,True
3,[8118-8617],8448,0,men,Featherweight,A: top-240 WITHOUT is_southpaw,0.3235294117647059,True
3,[8118-8617],8449,1,men,Middleweight,A: top-240 WITHOUT is_southpaw,0.999999,True
3,[8118-8617],8450,0,men,Middleweight,A: top-240 WITHOUT is_southpaw,0.4779874213836478,True
3,[8118-8617],8451,1,women,Women's Bantamweight,A: top-240 WITHOUT is_southpaw,0.6305732484076433,False
3,[8118-8617],8452,1,men,Flyweight,A: top-240 WITHOUT is_southpaw,0.4779874213836478,True
3,[8118-8617],8453,0,men,Middleweight,A: top-240 WITHOUT is_southpaw,0.4779874213836478,True
3,[8118-8617],8454,0,men,Featherweight,A: top-240 WITHOUT is_southpaw,0.4779874213836478,True
3,[8118-8617],8455,0,men,Lightweight,A: top-240 WITHOUT is_southpaw,1e-06,True
3,[8118-8617],8456,0,women,Women's Strawweight,A: top-240 WITHOUT is_southpaw,0.5396825396825397,False
3,[8118-8617],8457,1,men,Featherweight,A: top-240 WITHOUT is_southpaw,0.3235294117647059,True
3,[8118-8617],8458,0,men,Light Heavyweight,A: top-240 WITHOUT is_southpaw,0.4779874213836478,True
3,[8118-8617],8459,0,men,Featherweight,A: top-240 WITHOUT is_southpaw,0.4779874213836478,True
3,[8118-8617],8460,1,men,Featherweight,A: top-240 WITHOUT is_southpaw,0.6305732484076433,True
3,[8118-8617],8461,0,men,Lightweight,A: top-240 WITHOUT is_southpaw,0.4779874213836478,True
3,[8118-8617],8462,1,men,Featherweight,A: top-240 WITHOUT is_southpaw,0.6305732484076433,True
3,[8118-8617],8463,0,women,Women's Bantamweight,A: top-240 WITHOUT is_southpaw,0.4444444444444444,False
3,[8118-8617],8464,1,men,Featherweight,A: top-240 WITHOUT is_southpaw,0.4779874213836478,True
3,[8118-8617],8465,1,women,Women's Strawweight,A: top-240 WITHOUT is_southpaw,0.9166666666666666,False
3,[8118-8617],8466,1,men,Bantamweight,A: top-240 WITHOUT is_southpaw,0.4779874213836478,True
3,[8118-8617],8467,1,men,Bantamweight,A: top-240 WITHOUT is_southpaw,0.5396825396825397,True
3,[8118-8617],8468,1,men,Featherweight,A: top-240 WITHOUT is_southpaw,0.4779874213836478,True
3,[8118-8617],8469,1,men,Lightweight,A: top-240 WITHOUT is_southpaw,0.4779874213836478,True
3,[8118-8617],8470,1,men,Welterweight,A: top-240 WITHOUT is_southpaw,0.6739130434782609,True
3,[8118-8617],8471,1,men,Middleweight,A: top-240 WITHOUT is_southpaw,0.4779874213836478,True
3,[8118-8617],8472,1,men,Welterweight,A: top-240 WITHOUT is_southpaw,0.6739130434782609,True
3,[8118-8617],8473,0,men,Middleweight,A: top-240 WITHOUT is_southpaw,0.6305732484076433,True
3,[8118-8617],8474,0,men,Featherweight,A: top-240 WITHOUT is_southpaw,0.4779874213836478,True
3,[8118-8617],8475,0,men,Light Heavyweight,A: top-240 WITHOUT is_southpaw,0.3235294117647059,True
3,[8118-8617],8476,1,men,Flyweight,A: top-240 WITHOUT is_southpaw,0.5396825396825397,True
3,[8118-8617],8477,0,women,Women's Strawweight,A: top-240 WITHOUT is_southpaw,0.4779874213836478,False
3,[8118-8617],8478,1,women,Women's Flyweight,A: top-240 WITHOUT is_southpaw,0.4444444444444444,False
3,[8118-8617],8479,0,men,Middleweight,A: top-240 WITHOUT is_southpaw,0.4779874213836478,True
3,[8118-8617],8480,1,men,Heavyweight,A: top-240 WITHOUT is_southpaw,0.6305732484076433,True
3,[8118-8617],8481,0,men,Bantamweight,A: top-240 WITHOUT is_southpaw,0.6305732484076433,True
3,[8118-8617],8482,1,women,Women's Bantamweight,A: top-240 WITHOUT is_southpaw,0.6305732484076433,False
3,[8118-8617],8483,0,men,Welterweight,A: top-240 WITHOUT is_southpaw,0.4779874213836478,True
3,[8118-8617],8484,0,men,Bantamweight,A: top-240 WITHOUT is_southpaw,0.4779874213836478,True
3,[8118-8617],8485,1,men,Bantamweight,A: top-240 WITHOUT is_southpaw,0.6305732484076433,True
3,[8118-8617],8486,1,men,Middleweight,A: top-240 WITHOUT is_southpaw,0.4779874213836478,True
3,[8118-8617],8487,1,men,Bantamweight,A: top-240 WITHOUT is_southpaw,0.6305732484076433,True
3,[8118-8617],8488,0,men,Lightweight,A: top-240 WITHOUT is_southpaw,0.32142857142857145,True
3,[8118-8617],8489,0,men,Bantamweight,A: top-240 WITHOUT is_southpaw,0.4779874213836478,True
3,[8118-8617],8490,1,men,Middleweight,A: top-240 WITHOUT is_southpaw,0.4779874213836478,True
3,[8118-8617],8491,1,men,Light Heavyweight,A: top-240 WITHOUT is_southpaw,0.6739130434782609,True
3,[8118-8617],8492,1,men,Light Heavyweight,A: top-240 WITHOUT is_southpaw,0.4779874213836478,True
3,[8118-8617],8493,0,women,Women's Flyweight,A: top-240 WITHOUT is_southpaw,0.4779874213836478,False
3,[8118-8617],8494,1,men,Featherweight,A: top-240 WITHOUT is_southpaw,0.4779874213836478,True
3,[8118-8617],8495,1,men,Lightweight,A: top-240 WITHOUT is_southpaw,0.8181818181818182,True
3,[8118-8617],8496,0,women,Women's Flyweight,A: top-240 WITHOUT is_southpaw,0.4444444444444444,False
3,[8118-8617],8497,0,men,Featherweight,A: top-240 WITHOUT is_southpaw,0.4779874213836478,True
3,[8118-8617],8498,1,women,Women's Flyweight,A: top-240 WITHOUT is_southpaw,0.4779874213836478,False
3,[8118-8617],8499,0,men,Welterweight,A: top-240 WITHOUT is_southpaw,0.4779874213836478,True
3,[8118-8617],8500,1,men,Welterweight,A: top-240 WITHOUT is_southpaw,0.6305732484076433,True
3,[8118-8617],8501,1,women,Women's Strawweight,A: top-240 WITHOUT is_southpaw,0.6305732484076433,False
3,[8118-8617],8502,1,men,Flyweight,A: top-240 WITHOUT is_southpaw,0.6739130434782609,True
3,[8118-8617],8503,0,women,Women's Strawweight,A: top-240 WITHOUT is_southpaw,0.3235294117647059,False
3,[8118-8617],8504,1,women,Women's Bantamweight,A: top-240 WITHOUT is_southpaw,0.6305732484076433,False
3,[8118-8617],8505,1,men,Featherweight,A: top-240 WITHOUT is_southpaw,0.6739130434782609,True
3,[8118-8617],8506,1,men,Lightweight,A: top-240 WITHOUT is_southpaw,0.4779874213836478,True
3,[8118-8617],8507,0,men,Featherweight,A: top-240 WITHOUT is_southpaw,0.32142857142857145,True
3,[8118-8617],8508,0,men,Middleweight,A: top-240 WITHOUT is_southpaw,0.4779874213836478,True
3,[8118-8617],8509,0,men,Lightweight,A: top-240 WITHOUT is_southpaw,0.47368421052631576,True
3,[8118-8617],8510,0,men,Welterweight,A: top-240 WITHOUT is_southpaw,1e-06,True
3,[8118-8617],8511,1,men,Lightweight,A: top-240 WITHOUT is_southpaw,0.4779874213836478,True
3,[8118-8617],8512,0,women,Women's Strawweight,A: top-240 WITHOUT is_southpaw,0.6305732484076433,False
3,[8118-8617],8513,1,men,Lightweight,A: top-240 WITHOUT is_southpaw,0.6305732484076433,True
3,[8118-8617],8514,0,men,Lightweight,A: top-240 WITHOUT is_southpaw,0.32142857142857145,True
3,[8118-8617],8515,1,men,Middleweight,A: top-240 WITHOUT is_southpaw,0.4779874213836478,True
3,[8118-8617],8516,0,men,Flyweight,A: top-240 WITHOUT is_southpaw,0.4779874213836478,True
3,[8118-8617],8517,1,men,Light Heavyweight,A: top-240 WITHOUT is_southpaw,0.5396825396825397,True
3,[8118-8617],8518,0,men,Welterweight,A: top-240 WITHOUT is_southpaw,0.6305732484076433,True
3,[8118-8617],8519,1,men,Lightweight,A: top-240 WITHOUT is_southpaw,0.6305732484076433,True
3,[8118-8617],8520,1,women,Women's Featherweight,A: top-240 WITHOUT is_southpaw,0.4779874213836478,False
3,[8118-8617],8521,1,men,Lightweight,A: top-240 WITHOUT is_southpaw,0.6305732484076433,True
3,[8118-8617],8522,1,men,Lightweight,A: top-240 WITHOUT is_southpaw,0.8181818181818182,True
3,[8118-8617],8523,0,men,Featherweight,A: top-240 WITHOUT is_southpaw,0.5396825396825397,True
3,[8118-8617],8524,0,women,Women's Flyweight,A: top-240 WITHOUT is_southpaw,0.4779874213836478,False
3,[8118-8617],8525,0,men,Welterweight,A: top-240 WITHOUT is_southpaw,0.6305732484076433,True
3,[8118-8617],8526,1,men,Light Heavyweight,A: top-240 WITHOUT is_southpaw,0.8181818181818182,True
3,[8118-8617],8527,0,men,Heavyweight,A: top-240 WITHOUT is_southpaw,0.6305732484076433,True
3,[8118-8617],8528,0,men,Welterweight,A: top-240 WITHOUT is_southpaw,0.4779874213836478,True
3,[8118-8617],8529,1,men,Bantamweight,A: top-240 WITHOUT is_southpaw,0.7487810602224384,True
3,[8118-8617],8530,0,men,Middleweight,A: top-240 WITHOUT is_southpaw,0.4444444444444444,True
3,[8118-8617],8531,0,women,Women's Bantamweight,A: top-240 WITHOUT is_southpaw,0.32142857142857145,False
3,[8118-8617],8532,1,men,Bantamweight,A: top-240 WITHOUT is_southpaw,0.4779874213836478,True
3,[8118-8617],8533,0,men,Flyweight,A: top-240 WITHOUT is_southpaw,0.37982308556825045,True
3,[8118-8617],8534,0,men,Flyweight,A: top-240 WITHOUT is_southpaw,0.4779874213836478,True
3,[8118-8617],8535,1,women,Women's Flyweight,A: top-240 WITHOUT is_southpaw,0.8181818181818182,False
3,[8118-8617],8536,1,men,Welterweight,A: top-240 WITHOUT is_southpaw,0.4779874213836478,True
3,[8118-8617],8537,1,men,Bantamweight,A: top-240 WITHOUT is_southpaw,0.8181818181818182,True
3,[8118-8617],8538,1,men,Bantamweight,A: top-240 WITHOUT is_southpaw,0.8181818181818182,True
3,[8118-8617],8539,1,men,Welterweight,A: top-240 WITHOUT is_southpaw,0.4779874213836478,True
3,[8118-8617],8540,1,men,Light Heavyweight,A: top-240 WITHOUT is_southpaw,1e-06,True
3,[8118-8617],8541,0,men,Bantamweight,A: top-240 WITHOUT is_southpaw,0.4779874213836478,True
3,[8118-8617],8542,1,men,Middleweight,A: top-240 WITHOUT is_southpaw,0.625,True
3,[8118-8617],8543,1,women,Women's Flyweight,A: top-240 WITHOUT is_southpaw,0.5396825396825397,False
3,[8118-8617],8544,1,men,Welterweight,A: top-240 WITHOUT is_southpaw,0.6305732484076433,True
3,[8118-8617],8545,0,men,Middleweight,A: top-240 WITHOUT is_southpaw,0.6305732484076433,True
3,[8118-8617],8546,1,men,Flyweight,A: top-240 WITHOUT is_southpaw,0.6739130434782609,True
3,[8118-8617],8547,0,women,Women's Bantamweight,A: top-240 WITHOUT is_southpaw,0.6305732484076433,False
3,[8118-8617],8548,1,women,Women's Bantamweight,A: top-240 WITHOUT is_southpaw,0.6305732484076433,False
3,[8118-8617],8549,0,men,Heavyweight,A: top-240 WITHOUT is_southpaw,0.6305732484076433,True
3,[8118-8617],8550,1,men,Welterweight,A: top-240 WITHOUT is_southpaw,0.3235294117647059,True
3,[8118-8617],8551,0,men,Catch Weight,A: top-240 WITHOUT is_southpaw,0.47368421052631576,True
3,[8118-8617],8552,1,men,Lightweight,A: top-240 WITHOUT is_southpaw,0.5396825396825397,True
3,[8118-8617],8553,1,men,Heavyweight,A: top-240 WITHOUT is_southpaw,0.5396825396825397,True
3,[8118-8617],8554,1,men,Lightweight,A: top-240 WITHOUT is_southpaw,0.3235294117647059,True
3,[8118-8617],8555,0,men,Light Heavyweight,A: top-240 WITHOUT is_southpaw,0.6739130434782609,True
3,[8118-8617],8556,1,men,Featherweight,A: top-240 WITHOUT is_southpaw,0.5396825396825397,True
3,[8118-8617],8557,1,men,Heavyweight,A: top-240 WITHOUT is_southpaw,0.6305732484076433,True
3,[8118-8617],8558,0,men,Welterweight,A: top-240 WITHOUT is_southpaw,1e-06,True
3,[8118-8617],8559,1,men,Lightweight,A: top-240 WITHOUT is_southpaw,0.6739130434782609,True
3,[8118-8617],8560,0,women,Women's Flyweight,A: top-240 WITHOUT is_southpaw,0.3235294117647059,False
3,[8118-8617],8561,0,men,Featherweight,A: top-240 WITHOUT is_southpaw,0.4779874213836478,True
3,[8118-8617],8562,0,men,Middleweight,A: top-240 WITHOUT is_southpaw,0.4779874213836478,True
3,[8118-8617],8563,1,men,Bantamweight,A: top-240 WITHOUT is_southpaw,0.4779874213836478,True
3,[8118-8617],8564,1,men,Lightweight,A: top-240 WITHOUT is_southpaw,0.5396825396825397,True
3,[8118-8617],8565,0,men,Flyweight,A: top-240 WITHOUT is_southpaw,0.32142857142857145,True
3,[8118-8617],8566,1,men,Flyweight,A: top-240 WITHOUT is_southpaw,0.4779874213836478,True
3,[8118-8617],8567,1,men,Lightweight,A: top-240 WITHOUT is_southpaw,0.8181818181818182,True
3,[8118-8617],8568,1,women,Women's Strawweight,A: top-240 WITHOUT is_southpaw,0.8181818181818182,False
3,[8118-8617],8569,0,men,Lightweight,A: top-240 WITHOUT is_southpaw,0.4779874213836478,True
3,[8118-8617],8570,0,men,Heavyweight,A: top-240 WITHOUT is_southpaw,0.4779874213836478,True
3,[8118-8617],8571,0,women,Women's Flyweight,A: top-240 WITHOUT is_southpaw,1e-06,False
3,[8118-8617],8572,1,men,Welterweight,A: top-240 WITHOUT is_southpaw,0.6305732484076433,True
3,[8118-8617],8573,0,men,Welterweight,A: top-240 WITHOUT is_southpaw,0.4779874213836478,True
3,[8118-8617],8574,1,men,Heavyweight,A: top-240 WITHOUT is_southpaw,0.32142857142857145,True
3,[8118-8617],8575,1,men,Heavyweight,A: top-240 WITHOUT is_southpaw,0.8181818181818182,True
3,[8118-8617],8576,0,men,Featherweight,A: top-240 WITHOUT is_southpaw,0.3235294117647059,True
3,[8118-8617],8577,0,men,Featherweight,A: top-240 WITHOUT is_southpaw,0.4779874213836478,True
3,[8118-8617],8578,0,men,Welterweight,A: top-240 WITHOUT is_southpaw,0.32142857142857145,True
3,[8118-8617],8579,0,men,Light Heavyweight,A: top-240 WITHOUT is_southpaw,0.8181818181818182,True
3,[8118-8617],8580,0,men,Welterweight,A: top-240 WITHOUT is_southpaw,0.3235294117647059,True
3,[8118-8617],8581,1,women,Women's Flyweight,A: top-240 WITHOUT is_southpaw,0.4779874213836478,False
3,[8118-8617],8582,1,men,Middleweight,A: top-240 WITHOUT is_southpaw,0.4779874213836478,True
3,[8118-8617],8583,1,men,Heavyweight,A: top-240 WITHOUT is_southpaw,0.4779874213836478,True
3,[8118-8617],8584,1,men,Light Heavyweight,A: top-240 WITHOUT is_southpaw,0.8181818181818182,True
3,[8118-8617],8585,1,men,Middleweight,A: top-240 WITHOUT is_southpaw,0.8181818181818182,True
3,[8118-8617],8586,0,men,Welterweight,A: top-240 WITHOUT is_southpaw,0.8181818181818182,True
3,[8118-8617],8587,0,men,Bantamweight,A: top-240 WITHOUT is_southpaw,0.4779874213836478,True
3,[8118-8617],8588,1,men,Lightweight,A: top-240 WITHOUT is_southpaw,0.3235294117647059,True
3,[8118-8617],8589,0,men,Featherweight,A: top-240 WITHOUT is_southpaw,0.8181818181818182,True
3,[8118-8617],8590,0,men,Welterweight,A: top-240 WITHOUT is_southpaw,0.6739130434782609,True
3,[8118-8617],8591,1,men,Middleweight,A: top-240 WITHOUT is_southpaw,0.4779874213836478,True
3,[8118-8617],8592,1,men,Lightweight,A: top-240 WITHOUT is_southpaw,0.4779874213836478,True
3,[8118-8617],8593,0,men,Middleweight,A: top-240 WITHOUT is_southpaw,0.4779874213836478,True
3,[8118-8617],8594,0,men,Featherweight,A: top-240 WITHOUT is_southpaw,0.4779874213836478,True
3,[8118-8617],8595,1,men,Heavyweight,A: top-240 WITHOUT is_southpaw,0.6739130434782609,True
3,[8118-8617],8596,0,men,Light Heavyweight,A: top-240 WITHOUT is_southpaw,0.8181818181818182,True
3,[8118-8617],8597,1,men,Bantamweight,A: top-240 WITHOUT is_southpaw,0.3235294117647059,True
3,[8118-8617],8598,1,men,Welterweight,A: top-240 WITHOUT is_southpaw,0.4779874213836478,True
3,[8118-8617],8599,0,women,Women's Strawweight,A: top-240 WITHOUT is_southpaw,0.5396825396825397,False
3,[8118-8617],8600,0,men,Light Heavyweight,A: top-240 WITHOUT is_southpaw,0.6305732484076433,True
3,[8118-8617],8601,1,men,Flyweight,A: top-240 WITHOUT is_southpaw,0.6305732484076433,True
3,[8118-8617],8602,1,men,Middleweight,A: top-240 WITHOUT is_southpaw,0.8181818181818182,True
3,[8118-8617],8603,1,men,Bantamweight,A: top-240 WITHOUT is_southpaw,0.6305732484076433,True
3,[8118-8617],8604,0,men,Middleweight,A: top-240 WITHOUT is_southpaw,0.47368421052631576,True
3,[8118-8617],8605,1,men,Bantamweight,A: top-240 WITHOUT is_southpaw,0.6305732484076433,True
3,[8118-8617],8606,1,men,Flyweight,A: top-240 WITHOUT is_southpaw,0.927644574605273,True
3,[8118-8617],8607,1,men,Featherweight,A: top-240 WITHOUT is_southpaw,0.6305732484076433,True
3,[8118-8617],8608,0,men,Middleweight,A: top-240 WITHOUT is_southpaw,0.6305732484076433,True
3,[8118-8617],8609,1,men,Middleweight,A: top-240 WITHOUT is_southpaw,0.8181818181818182,True
3,[8118-8617],8610,1,men,Bantamweight,A: top-240 WITHOUT is_southpaw,0.625,True
3,[8118-8617],8611,1,women,Women's Bantamweight,A: top-240 WITHOUT is_southpaw,0.4779874213836478,False
3,[8118-8617],8612,1,men,Welterweight,A: top-240 WITHOUT is_southpaw,0.4779874213836478,True
3,[8118-8617],8613,0,men,Lightweight,A: top-240 WITHOUT is_southpaw,0.5396825396825397,True
3,[8118-8617],8614,0,men,Lightweight,A: top-240 WITHOUT is_southpaw,0.6305732484076433,True
3,[8118-8617],8615,1,men,Flyweight,A: top-240 WITHOUT is_southpaw,0.6305732484076433,True
3,[8118-8617],8616,1,women,Women's Strawweight,A: top-240 WITHOUT is_southpaw,0.6305732484076433,False
3,[8118-8617],8617,0,men,Featherweight,A: top-240 WITHOUT is_southpaw,0.47368421052631576,True
3,[8118-8617],8118,0,men,Flyweight,B: A + is_southpaw (+1 cols),0.49688715965351077,True
3,[8118-8617],8119,0,men,Featherweight,B: A + is_southpaw (+1 cols),0.48322147651006714,True
3,[8118-8617],8120,1,men,Middleweight,B: A + is_southpaw (+1 cols),0.5806451612903226,True
3,[8118-8617],8121,1,women,Women's Strawweight,B: A + is_southpaw (+1 cols),0.9047619047619048,False
3,[8118-8617],8122,0,men,Featherweight,B: A + is_southpaw (+1 cols),0.7222222222222222,True
3,[8118-8617],8123,1,men,Featherweight,B: A + is_southpaw (+1 cols),0.9047619047619048,True
3,[8118-8617],8124,0,men,Welterweight,B: A + is_southpaw (+1 cols),0.34328358208955223,True
3,[8118-8617],8125,0,men,Lightweight,B: A + is_southpaw (+1 cols),0.48322147651006714,True
3,[8118-8617],8126,0,men,Bantamweight,B: A + is_southpaw (+1 cols),0.48322147651006714,True
3,[8118-8617],8127,1,men,Featherweight,B: A + is_southpaw (+1 cols),0.5795454545454546,True
3,[8118-8617],8128,0,women,Women's Flyweight,B: A + is_southpaw (+1 cols),0.34328358208955223,False
3,[8118-8617],8129,0,men,Lightweight,B: A + is_southpaw (+1 cols),0.48322147651006714,True
3,[8118-8617],8130,1,men,Light Heavyweight,B: A + is_southpaw (+1 cols),0.7105263157894737,True
3,[8118-8617],8131,0,men,Middleweight,B: A + is_southpaw (+1 cols),0.5795454545454546,True
3,[8118-8617],8132,1,men,Bantamweight,B: A + is_southpaw (+1 cols),0.5795454545454546,True
3,[8118-8617],8133,0,women,Women's Flyweight,B: A + is_southpaw (+1 cols),0.48322147651006714,False
3,[8118-8617],8134,1,men,Bantamweight,B: A + is_southpaw (+1 cols),0.7105263157894737,True
3,[8118-8617],8135,0,women,Women's Strawweight,B: A + is_southpaw (+1 cols),0.48322147651006714,False
3,[8118-8617],8136,0,men,Lightweight,B: A + is_southpaw (+1 cols),0.48322147651006714,True
3,[8118-8617],8137,0,women,Women's Bantamweight,B: A + is_southpaw (+1 cols),0.34328358208955223,False
3,[8118-8617],8138,0,men,Flyweight,B: A + is_southpaw (+1 cols),0.48322147651006714,True
3,[8118-8617],8139,0,men,Lightweight,B: A + is_southpaw (+1 cols),0.5795454545454546,True
3,[8118-8617],8140,0,men,Featherweight,B: A + is_southpaw (+1 cols),0.48322147651006714,True
3,[8118-8617],8141,0,women,Women's Flyweight,B: A + is_southpaw (+1 cols),0.48322147651006714,False
3,[8118-8617],8142,0,men,Bantamweight,B: A + is_southpaw (+1 cols),0.5795454545454546,True
3,[8118-8617],8143,1,men,Flyweight,B: A + is_southpaw (+1 cols),0.6703296703296703,True
3,[8118-8617],8144,0,men,Bantamweight,B: A + is_southpaw (+1 cols),0.48322147651006714,True
3,[8118-8617],8145,1,men,Heavyweight,B: A + is_southpaw (+1 cols),0.6703296703296703,True
3,[8118-8617],8146,0,men,Welterweight,B: A + is_southpaw (+1 cols),0.5795454545454546,True
3,[8118-8617],8147,1,men,Middleweight,B: A + is_southpaw (+1 cols),0.6703296703296703,True
3,[8118-8617],8148,1,men,Lightweight,B: A + is_southpaw (+1 cols),0.5795454545454546,True
3,[8118-8617],8149,1,women,Women's Strawweight,B: A + is_southpaw (+1 cols),0.5795454545454546,False
3,[8118-8617],8150,1,men,Featherweight,B: A + is_southpaw (+1 cols),0.6703296703296703,True
3,[8118-8617],8151,0,men,Heavyweight,B: A + is_southpaw (+1 cols),0.5151515151515151,True
3,[8118-8617],8152,1,men,Welterweight,B: A + is_southpaw (+1 cols),0.5795454545454546,True
3,[8118-8617],8153,1,men,Light Heavyweight,B: A + is_southpaw (+1 cols),0.6703296703296703,True
3,[8118-8617],8154,1,men,Lightweight,B: A + is_southpaw (+1 cols),0.7128966321954053,True
3,[8118-8617],8155,0,men,Lightweight,B: A + is_southpaw (+1 cols),0.5806451612903226,True
3,[8118-8617],8156,0,women,Women's Bantamweight,B: A + is_southpaw (+1 cols),0.4,False
3,[8118-8617],8157,1,men,Flyweight,B: A + is_southpaw (+1 cols),0.34328358208955223,True
3,[8118-8617],8158,1,women,Women's Bantamweight,B: A + is_southpaw (+1 cols),0.514446280617919,False
3,[8118-8617],8159,1,men,Bantamweight,B: A + is_southpaw (+1 cols),0.7222222222222222,True
3,[8118-8617],8160,1,men,Light Heavyweight,B: A + is_southpaw (+1 cols),0.6703296703296703,True
3,[8118-8617],8161,1,men,Light Heavyweight,B: A + is_southpaw (+1 cols),0.5795454545454546,True
3,[8118-8617],8162,1,men,Lightweight,B: A + is_southpaw (+1 cols),0.7222222222222222,True
3,[8118-8617],8163,1,men,Featherweight,B: A + is_southpaw (+1 cols),0.7222222222222222,True
3,[8118-8617],8164,0,men,Welterweight,B: A + is_southpaw (+1 cols),0.48322147651006714,True
3,[8118-8617],8165,1,men,Featherweight,B: A + is_southpaw (+1 cols),0.6703296703296703,True
3,[8118-8617],8166,1,men,Middleweight,B: A + is_southpaw (+1 cols),0.5151515151515151,True
3,[8118-8617],8167,1,men,Lightweight,B: A + is_southpaw (+1 cols),0.34328358208955223,True
3,[8118-8617],8168,1,men,Welterweight,B: A + is_southpaw (+1 cols),0.6703296703296703,True
3,[8118-8617],8169,1,men,Middleweight,B: A + is_southpaw (+1 cols),0.5795454545454546,True
3,[8118-8617],8170,1,men,Bantamweight,B: A + is_southpaw (+1 cols),0.48322147651006714,True
3,[8118-8617],8171,1,men,Featherweight,B: A + is_southpaw (+1 cols),0.48322147651006714,True
3,[8118-8617],8172,1,men,Light Heavyweight,B: A + is_southpaw (+1 cols),0.6703296703296703,True
3,[8118-8617],8173,1,men,Welterweight,B: A + is_southpaw (+1 cols),0.48322147651006714,True
3,[8118-8617],8174,0,women,Women's Strawweight,B: A + is_southpaw (+1 cols),0.5,False
3,[8118-8617],8175,1,men,Light Heavyweight,B: A + is_southpaw (+1 cols),0.7105263157894737,True
3,[8118-8617],8176,1,men,Middleweight,B: A + is_southpaw (+1 cols),0.48322147651006714,True
3,[8118-8617],8177,0,men,Lightweight,B: A + is_southpaw (+1 cols),0.48322147651006714,True
3,[8118-8617],8178,0,women,Women's Strawweight,B: A + is_southpaw (+1 cols),0.34328358208955223,False
3,[8118-8617],8179,0,men,Welterweight,B: A + is_southpaw (+1 cols),0.34328358208955223,True
3,[8118-8617],8180,0,women,Women's Bantamweight,B: A + is_southpaw (+1 cols),0.34328358208955223,False
3,[8118-8617],8181,1,men,Middleweight,B: A + is_southpaw (+1 cols),0.48322147651006714,True
3,[8118-8617],8182,0,men,Bantamweight,B: A + is_southpaw (+1 cols),0.34328358208955223,True
3,[8118-8617],8183,0,women,Women's Bantamweight,B: A + is_southpaw (+1 cols),0.48322147651006714,False
3,[8118-8617],8184,1,men,Light Heavyweight,B: A + is_southpaw (+1 cols),0.8148148148148148,True
3,[8118-8617],8185,0,men,Light Heavyweight,B: A + is_southpaw (+1 cols),0.6703296703296703,True
3,[8118-8617],8186,1,men,Lightweight,B: A + is_southpaw (+1 cols),0.48322147651006714,True
3,[8118-8617],8187,0,men,Heavyweight,B: A + is_southpaw (+1 cols),0.5806451612903226,True
3,[8118-8617],8188,0,men,Welterweight,B: A + is_southpaw (+1 cols),0.5,True
3,[8118-8617],8189,1,men,Flyweight,B: A + is_southpaw (+1 cols),0.5,True
3,[8118-8617],8190,0,men,Bantamweight,B: A + is_southpaw (+1 cols),0.48322147651006714,True
3,[8118-8617],8191,1,women,Women's Strawweight,B: A + is_southpaw (+1 cols),0.48322147651006714,False
3,[8118-8617],8192,1,men,Flyweight,B: A + is_southpaw (+1 cols),0.8148148148148148,True
3,[8118-8617],8193,1,men,Heavyweight,B: A + is_southpaw (+1 cols),0.6703296703296703,True
3,[8118-8617],8194,1,men,Welterweight,B: A + is_southpaw (+1 cols),0.6703296703296703,True
3,[8118-8617],8195,0,men,Featherweight,B: A + is_southpaw (+1 cols),0.7222222222222222,True
3,[8118-8617],8196,1,men,Welterweight,B: A + is_southpaw (+1 cols),0.48322147651006714,True
3,[8118-8617],8197,1,men,Welterweight,B: A + is_southpaw (+1 cols),0.48322147651006714,True
3,[8118-8617],8198,1,men,Lightweight,B: A + is_southpaw (+1 cols),0.48322147651006714,True
3,[8118-8617],8199,0,men,Middleweight,B: A + is_southpaw (+1 cols),0.34328358208955223,True
3,[8118-8617],8200,1,men,Flyweight,B: A + is_southpaw (+1 cols),0.34328358208955223,True
3,[8118-8617],8201,0,men,Flyweight,B: A + is_southpaw (+1 cols),0.48322147651006714,True
3,[8118-8617],8202,1,men,Middleweight,B: A + is_southpaw (+1 cols),0.5795454545454546,True
3,[8118-8617],8203,1,men,Flyweight,B: A + is_southpaw (+1 cols),0.48322147651006714,True
3,[8118-8617],8204,0,men,Featherweight,B: A + is_southpaw (+1 cols),0.48322147651006714,True
3,[8118-8617],8205,1,women,Women's Strawweight,B: A + is_southpaw (+1 cols),0.6703296703296703,False
3,[8118-8617],8206,0,men,Welterweight,B: A + is_southpaw (+1 cols),0.48322147651006714,True
3,[8118-8617],8207,1,men,Heavyweight,B: A + is_southpaw (+1 cols),0.5806451612903226,True
3,[8118-8617],8208,1,women,Women's Strawweight,B: A + is_southpaw (+1 cols),0.6703296703296703,False
3,[8118-8617],8209,0,women,Women's Strawweight,B: A + is_southpaw (+1 cols),0.34328358208955223,False
3,[8118-8617],8210,1,women,Women's Bantamweight,B: A + is_southpaw (+1 cols),0.5795454545454546,False
3,[8118-8617],8211,0,men,Bantamweight,B: A + is_southpaw (+1 cols),0.48322147651006714,True
3,[8118-8617],8212,0,men,Bantamweight,B: A + is_southpaw (+1 cols),0.6703296703296703,True
3,[8118-8617],8213,1,men,Featherweight,B: A + is_southpaw (+1 cols),0.5,True
3,[8118-8617],8214,1,men,Flyweight,B: A + is_southpaw (+1 cols),0.48322147651006714,True
3,[8118-8617],8215,1,men,Bantamweight,B: A + is_southpaw (+1 cols),0.34328358208955223,True
3,[8118-8617],8216,1,men,Middleweight,B: A + is_southpaw (+1 cols),0.5795454545454546,True
3,[8118-8617],8217,0,men,Flyweight,B: A + is_southpaw (+1 cols),0.34328358208955223,True
3,[8118-8617],8218,1,men,Catch Weight,B: A + is_southpaw (+1 cols),0.34328358208955223,True
3,[8118-8617],8219,1,men,Middleweight,B: A + is_southpaw (+1 cols),0.7222222222222222,True
3,[8118-8617],8220,1,men,Welterweight,B: A + is_southpaw (+1 cols),0.7222222222222222,True
3,[8118-8617],8221,1,men,Heavyweight,B: A + is_southpaw (+1 cols),0.8148148148148148,True
3,[8118-8617],8222,1,men,Middleweight,B: A + is_southpaw (+1 cols),0.48322147651006714,True
3,[8118-8617],8223,1,men,Welterweight,B: A + is_southpaw (+1 cols),0.6703296703296703,True
3,[8118-8617],8224,1,men,Featherweight,B: A + is_southpaw (+1 cols),0.7105263157894737,True
3,[8118-8617],8225,1,men,Middleweight,B: A + is_southpaw (+1 cols),0.6703296703296703,True
3,[8118-8617],8226,1,men,Featherweight,B: A + is_southpaw (+1 cols),0.5151515151515151,True
3,[8118-8617],8227,1,men,Light Heavyweight,B: A + is_southpaw (+1 cols),0.7105263157894737,True
3,[8118-8617],8228,0,men,Middleweight,B: A + is_southpaw (+1 cols),0.34328358208955223,True
3,[8118-8617],8229,1,men,Featherweight,B: A + is_southpaw (+1 cols),0.48322147651006714,True
3,[8118-8617],8230,1,men,Light Heavyweight,B: A + is_southpaw (+1 cols),0.711909803335072,True
3,[8118-8617],8231,1,women,Women's Flyweight,B: A + is_southpaw (+1 cols),0.48322147651006714,False
3,[8118-8617],8232,1,men,Bantamweight,B: A + is_southpaw (+1 cols),0.48322147651006714,True
3,[8118-8617],8233,1,men,Heavyweight,B: A + is_southpaw (+1 cols),0.7105263157894737,True
3,[8118-8617],8234,0,men,Featherweight,B: A + is_southpaw (+1 cols),0.48322147651006714,True
3,[8118-8617],8235,1,men,Bantamweight,B: A + is_southpaw (+1 cols),0.6703296703296703,True
3,[8118-8617],8236,1,men,Bantamweight,B: A + is_southpaw (+1 cols),0.5795454545454546,True
3,[8118-8617],8237,0,men,Bantamweight,B: A + is_southpaw (+1 cols),0.48322147651006714,True
3,[8118-8617],8238,0,men,Middleweight,B: A + is_southpaw (+1 cols),0.48322147651006714,True
3,[8118-8617],8239,0,women,Women's Flyweight,B: A + is_southpaw (+1 cols),0.6703296703296703,False
3,[8118-8617],8240,0,men,Light Heavyweight,B: A + is_southpaw (+1 cols),0.5795454545454546,True
3,[8118-8617],8241,1,women,Women's Flyweight,B: A + is_southpaw (+1 cols),0.5806451612903226,False
3,[8118-8617],8242,1,men,Flyweight,B: A + is_southpaw (+1 cols),0.5795454545454546,True
3,[8118-8617],8243,1,men,Welterweight,B: A + is_southpaw (+1 cols),0.5806451612903226,True
3,[8118-8617],8244,1,women,Women's Bantamweight,B: A + is_southpaw (+1 cols),0.48322147651006714,False
3,[8118-8617],8245,1,men,Middleweight,B: A + is_southpaw (+1 cols),0.5795454545454546,True
3,[8118-8617],8246,0,men,Bantamweight,B: A + is_southpaw (+1 cols),0.48322147651006714,True
3,[8118-8617],8247,0,men,Welterweight,B: A + is_southpaw (+1 cols),0.48322147651006714,True
3,[8118-8617],8248,1,men,Welterweight,B: A + is_southpaw (+1 cols),0.5795454545454546,True
3,[8118-8617],8249,1,men,Middleweight,B: A + is_southpaw (+1 cols),0.6703296703296703,True
3,[8118-8617],8250,0,women,Women's Strawweight,B: A + is_southpaw (+1 cols),0.48322147651006714,False
3,[8118-8617],8251,1,men,Bantamweight,B: A + is_southpaw (+1 cols),0.48322147651006714,True
3,[8118-8617],8252,0,men,Middleweight,B: A + is_southpaw (+1 cols),0.5,True
3,[8118-8617],8253,0,men,Welterweight,B: A + is_southpaw (+1 cols),0.34328358208955223,True
3,[8118-8617],8254,0,women,Women's Strawweight,B: A + is_southpaw (+1 cols),0.34328358208955223,False
3,[8118-8617],8255,1,men,Lightweight,B: A + is_southpaw (+1 cols),0.5795454545454546,True
3,[8118-8617],8256,0,women,Women's Flyweight,B: A + is_southpaw (+1 cols),0.48322147651006714,False
3,[8118-8617],8257,0,men,Welterweight,B: A + is_southpaw (+1 cols),0.34328358208955223,True
3,[8118-8617],8258,1,men,Heavyweight,B: A + is_southpaw (+1 cols),0.48322147651006714,True
3,[8118-8617],8259,1,men,Lightweight,B: A + is_southpaw (+1 cols),0.4,True
3,[8118-8617],8260,0,men,Welterweight,B: A + is_southpaw (+1 cols),0.5151515151515151,True
3,[8118-8617],8261,1,men,Catch Weight,B: A + is_southpaw (+1 cols),0.6703296703296703,True
3,[8118-8617],8262,1,men,Heavyweight,B: A + is_southpaw (+1 cols),0.7105263157894737,True
3,[8118-8617],8263,1,men,Lightweight,B: A + is_southpaw (+1 cols),0.5795454545454546,True
3,[8118-8617],8264,0,men,Bantamweight,B: A + is_southpaw (+1 cols),0.48322147651006714,True
3,[8118-8617],8265,1,men,Middleweight,B: A + is_southpaw (+1 cols),0.9957806039809057,True
3,[8118-8617],8266,1,women,Women's Flyweight,B: A + is_southpaw (+1 cols),0.48322147651006714,False
3,[8118-8617],8267,0,men,Lightweight,B: A + is_southpaw (+1 cols),0.48322147651006714,True
3,[8118-8617],8268,1,men,Bantamweight,B: A + is_southpaw (+1 cols),0.5806451612903226,True
3,[8118-8617],8269,1,men,Flyweight,B: A + is_southpaw (+1 cols),0.5795454545454546,True
3,[8118-8617],8270,0,men,Flyweight,B: A + is_southpaw (+1 cols),0.7222222222222222,True
3,[8118-8617],8271,0,men,Flyweight,B: A + is_southpaw (+1 cols),0.48322147651006714,True
3,[8118-8617],8272,0,men,Bantamweight,B: A + is_southpaw (+1 cols),0.5,True
3,[8118-8617],8273,1,women,Women's Strawweight,B: A + is_southpaw (+1 cols),0.34328358208955223,False
3,[8118-8617],8274,0,men,Light Heavyweight,B: A + is_southpaw (+1 cols),0.3447855770568078,True
3,[8118-8617],8275,0,women,Women's Flyweight,B: A + is_southpaw (+1 cols),0.7222222222222222,False
3,[8118-8617],8276,0,men,Welterweight,B: A + is_southpaw (+1 cols),0.48322147651006714,True
3,[8118-8617],8277,1,women,Women's Strawweight,B: A + is_southpaw (+1 cols),0.48322147651006714,False
3,[8118-8617],8278,1,men,Bantamweight,B: A + is_southpaw (+1 cols),0.7222222222222222,True
3,[8118-8617],8279,1,men,Light Heavyweight,B: A + is_southpaw (+1 cols),0.9047619047619048,True
3,[8118-8617],8280,0,men,Welterweight,B: A + is_southpaw (+1 cols),0.48322147651006714,True
3,[8118-8617],8281,1,men,Heavyweight,B: A + is_southpaw (+1 cols),0.5151515151515151,True
3,[8118-8617],8282,0,men,Lightweight,B: A + is_southpaw (+1 cols),0.34328358208955223,True
3,[8118-8617],8283,1,men,Welterweight,B: A + is_southpaw (+1 cols),0.5151515151515151,True
3,[8118-8617],8284,0,men,Flyweight,B: A + is_southpaw (+1 cols),0.48322147651006714,True
3,[8118-8617],8285,0,men,Catch Weight,B: A + is_southpaw (+1 cols),0.5795454545454546,True
3,[8118-8617],8286,1,men,Featherweight,B: A + is_southpaw (+1 cols),0.6703296703296703,True
3,[8118-8617],8287,1,men,Heavyweight,B: A + is_southpaw (+1 cols),0.7222222222222222,True
3,[8118-8617],8288,1,men,Light Heavyweight,B: A + is_southpaw (+1 cols),0.5806035504302574,True
3,[8118-8617],8289,0,men,Featherweight,B: A + is_southpaw (+1 cols),0.48322147651006714,True
3,[8118-8617],8290,1,men,Featherweight,B: A + is_southpaw (+1 cols),0.9047619047619048,True
3,[8118-8617],8291,1,men,Welterweight,B: A + is_southpaw (+1 cols),0.5795454545454546,True
3,[8118-8617],8292,1,men,Flyweight,B: A + is_southpaw (+1 cols),0.6703296703296703,True
3,[8118-8617],8293,1,men,Welterweight,B: A + is_southpaw (+1 cols),0.48322147651006714,True
3,[8118-8617],8294,1,men,Featherweight,B: A + is_southpaw (+1 cols),0.48322147651006714,True
3,[8118-8617],8295,0,women,Women's Strawweight,B: A + is_southpaw (+1 cols),0.7222222222222222,False
3,[8118-8617],8296,1,men,Bantamweight,B: A + is_southpaw (+1 cols),0.34328358208955223,True
3,[8118-8617],8297,1,women,Women's Flyweight,B: A + is_southpaw (+1 cols),0.9136869714620728,False
3,[8118-8617],8298,0,men,Featherweight,B: A + is_southpaw (+1 cols),0.48322147651006714,True
3,[8118-8617],8299,1,men,Lightweight,B: A + is_southpaw (+1 cols),0.6703296703296703,True
3,[8118-8617],8300,1,men,Featherweight,B: A + is_southpaw (+1 cols),0.48322147651006714,True
3,[8118-8617],8301,1,men,Light Heavyweight,B: A + is_southpaw (+1 cols),0.9047619047619048,True
3,[8118-8617],8302,0,men,Bantamweight,B: A + is_southpaw (+1 cols),0.48322147651006714,True
3,[8118-8617],8303,0,men,Light Heavyweight,B: A + is_southpaw (+1 cols),0.6703296703296703,True
3,[8118-8617],8304,1,men,Flyweight,B: A + is_southpaw (+1 cols),0.5806451612903226,True
3,[8118-8617],8305,0,men,Welterweight,B: A + is_southpaw (+1 cols),0.5151515151515151,True
3,[8118-8617],8306,1,men,Lightweight,B: A + is_southpaw (+1 cols),0.5795454545454546,True
3,[8118-8617],8307,1,men,Lightweight,B: A + is_southpaw (+1 cols),0.6703296703296703,True
3,[8118-8617],8308,1,women,Women's Strawweight,B: A + is_southpaw (+1 cols),0.6703296703296703,False
3,[8118-8617],8309,0,men,Light Heavyweight,B: A + is_southpaw (+1 cols),0.7105263157894737,True
3,[8118-8617],8310,1,women,Women's Flyweight,B: A + is_southpaw (+1 cols),0.5151515151515151,False
3,[8118-8617],8311,0,men,Welterweight,B: A + is_southpaw (+1 cols),0.34328358208955223,True
3,[8118-8617],8312,1,men,Lightweight,B: A + is_southpaw (+1 cols),0.5,True
3,[8118-8617],8313,1,men,Middleweight,B: A + is_southpaw (+1 cols),0.5795454545454546,True
3,[8118-8617],8314,0,men,Flyweight,B: A + is_southpaw (+1 cols),0.6703296703296703,True
3,[8118-8617],8315,1,men,Featherweight,B: A + is_southpaw (+1 cols),0.5795454545454546,True
3,[8118-8617],8316,0,men,Middleweight,B: A + is_southpaw (+1 cols),0.34328358208955223,True
3,[8118-8617],8317,1,men,Middleweight,B: A + is_southpaw (+1 cols),0.6703296703296703,True
3,[8118-8617],8318,1,men,Welterweight,B: A + is_southpaw (+1 cols),0.48322147651006714,True
3,[8118-8617],8319,1,women,Women's Strawweight,B: A + is_southpaw (+1 cols),0.4,False
3,[8118-8617],8320,1,men,Welterweight,B: A + is_southpaw (+1 cols),0.5151515151515151,True
3,[8118-8617],8321,1,men,Light Heavyweight,B: A + is_southpaw (+1 cols),0.5795454545454546,True
3,[8118-8617],8322,0,men,Bantamweight,B: A + is_southpaw (+1 cols),0.4,True
3,[8118-8617],8323,0,men,Bantamweight,B: A + is_southpaw (+1 cols),0.9047619047619048,True
3,[8118-8617],8324,0,women,Women's Bantamweight,B: A + is_southpaw (+1 cols),0.34328358208955223,False
3,[8118-8617],8325,1,men,Lightweight,B: A + is_southpaw (+1 cols),0.7105263157894737,True
3,[8118-8617],8326,0,men,Middleweight,B: A + is_southpaw (+1 cols),0.5795454545454546,True
3,[8118-8617],8327,1,men,Flyweight,B: A + is_southpaw (+1 cols),0.4,True
3,[8118-8617],8328,0,men,Middleweight,B: A + is_southpaw (+1 cols),0.48322147651006714,True
3,[8118-8617],8329,1,men,Heavyweight,B: A + is_southpaw (+1 cols),0.8889961473865282,True
3,[8118-8617],8330,1,men,Light Heavyweight,B: A + is_southpaw (+1 cols),0.48322147651006714,True
3,[8118-8617],8331,1,men,Bantamweight,B: A + is_southpaw (+1 cols),0.48322147651006714,True
3,[8118-8617],8332,1,men,Lightweight,B: A + is_southpaw (+1 cols),0.7222222222222222,True
3,[8118-8617],8333,0,men,Bantamweight,B: A + is_southpaw (+1 cols),0.7105263157894737,True
3,[8118-8617],8334,1,men,Heavyweight,B: A + is_southpaw (+1 cols),0.5795454545454546,True
3,[8118-8617],8335,1,men,Featherweight,B: A + is_southpaw (+1 cols),0.48322147651006714,True
3,[8118-8617],8336,1,women,Women's Flyweight,B: A + is_southpaw (+1 cols),0.6703296703296703,False
3,[8118-8617],8337,1,men,Lightweight,B: A + is_southpaw (+1 cols),0.6703296703296703,True
3,[8118-8617],8338,1,men,Heavyweight,B: A + is_southpaw (+1 cols),0.6703296703296703,True
3,[8118-8617],8339,0,men,Middleweight,B: A + is_southpaw (+1 cols),0.7222222222222222,True
3,[8118-8617],8340,1,men,Lightweight,B: A + is_southpaw (+1 cols),0.7105263157894737,True
3,[8118-8617],8341,0,men,Bantamweight,B: A + is_southpaw (+1 cols),0.48322147651006714,True
3,[8118-8617],8342,1,men,Heavyweight,B: A + is_southpaw (+1 cols),0.6703296703296703,True
3,[8118-8617],8343,1,men,Featherweight,B: A + is_southpaw (+1 cols),0.7198807063995075,True
3,[8118-8617],8344,0,men,Middleweight,B: A + is_southpaw (+1 cols),0.34328358208955223,True
3,[8118-8617],8345,1,men,Lightweight,B: A + is_southpaw (+1 cols),0.6703296703296703,True
3,[8118-8617],8346,1,men,Welterweight,B: A + is_southpaw (+1 cols),0.5795454545454546,True
3,[8118-8617],8347,1,men,Lightweight,B: A + is_southpaw (+1 cols),0.5795454545454546,True
3,[8118-8617],8348,0,men,Bantamweight,B: A + is_southpaw (+1 cols),0.5795454545454546,True
3,[8118-8617],8349,1,women,Women's Flyweight,B: A + is_southpaw (+1 cols),0.6703296703296703,False
3,[8118-8617],8350,1,men,Lightweight,B: A + is_southpaw (+1 cols),0.5795454545454546,True
3,[8118-8617],8351,0,men,Featherweight,B: A + is_southpaw (+1 cols),0.5151515151515151,True
3,[8118-8617],8352,1,men,Welterweight,B: A + is_southpaw (+1 cols),0.5151515151515151,True
3,[8118-8617],8353,0,men,Heavyweight,B: A + is_southpaw (+1 cols),0.48322147651006714,True
3,[8118-8617],8354,1,women,Women's Strawweight,B: A + is_southpaw (+1 cols),0.48322147651006714,False
3,[8118-8617],8355,1,men,Middleweight,B: A + is_southpaw (+1 cols),0.6703296703296703,True
3,[8118-8617],8356,0,women,Women's Bantamweight,B: A + is_southpaw (+1 cols),0.34328358208955223,False
3,[8118-8617],8357,0,men,Bantamweight,B: A + is_southpaw (+1 cols),1e-06,True
3,[8118-8617],8358,1,men,Welterweight,B: A + is_southpaw (+1 cols),0.6703296703296703,True
3,[8118-8617],8359,1,men,Flyweight,B: A + is_southpaw (+1 cols),0.6703296703296703,True
3,[8118-8617],8360,1,women,Women's Strawweight,B: A + is_southpaw (+1 cols),0.48322147651006714,False
3,[8118-8617],8361,0,men,Heavyweight,B: A + is_southpaw (+1 cols),0.5151515151515151,True
3,[8118-8617],8362,0,men,Middleweight,B: A + is_southpaw (+1 cols),0.48322147651006714,True
3,[8118-8617],8363,0,men,Lightweight,B: A + is_southpaw (+1 cols),0.7105263157894737,True
3,[8118-8617],8364,1,men,Middleweight,B: A + is_southpaw (+1 cols),0.5795454545454546,True
3,[8118-8617],8365,0,men,Featherweight,B: A + is_southpaw (+1 cols),0.34328358208955223,True
3,[8118-8617],8366,0,men,Featherweight,B: A + is_southpaw (+1 cols),0.48322147651006714,True
3,[8118-8617],8367,1,men,Middleweight,B: A + is_southpaw (+1 cols),0.34328358208955223,True
3,[8118-8617],8368,1,men,Light Heavyweight,B: A + is_southpaw (+1 cols),0.7105263157894737,True
3,[8118-8617],8369,1,men,Middleweight,B: A + is_southpaw (+1 cols),0.7222222222222222,True
3,[8118-8617],8370,0,men,Catch Weight,B: A + is_southpaw (+1 cols),0.5795454545454546,True
3,[8118-8617],8371,1,men,Bantamweight,B: A + is_southpaw (+1 cols),0.48322147651006714,True
3,[8118-8617],8372,1,men,Middleweight,B: A + is_southpaw (+1 cols),0.6703296703296703,True
3,[8118-8617],8373,0,men,Featherweight,B: A + is_southpaw (+1 cols),0.34328358208955223,True
3,[8118-8617],8374,1,men,Light Heavyweight,B: A + is_southpaw (+1 cols),0.48322147651006714,True
3,[8118-8617],8375,1,men,Featherweight,B: A + is_southpaw (+1 cols),0.6703296703296703,True
3,[8118-8617],8376,1,men,Catch Weight,B: A + is_southpaw (+1 cols),0.48322147651006714,True
3,[8118-8617],8377,0,men,Middleweight,B: A + is_southpaw (+1 cols),0.48322147651006714,True
3,[8118-8617],8378,0,men,Bantamweight,B: A + is_southpaw (+1 cols),0.34328358208955223,True
3,[8118-8617],8379,1,men,Light Heavyweight,B: A + is_southpaw (+1 cols),0.5,True
3,[8118-8617],8380,1,men,Featherweight,B: A + is_southpaw (+1 cols),0.48322147651006714,True
3,[8118-8617],8381,0,men,Flyweight,B: A + is_southpaw (+1 cols),0.48322147651006714,True
3,[8118-8617],8382,0,women,Women's Flyweight,B: A + is_southpaw (+1 cols),0.48322147651006714,False
3,[8118-8617],8383,1,men,Featherweight,B: A + is_southpaw (+1 cols),0.7105263157894737,True
3,[8118-8617],8384,0,men,Featherweight,B: A + is_southpaw (+1 cols),0.48322147651006714,True
3,[8118-8617],8385,0,men,Welterweight,B: A + is_southpaw (+1 cols),0.6703296703296703,True
3,[8118-8617],8386,1,men,Lightweight,B: A + is_southpaw (+1 cols),0.48322147651006714,True
3,[8118-8617],8387,1,men,Middleweight,B: A + is_southpaw (+1 cols),0.6703296703296703,True
3,[8118-8617],8388,1,men,Flyweight,B: A + is_southpaw (+1 cols),0.34328358208955223,True
3,[8118-8617],8389,0,men,Heavyweight,B: A + is_southpaw (+1 cols),0.34328358208955223,True
3,[8118-8617],8390,1,men,Middleweight,B: A + is_southpaw (+1 cols),0.5151515151515151,True
3,[8118-8617],8391,0,men,Middleweight,B: A + is_southpaw (+1 cols),0.9047619047619048,True
3,[8118-8617],8392,1,men,Featherweight,B: A + is_southpaw (+1 cols),0.6703296703296703,True
3,[8118-8617],8393,0,men,Welterweight,B: A + is_southpaw (+1 cols),0.34328358208955223,True
3,[8118-8617],8394,1,men,Flyweight,B: A + is_southpaw (+1 cols),0.34328358208955223,True
3,[8118-8617],8395,0,men,Light Heavyweight,B: A + is_southpaw (+1 cols),0.5,True
3,[8118-8617],8396,1,women,Women's Strawweight,B: A + is_southpaw (+1 cols),1e-06,False
3,[8118-8617],8397,0,men,Lightweight,B: A + is_southpaw (+1 cols),0.34328358208955223,True
3,[8118-8617],8398,1,men,Lightweight,B: A + is_southpaw (+1 cols),0.48322147651006714,True
3,[8118-8617],8399,0,men,Lightweight,B: A + is_southpaw (+1 cols),0.48322147651006714,True
3,[8118-8617],8400,1,men,Bantamweight,B: A + is_southpaw (+1 cols),0.9047619047619048,True
3,[8118-8617],8401,0,women,Women's Bantamweight,B: A + is_southpaw (+1 cols),0.9047619047619048,False
3,[8118-8617],8402,0,men,Flyweight,B: A + is_southpaw (+1 cols),0.34328358208955223,True
3,[8118-8617],8403,0,women,Women's Strawweight,B: A + is_southpaw (+1 cols),0.8148148148148148,False
3,[8118-8617],8404,1,men,Bantamweight,B: A + is_southpaw (+1 cols),0.34328358208955223,True
3,[8118-8617],8405,0,women,Women's Flyweight,B: A + is_southpaw (+1 cols),0.6703296703296703,False
3,[8118-8617],8406,0,men,Featherweight,B: A + is_southpaw (+1 cols),1e-06,True
3,[8118-8617],8407,0,men,Light Heavyweight,B: A + is_southpaw (+1 cols),0.7105263157894737,True
3,[8118-8617],8408,1,men,Bantamweight,B: A + is_southpaw (+1 cols),0.6703296703296703,True
3,[8118-8617],8409,1,men,Lightweight,B: A + is_southpaw (+1 cols),0.8148148148148148,True
3,[8118-8617],8410,1,men,Welterweight,B: A + is_southpaw (+1 cols),0.5795454545454546,True
3,[8118-8617],8411,0,men,Middleweight,B: A + is_southpaw (+1 cols),0.6703296703296703,True
3,[8118-8617],8412,1,men,Heavyweight,B: A + is_southpaw (+1 cols),0.8021347669546336,True
3,[8118-8617],8413,0,men,Lightweight,B: A + is_southpaw (+1 cols),0.38438213326209275,True
3,[8118-8617],8414,1,women,Women's Strawweight,B: A + is_southpaw (+1 cols),0.48866125700374163,False
3,[8118-8617],8415,1,men,Middleweight,B: A + is_southpaw (+1 cols),0.5,True
3,[8118-8617],8416,1,men,Heavyweight,B: A + is_southpaw (+1 cols),0.34328358208955223,True
3,[8118-8617],8417,1,men,Flyweight,B: A + is_southpaw (+1 cols),0.6703296703296703,True
3,[8118-8617],8418,0,men,Lightweight,B: A + is_southpaw (+1 cols),0.34328358208955223,True
3,[8118-8617],8419,0,men,Bantamweight,B: A + is_southpaw (+1 cols),0.6703296703296703,True
3,[8118-8617],8420,0,men,Lightweight,B: A + is_southpaw (+1 cols),0.5795454545454546,True
3,[8118-8617],8421,0,women,Women's Strawweight,B: A + is_southpaw (+1 cols),0.34328358208955223,False
3,[8118-8617],8422,0,men,Welterweight,B: A + is_southpaw (+1 cols),0.48322147651006714,True
3,[8118-8617],8423,0,men,Light Heavyweight,B: A + is_southpaw (+1 cols),0.34328358208955223,True
3,[8118-8617],8424,0,men,Welterweight,B: A + is_southpaw (+1 cols),0.48322147651006714,True
3,[8118-8617],8425,1,men,Featherweight,B: A + is_southpaw (+1 cols),0.48322147651006714,True
3,[8118-8617],8426,1,men,Lightweight,B: A + is_southpaw (+1 cols),0.7105263157894737,True
3,[8118-8617],8427,1,men,Featherweight,B: A + is_southpaw (+1 cols),0.6703296703296703,True
3,[8118-8617],8428,1,men,Lightweight,B: A + is_southpaw (+1 cols),0.7222222222222222,True
3,[8118-8617],8429,1,women,Women's Strawweight,B: A + is_southpaw (+1 cols),0.6703296703296703,False
3,[8118-8617],8430,0,men,Featherweight,B: A + is_southpaw (+1 cols),0.48322147651006714,True
3,[8118-8617],8431,0,men,Middleweight,B: A + is_southpaw (+1 cols),1e-06,True
3,[8118-8617],8432,0,men,Flyweight,B: A + is_southpaw (+1 cols),0.5,True
3,[8118-8617],8433,1,men,Bantamweight,B: A + is_southpaw (+1 cols),0.8540570726987141,True
3,[8118-8617],8434,1,men,Flyweight,B: A + is_southpaw (+1 cols),0.6703296703296703,True
3,[8118-8617],8435,1,men,Lightweight,B: A + is_southpaw (+1 cols),0.8148148148148148,True
3,[8118-8617],8436,1,men,Flyweight,B: A + is_southpaw (+1 cols),0.6703296703296703,True
3,[8118-8617],8437,1,men,Bantamweight,B: A + is_southpaw (+1 cols),0.6703296703296703,True
3,[8118-8617],8438,1,women,Women's Strawweight,B: A + is_southpaw (+1 cols),0.7222222222222222,False
3,[8118-8617],8439,0,women,Women's Strawweight,B: A + is_southpaw (+1 cols),0.34328358208955223,False
3,[8118-8617],8440,1,men,Heavyweight,B: A + is_southpaw (+1 cols),0.7105263157894737,True
3,[8118-8617],8441,1,men,Bantamweight,B: A + is_southpaw (+1 cols),0.48322147651006714,True
3,[8118-8617],8442,1,men,Welterweight,B: A + is_southpaw (+1 cols),0.5,True
3,[8118-8617],8443,0,women,Women's Flyweight,B: A + is_southpaw (+1 cols),0.48322147651006714,False
3,[8118-8617],8444,1,men,Flyweight,B: A + is_southpaw (+1 cols),0.34328358208955223,True
3,[8118-8617],8445,1,men,Middleweight,B: A + is_southpaw (+1 cols),0.48322147651006714,True
3,[8118-8617],8446,0,men,Bantamweight,B: A + is_southpaw (+1 cols),0.48322147651006714,True
3,[8118-8617],8447,1,men,Featherweight,B: A + is_southpaw (+1 cols),0.48322147651006714,True
3,[8118-8617],8448,0,men,Featherweight,B: A + is_southpaw (+1 cols),0.34328358208955223,True
3,[8118-8617],8449,1,men,Middleweight,B: A + is_southpaw (+1 cols),0.999999,True
3,[8118-8617],8450,0,men,Middleweight,B: A + is_southpaw (+1 cols),0.48322147651006714,True
3,[8118-8617],8451,1,women,Women's Bantamweight,B: A + is_southpaw (+1 cols),0.6703296703296703,False
3,[8118-8617],8452,1,men,Flyweight,B: A + is_southpaw (+1 cols),0.48322147651006714,True
3,[8118-8617],8453,0,men,Middleweight,B: A + is_southpaw (+1 cols),0.48322147651006714,True
3,[8118-8617],8454,0,men,Featherweight,B: A + is_southpaw (+1 cols),0.48322147651006714,True
3,[8118-8617],8455,0,men,Lightweight,B: A + is_southpaw (+1 cols),1e-06,True
3,[8118-8617],8456,0,women,Women's Strawweight,B: A + is_southpaw (+1 cols),0.5151515151515151,False
3,[8118-8617],8457,1,men,Featherweight,B: A + is_southpaw (+1 cols),0.34328358208955223,True
3,[8118-8617],8458,0,men,Light Heavyweight,B: A + is_southpaw (+1 cols),0.5,True
3,[8118-8617],8459,0,men,Featherweight,B: A + is_southpaw (+1 cols),0.5,True
3,[8118-8617],8460,1,men,Featherweight,B: A + is_southpaw (+1 cols),0.6703296703296703,True
3,[8118-8617],8461,0,men,Lightweight,B: A + is_southpaw (+1 cols),0.4,True
3,[8118-8617],8462,1,men,Featherweight,B: A + is_southpaw (+1 cols),0.6703296703296703,True
3,[8118-8617],8463,0,women,Women's Bantamweight,B: A + is_southpaw (+1 cols),0.48322147651006714,False
3,[8118-8617],8464,1,men,Featherweight,B: A + is_southpaw (+1 cols),0.48322147651006714,True
3,[8118-8617],8465,1,women,Women's Strawweight,B: A + is_southpaw (+1 cols),0.9047619047619048,False
3,[8118-8617],8466,1,men,Bantamweight,B: A + is_southpaw (+1 cols),0.48322147651006714,True
3,[8118-8617],8467,1,men,Bantamweight,B: A + is_southpaw (+1 cols),0.5151515151515151,True
3,[8118-8617],8468,1,men,Featherweight,B: A + is_southpaw (+1 cols),0.48322147651006714,True
3,[8118-8617],8469,1,men,Lightweight,B: A + is_southpaw (+1 cols),0.48322147651006714,True
3,[8118-8617],8470,1,men,Welterweight,B: A + is_southpaw (+1 cols),0.7105263157894737,True
3,[8118-8617],8471,1,men,Middleweight,B: A + is_southpaw (+1 cols),0.48322147651006714,True
3,[8118-8617],8472,1,men,Welterweight,B: A + is_southpaw (+1 cols),0.6703296703296703,True
3,[8118-8617],8473,0,men,Middleweight,B: A + is_southpaw (+1 cols),0.6703296703296703,True
3,[8118-8617],8474,0,men,Featherweight,B: A + is_southpaw (+1 cols),0.48322147651006714,True
3,[8118-8617],8475,0,men,Light Heavyweight,B: A + is_southpaw (+1 cols),0.34328358208955223,True
3,[8118-8617],8476,1,men,Flyweight,B: A + is_southpaw (+1 cols),0.5795454545454546,True
3,[8118-8617],8477,0,women,Women's Strawweight,B: A + is_southpaw (+1 cols),0.48322147651006714,False
3,[8118-8617],8478,1,women,Women's Flyweight,B: A + is_southpaw (+1 cols),0.34328358208955223,False
3,[8118-8617],8479,0,men,Middleweight,B: A + is_southpaw (+1 cols),0.48322147651006714,True
3,[8118-8617],8480,1,men,Heavyweight,B: A + is_southpaw (+1 cols),0.6703296703296703,True
3,[8118-8617],8481,0,men,Bantamweight,B: A + is_southpaw (+1 cols),0.5795454545454546,True
3,[8118-8617],8482,1,women,Women's Bantamweight,B: A + is_southpaw (+1 cols),0.6703296703296703,False
3,[8118-8617],8483,0,men,Welterweight,B: A + is_southpaw (+1 cols),0.48322147651006714,True
3,[8118-8617],8484,0,men,Bantamweight,B: A + is_southpaw (+1 cols),0.48322147651006714,True
3,[8118-8617],8485,1,men,Bantamweight,B: A + is_southpaw (+1 cols),0.6703296703296703,True
3,[8118-8617],8486,1,men,Middleweight,B: A + is_southpaw (+1 cols),0.48322147651006714,True
3,[8118-8617],8487,1,men,Bantamweight,B: A + is_southpaw (+1 cols),0.6703296703296703,True
3,[8118-8617],8488,0,men,Lightweight,B: A + is_southpaw (+1 cols),0.34328358208955223,True
3,[8118-8617],8489,0,men,Bantamweight,B: A + is_southpaw (+1 cols),0.5151515151515151,True
3,[8118-8617],8490,1,men,Middleweight,B: A + is_southpaw (+1 cols),0.48322147651006714,True
3,[8118-8617],8491,1,men,Light Heavyweight,B: A + is_southpaw (+1 cols),0.6703296703296703,True
3,[8118-8617],8492,1,men,Light Heavyweight,B: A + is_southpaw (+1 cols),0.48322147651006714,True
3,[8118-8617],8493,0,women,Women's Flyweight,B: A + is_southpaw (+1 cols),0.48322147651006714,False
3,[8118-8617],8494,1,men,Featherweight,B: A + is_southpaw (+1 cols),0.48322147651006714,True
3,[8118-8617],8495,1,men,Lightweight,B: A + is_southpaw (+1 cols),0.9047619047619048,True
3,[8118-8617],8496,0,women,Women's Flyweight,B: A + is_southpaw (+1 cols),0.34328358208955223,False
3,[8118-8617],8497,0,men,Featherweight,B: A + is_southpaw (+1 cols),0.48322147651006714,True
3,[8118-8617],8498,1,women,Women's Flyweight,B: A + is_southpaw (+1 cols),0.48322147651006714,False
3,[8118-8617],8499,0,men,Welterweight,B: A + is_southpaw (+1 cols),0.48322147651006714,True
3,[8118-8617],8500,1,men,Welterweight,B: A + is_southpaw (+1 cols),0.6703296703296703,True
3,[8118-8617],8501,1,women,Women's Strawweight,B: A + is_southpaw (+1 cols),0.5795454545454546,False
3,[8118-8617],8502,1,men,Flyweight,B: A + is_southpaw (+1 cols),0.7105263157894737,True
3,[8118-8617],8503,0,women,Women's Strawweight,B: A + is_southpaw (+1 cols),0.34328358208955223,False
3,[8118-8617],8504,1,women,Women's Bantamweight,B: A + is_southpaw (+1 cols),0.6703296703296703,False
3,[8118-8617],8505,1,men,Featherweight,B: A + is_southpaw (+1 cols),0.7105263157894737,True
3,[8118-8617],8506,1,men,Lightweight,B: A + is_southpaw (+1 cols),0.48322147651006714,True
3,[8118-8617],8507,0,men,Featherweight,B: A + is_southpaw (+1 cols),0.34328358208955223,True
3,[8118-8617],8508,0,men,Middleweight,B: A + is_southpaw (+1 cols),0.48322147651006714,True
3,[8118-8617],8509,0,men,Lightweight,B: A + is_southpaw (+1 cols),0.4,True
3,[8118-8617],8510,0,men,Welterweight,B: A + is_southpaw (+1 cols),0.14222261124950453,True
3,[8118-8617],8511,1,men,Lightweight,B: A + is_southpaw (+1 cols),0.48322147651006714,True
3,[8118-8617],8512,0,women,Women's Strawweight,B: A + is_southpaw (+1 cols),0.6703296703296703,False
3,[8118-8617],8513,1,men,Lightweight,B: A + is_southpaw (+1 cols),0.6703296703296703,True
3,[8118-8617],8514,0,men,Lightweight,B: A + is_southpaw (+1 cols),0.34328358208955223,True
3,[8118-8617],8515,1,men,Middleweight,B: A + is_southpaw (+1 cols),0.48322147651006714,True
3,[8118-8617],8516,0,men,Flyweight,B: A + is_southpaw (+1 cols),0.48322147651006714,True
3,[8118-8617],8517,1,men,Light Heavyweight,B: A + is_southpaw (+1 cols),0.5795454545454546,True
3,[8118-8617],8518,0,men,Welterweight,B: A + is_southpaw (+1 cols),0.6703296703296703,True
3,[8118-8617],8519,1,men,Lightweight,B: A + is_southpaw (+1 cols),0.6703296703296703,True
3,[8118-8617],8520,1,women,Women's Featherweight,B: A + is_southpaw (+1 cols),0.48322147651006714,False
3,[8118-8617],8521,1,men,Lightweight,B: A + is_southpaw (+1 cols),0.6703296703296703,True
3,[8118-8617],8522,1,men,Lightweight,B: A + is_southpaw (+1 cols),0.8148148148148148,True
3,[8118-8617],8523,0,men,Featherweight,B: A + is_southpaw (+1 cols),0.5795454545454546,True
3,[8118-8617],8524,0,women,Women's Flyweight,B: A + is_southpaw (+1 cols),0.48322147651006714,False
3,[8118-8617],8525,0,men,Welterweight,B: A + is_southpaw (+1 cols),0.5806451612903226,True
3,[8118-8617],8526,1,men,Light Heavyweight,B: A + is_southpaw (+1 cols),0.7105263157894737,True
3,[8118-8617],8527,0,men,Heavyweight,B: A + is_southpaw (+1 cols),0.6703296703296703,True
3,[8118-8617],8528,0,men,Welterweight,B: A + is_southpaw (+1 cols),0.48322147651006714,True
3,[8118-8617],8529,1,men,Bantamweight,B: A + is_southpaw (+1 cols),0.7105263157894737,True
3,[8118-8617],8530,0,men,Middleweight,B: A + is_southpaw (+1 cols),0.4,True
3,[8118-8617],8531,0,women,Women's Bantamweight,B: A + is_southpaw (+1 cols),0.34328358208955223,False
3,[8118-8617],8532,1,men,Bantamweight,B: A + is_southpaw (+1 cols),0.48322147651006714,True
3,[8118-8617],8533,0,men,Flyweight,B: A + is_southpaw (+1 cols),0.34328358208955223,True
3,[8118-8617],8534,0,men,Flyweight,B: A + is_southpaw (+1 cols),0.48322147651006714,True
3,[8118-8617],8535,1,women,Women's Flyweight,B: A + is_southpaw (+1 cols),0.8148148148148148,False
3,[8118-8617],8536,1,men,Welterweight,B: A + is_southpaw (+1 cols),0.48322147651006714,True
3,[8118-8617],8537,1,men,Bantamweight,B: A + is_southpaw (+1 cols),0.9047619047619048,True
3,[8118-8617],8538,1,men,Bantamweight,B: A + is_southpaw (+1 cols),0.8148148148148148,True
3,[8118-8617],8539,1,men,Welterweight,B: A + is_southpaw (+1 cols),0.48322147651006714,True
3,[8118-8617],8540,1,men,Light Heavyweight,B: A + is_southpaw (+1 cols),1e-06,True
3,[8118-8617],8541,0,men,Bantamweight,B: A + is_southpaw (+1 cols),0.48322147651006714,True
3,[8118-8617],8542,1,men,Middleweight,B: A + is_southpaw (+1 cols),0.5795454545454546,True
3,[8118-8617],8543,1,women,Women's Flyweight,B: A + is_southpaw (+1 cols),0.48322147651006714,False
3,[8118-8617],8544,1,men,Welterweight,B: A + is_southpaw (+1 cols),0.5806451612903226,True
3,[8118-8617],8545,0,men,Middleweight,B: A + is_southpaw (+1 cols),0.6703296703296703,True
3,[8118-8617],8546,1,men,Flyweight,B: A + is_southpaw (+1 cols),0.7105263157894737,True
3,[8118-8617],8547,0,women,Women's Bantamweight,B: A + is_southpaw (+1 cols),0.6703296703296703,False
3,[8118-8617],8548,1,women,Women's Bantamweight,B: A + is_southpaw (+1 cols),0.6703296703296703,False
3,[8118-8617],8549,0,men,Heavyweight,B: A + is_southpaw (+1 cols),0.5806451612903226,True
3,[8118-8617],8550,1,men,Welterweight,B: A + is_southpaw (+1 cols),0.34328358208955223,True
3,[8118-8617],8551,0,men,Catch Weight,B: A + is_southpaw (+1 cols),0.48322147651006714,True
3,[8118-8617],8552,1,men,Lightweight,B: A + is_southpaw (+1 cols),0.5795454545454546,True
3,[8118-8617],8553,1,men,Heavyweight,B: A + is_southpaw (+1 cols),0.5151515151515151,True
3,[8118-8617],8554,1,men,Lightweight,B: A + is_southpaw (+1 cols),0.34328358208955223,True
3,[8118-8617],8555,0,men,Light Heavyweight,B: A + is_southpaw (+1 cols),0.7105263157894737,True
3,[8118-8617],8556,1,men,Featherweight,B: A + is_southpaw (+1 cols),0.5795454545454546,True
3,[8118-8617],8557,1,men,Heavyweight,B: A + is_southpaw (+1 cols),0.6703296703296703,True
3,[8118-8617],8558,0,men,Welterweight,B: A + is_southpaw (+1 cols),1e-06,True
3,[8118-8617],8559,1,men,Lightweight,B: A + is_southpaw (+1 cols),0.7105263157894737,True
3,[8118-8617],8560,0,women,Women's Flyweight,B: A + is_southpaw (+1 cols),0.34328358208955223,False
3,[8118-8617],8561,0,men,Featherweight,B: A + is_southpaw (+1 cols),0.48322147651006714,True
3,[8118-8617],8562,0,men,Middleweight,B: A + is_southpaw (+1 cols),0.48322147651006714,True
3,[8118-8617],8563,1,men,Bantamweight,B: A + is_southpaw (+1 cols),0.48322147651006714,True
3,[8118-8617],8564,1,men,Lightweight,B: A + is_southpaw (+1 cols),0.5795454545454546,True
3,[8118-8617],8565,0,men,Flyweight,B: A + is_southpaw (+1 cols),0.34328358208955223,True
3,[8118-8617],8566,1,men,Flyweight,B: A + is_southpaw (+1 cols),0.48322147651006714,True
3,[8118-8617],8567,1,men,Lightweight,B: A + is_southpaw (+1 cols),0.8148148148148148,True
3,[8118-8617],8568,1,women,Women's Strawweight,B: A + is_southpaw (+1 cols),0.7134961547480273,False
3,[8118-8617],8569,0,men,Lightweight,B: A + is_southpaw (+1 cols),0.48322147651006714,True
3,[8118-8617],8570,0,men,Heavyweight,B: A + is_southpaw (+1 cols),0.48322147651006714,True
3,[8118-8617],8571,0,women,Women's Flyweight,B: A + is_southpaw (+1 cols),1e-06,False
3,[8118-8617],8572,1,men,Welterweight,B: A + is_southpaw (+1 cols),0.6703296703296703,True
3,[8118-8617],8573,0,men,Welterweight,B: A + is_southpaw (+1 cols),0.48322147651006714,True
3,[8118-8617],8574,1,men,Heavyweight,B: A + is_southpaw (+1 cols),0.34328358208955223,True
3,[8118-8617],8575,1,men,Heavyweight,B: A + is_southpaw (+1 cols),0.8148148148148148,True
3,[8118-8617],8576,0,men,Featherweight,B: A + is_southpaw (+1 cols),0.34328358208955223,True
3,[8118-8617],8577,0,men,Featherweight,B: A + is_southpaw (+1 cols),0.48322147651006714,True
3,[8118-8617],8578,0,men,Welterweight,B: A + is_southpaw (+1 cols),0.34328358208955223,True
3,[8118-8617],8579,0,men,Light Heavyweight,B: A + is_southpaw (+1 cols),0.8148148148148148,True
3,[8118-8617],8580,0,men,Welterweight,B: A + is_southpaw (+1 cols),0.34328358208955223,True
3,[8118-8617],8581,1,women,Women's Flyweight,B: A + is_southpaw (+1 cols),0.48322147651006714,False
3,[8118-8617],8582,1,men,Middleweight,B: A + is_southpaw (+1 cols),0.5151515151515151,True
3,[8118-8617],8583,1,men,Heavyweight,B: A + is_southpaw (+1 cols),0.48322147651006714,True
3,[8118-8617],8584,1,men,Light Heavyweight,B: A + is_southpaw (+1 cols),0.8148148148148148,True
3,[8118-8617],8585,1,men,Middleweight,B: A + is_southpaw (+1 cols),0.8148148148148148,True
3,[8118-8617],8586,0,men,Welterweight,B: A + is_southpaw (+1 cols),0.8148148148148148,True
3,[8118-8617],8587,0,men,Bantamweight,B: A + is_southpaw (+1 cols),0.48322147651006714,True
3,[8118-8617],8588,1,men,Lightweight,B: A + is_southpaw (+1 cols),0.34328358208955223,True
3,[8118-8617],8589,0,men,Featherweight,B: A + is_southpaw (+1 cols),0.7222222222222222,True
3,[8118-8617],8590,0,men,Welterweight,B: A + is_southpaw (+1 cols),0.7105263157894737,True
3,[8118-8617],8591,1,men,Middleweight,B: A + is_southpaw (+1 cols),0.48322147651006714,True
3,[8118-8617],8592,1,men,Lightweight,B: A + is_southpaw (+1 cols),0.48322147651006714,True
3,[8118-8617],8593,0,men,Middleweight,B: A + is_southpaw (+1 cols),0.48322147651006714,True
3,[8118-8617],8594,0,men,Featherweight,B: A + is_southpaw (+1 cols),0.48322147651006714,True
3,[8118-8617],8595,1,men,Heavyweight,B: A + is_southpaw (+1 cols),0.7105263157894737,True
3,[8118-8617],8596,0,men,Light Heavyweight,B: A + is_southpaw (+1 cols),0.7222222222222222,True
3,[8118-8617],8597,1,men,Bantamweight,B: A + is_southpaw (+1 cols),0.34328358208955223,True
3,[8118-8617],8598,1,men,Welterweight,B: A + is_southpaw (+1 cols),0.4,True
3,[8118-8617],8599,0,women,Women's Strawweight,B: A + is_southpaw (+1 cols),0.5151515151515151,False
3,[8118-8617],8600,0,men,Light Heavyweight,B: A + is_southpaw (+1 cols),0.6703296703296703,True
3,[8118-8617],8601,1,men,Flyweight,B: A + is_southpaw (+1 cols),0.5795454545454546,True
3,[8118-8617],8602,1,men,Middleweight,B: A + is_southpaw (+1 cols),0.8148148148148148,True
3,[8118-8617],8603,1,men,Bantamweight,B: A + is_southpaw (+1 cols),0.5806451612903226,True
3,[8118-8617],8604,0,men,Middleweight,B: A + is_southpaw (+1 cols),0.48322147651006714,True
3,[8118-8617],8605,1,men,Bantamweight,B: A + is_southpaw (+1 cols),0.5795454545454546,True
3,[8118-8617],8606,1,men,Flyweight,B: A + is_southpaw (+1 cols),0.9047619047619048,True
3,[8118-8617],8607,1,men,Featherweight,B: A + is_southpaw (+1 cols),0.6703296703296703,True
3,[8118-8617],8608,0,men,Middleweight,B: A + is_southpaw (+1 cols),0.5806252674686457,True
3,[8118-8617],8609,1,men,Middleweight,B: A + is_southpaw (+1 cols),0.8148148148148148,True
3,[8118-8617],8610,1,men,Bantamweight,B: A + is_southpaw (+1 cols),0.5795454545454546,True
3,[8118-8617],8611,1,women,Women's Bantamweight,B: A + is_southpaw (+1 cols),0.48322147651006714,False
3,[8118-8617],8612,1,men,Welterweight,B: A + is_southpaw (+1 cols),0.5795454545454546,True
3,[8118-8617],8613,0,men,Lightweight,B: A + is_southpaw (+1 cols),0.5,True
3,[8118-8617],8614,0,men,Lightweight,B: A + is_southpaw (+1 cols),0.6703296703296703,True
3,[8118-8617],8615,1,men,Flyweight,B: A + is_southpaw (+1 cols),0.5795454545454546,True
3,[8118-8617],8616,1,women,Women's Strawweight,B: A + is_southpaw (+1 cols),0.5954122691730847,False
3,[8118-8617],8617,0,men,Featherweight,B: A + is_southpaw (+1 cols),0.4,True
3,[8118-8617],8118,0,men,Flyweight,A: top-240 WITHOUT is_southpaw~null,0.49315068493150677,True
3,[8118-8617],8119,0,men,Featherweight,A: top-240 WITHOUT is_southpaw~null,0.48905109489051096,True
3,[8118-8617],8120,1,men,Middleweight,A: top-240 WITHOUT is_southpaw~null,0.6753246753246753,True
3,[8118-8617],8121,1,women,Women's Strawweight,A: top-240 WITHOUT is_southpaw~null,0.9166666666666666,False
3,[8118-8617],8122,0,men,Featherweight,A: top-240 WITHOUT is_southpaw~null,0.8,True
3,[8118-8617],8123,1,men,Featherweight,A: top-240 WITHOUT is_southpaw~null,0.9166666666666666,True
3,[8118-8617],8124,0,men,Welterweight,A: top-240 WITHOUT is_southpaw~null,0.3076923076923077,True
3,[8118-8617],8125,0,men,Lightweight,A: top-240 WITHOUT is_southpaw~null,0.48905109489051096,True
3,[8118-8617],8126,0,men,Bantamweight,A: top-240 WITHOUT is_southpaw~null,0.40764781002897216,True
3,[8118-8617],8127,1,men,Featherweight,A: top-240 WITHOUT is_southpaw~null,0.49315068493150677,True
3,[8118-8617],8128,0,women,Women's Flyweight,A: top-240 WITHOUT is_southpaw~null,0.3076923076923077,False
3,[8118-8617],8129,0,men,Lightweight,A: top-240 WITHOUT is_southpaw~null,0.48905109489051096,True
3,[8118-8617],8130,1,men,Light Heavyweight,A: top-240 WITHOUT is_southpaw~null,0.68,True
3,[8118-8617],8131,0,men,Middleweight,A: top-240 WITHOUT is_southpaw~null,0.6326530612244898,True
3,[8118-8617],8132,1,men,Bantamweight,A: top-240 WITHOUT is_southpaw~null,0.5846153846153846,True
3,[8118-8617],8133,0,women,Women's Flyweight,A: top-240 WITHOUT is_southpaw~null,0.48905109489051096,False
3,[8118-8617],8134,1,men,Bantamweight,A: top-240 WITHOUT is_southpaw~null,0.6753246753246753,True
3,[8118-8617],8135,0,women,Women's Strawweight,A: top-240 WITHOUT is_southpaw~null,0.48905109489051096,False
3,[8118-8617],8136,0,men,Lightweight,A: top-240 WITHOUT is_southpaw~null,0.4903375488781674,True
3,[8118-8617],8137,0,women,Women's Bantamweight,A: top-240 WITHOUT is_southpaw~null,0.3076923076923077,False
3,[8118-8617],8138,0,men,Flyweight,A: top-240 WITHOUT is_southpaw~null,0.48905109489051096,True
3,[8118-8617],8139,0,men,Lightweight,A: top-240 WITHOUT is_southpaw~null,0.5846153846153846,True
3,[8118-8617],8140,0,men,Featherweight,A: top-240 WITHOUT is_southpaw~null,0.48905109489051096,True
3,[8118-8617],8141,0,women,Women's Flyweight,A: top-240 WITHOUT is_southpaw~null,0.49315068493150677,False
3,[8118-8617],8142,0,men,Bantamweight,A: top-240 WITHOUT is_southpaw~null,0.5846153846153846,True
3,[8118-8617],8143,1,men,Flyweight,A: top-240 WITHOUT is_southpaw~null,0.6326530612244898,True
3,[8118-8617],8144,0,men,Bantamweight,A: top-240 WITHOUT is_southpaw~null,0.48905109489051096,True
3,[8118-8617],8145,1,men,Heavyweight,A: top-240 WITHOUT is_southpaw~null,0.68,True
3,[8118-8617],8146,0,men,Welterweight,A: top-240 WITHOUT is_southpaw~null,0.5846153846153846,True
3,[8118-8617],8147,1,men,Middleweight,A: top-240 WITHOUT is_southpaw~null,0.6753246753246753,True
3,[8118-8617],8148,1,men,Lightweight,A: top-240 WITHOUT is_southpaw~null,0.5846153846153846,True
3,[8118-8617],8149,1,women,Women's Strawweight,A: top-240 WITHOUT is_southpaw~null,0.5,False
3,[8118-8617],8150,1,men,Featherweight,A: top-240 WITHOUT is_southpaw~null,0.6753246753246753,True
3,[8118-8617],8151,0,men,Heavyweight,A: top-240 WITHOUT is_southpaw~null,0.5,True
3,[8118-8617],8152,1,men,Welterweight,A: top-240 WITHOUT is_southpaw~null,0.5846153846153846,True
3,[8118-8617],8153,1,men,Light Heavyweight,A: top-240 WITHOUT is_southpaw~null,0.6753246753246753,True
3,[8118-8617],8154,1,men,Lightweight,A: top-240 WITHOUT is_southpaw~null,0.68,True
3,[8118-8617],8155,0,men,Lightweight,A: top-240 WITHOUT is_southpaw~null,0.6326530612244898,True
3,[8118-8617],8156,0,women,Women's Bantamweight,A: top-240 WITHOUT is_southpaw~null,0.3076923076923077,False
3,[8118-8617],8157,1,men,Flyweight,A: top-240 WITHOUT is_southpaw~null,0.3076923076923077,True
3,[8118-8617],8158,1,women,Women's Bantamweight,A: top-240 WITHOUT is_southpaw~null,0.49315068493150677,False
3,[8118-8617],8159,1,men,Bantamweight,A: top-240 WITHOUT is_southpaw~null,0.68,True
3,[8118-8617],8160,1,men,Light Heavyweight,A: top-240 WITHOUT is_southpaw~null,0.6753246753246753,True
3,[8118-8617],8161,1,men,Light Heavyweight,A: top-240 WITHOUT is_southpaw~null,0.6326530612244898,True
3,[8118-8617],8162,1,men,Lightweight,A: top-240 WITHOUT is_southpaw~null,0.68,True
3,[8118-8617],8163,1,men,Featherweight,A: top-240 WITHOUT is_southpaw~null,0.68,True
3,[8118-8617],8164,0,men,Welterweight,A: top-240 WITHOUT is_southpaw~null,0.48905109489051096,True
3,[8118-8617],8165,1,men,Featherweight,A: top-240 WITHOUT is_southpaw~null,0.6753246753246753,True
3,[8118-8617],8166,1,men,Middleweight,A: top-240 WITHOUT is_southpaw~null,0.5846153846153846,True
3,[8118-8617],8167,1,men,Lightweight,A: top-240 WITHOUT is_southpaw~null,0.3076923076923077,True
3,[8118-8617],8168,1,men,Welterweight,A: top-240 WITHOUT is_southpaw~null,0.6326530612244898,True
3,[8118-8617],8169,1,men,Middleweight,A: top-240 WITHOUT is_southpaw~null,0.5846153846153846,True
3,[8118-8617],8170,1,men,Bantamweight,A: top-240 WITHOUT is_southpaw~null,0.49315068493150677,True
3,[8118-8617],8171,1,men,Featherweight,A: top-240 WITHOUT is_southpaw~null,0.48905109489051096,True
3,[8118-8617],8172,1,men,Light Heavyweight,A: top-240 WITHOUT is_southpaw~null,0.6753246753246753,True
3,[8118-8617],8173,1,men,Welterweight,A: top-240 WITHOUT is_southpaw~null,0.48905109489051096,True
3,[8118-8617],8174,0,women,Women's Strawweight,A: top-240 WITHOUT is_southpaw~null,0.49315068493150677,False
3,[8118-8617],8175,1,men,Light Heavyweight,A: top-240 WITHOUT is_southpaw~null,0.68,True
3,[8118-8617],8176,1,men,Middleweight,A: top-240 WITHOUT is_southpaw~null,0.48905109489051096,True
3,[8118-8617],8177,0,men,Lightweight,A: top-240 WITHOUT is_southpaw~null,0.48905109489051096,True
3,[8118-8617],8178,0,women,Women's Strawweight,A: top-240 WITHOUT is_southpaw~null,0.3076923076923077,False
3,[8118-8617],8179,0,men,Welterweight,A: top-240 WITHOUT is_southpaw~null,0.3076923076923077,True
3,[8118-8617],8180,0,women,Women's Bantamweight,A: top-240 WITHOUT is_southpaw~null,0.3076923076923077,False
3,[8118-8617],8181,1,men,Middleweight,A: top-240 WITHOUT is_southpaw~null,0.48905109489051096,True
3,[8118-8617],8182,0,men,Bantamweight,A: top-240 WITHOUT is_southpaw~null,0.3076923076923077,True
3,[8118-8617],8183,0,women,Women's Bantamweight,A: top-240 WITHOUT is_southpaw~null,0.48905109489051096,False
3,[8118-8617],8184,1,men,Light Heavyweight,A: top-240 WITHOUT is_southpaw~null,0.7777777777777778,True
3,[8118-8617],8185,0,men,Light Heavyweight,A: top-240 WITHOUT is_southpaw~null,0.6753246753246753,True
3,[8118-8617],8186,1,men,Lightweight,A: top-240 WITHOUT is_southpaw~null,0.48905109489051096,True
3,[8118-8617],8187,0,men,Heavyweight,A: top-240 WITHOUT is_southpaw~null,0.6326530612244898,True
3,[8118-8617],8188,0,men,Welterweight,A: top-240 WITHOUT is_southpaw~null,0.49315068493150677,True
3,[8118-8617],8189,1,men,Flyweight,A: top-240 WITHOUT is_southpaw~null,0.49315068493150677,True
3,[8118-8617],8190,0,men,Bantamweight,A: top-240 WITHOUT is_southpaw~null,0.48905109489051096,True
3,[8118-8617],8191,1,women,Women's Strawweight,A: top-240 WITHOUT is_southpaw~null,0.48905109489051096,False
3,[8118-8617],8192,1,men,Flyweight,A: top-240 WITHOUT is_southpaw~null,0.9166666666666666,True
3,[8118-8617],8193,1,men,Heavyweight,A: top-240 WITHOUT is_southpaw~null,0.6753246753246753,True
3,[8118-8617],8194,1,men,Welterweight,A: top-240 WITHOUT is_southpaw~null,0.68,True
3,[8118-8617],8195,0,men,Featherweight,A: top-240 WITHOUT is_southpaw~null,0.7777777777777778,True
3,[8118-8617],8196,1,men,Welterweight,A: top-240 WITHOUT is_southpaw~null,0.48905109489051096,True
3,[8118-8617],8197,1,men,Welterweight,A: top-240 WITHOUT is_southpaw~null,0.49315068493150677,True
3,[8118-8617],8198,1,men,Lightweight,A: top-240 WITHOUT is_southpaw~null,0.48905109489051096,True
3,[8118-8617],8199,0,men,Middleweight,A: top-240 WITHOUT is_southpaw~null,0.3076923076923077,True
3,[8118-8617],8200,1,men,Flyweight,A: top-240 WITHOUT is_southpaw~null,0.3076923076923077,True
3,[8118-8617],8201,0,men,Flyweight,A: top-240 WITHOUT is_southpaw~null,0.48905109489051096,True
3,[8118-8617],8202,1,men,Middleweight,A: top-240 WITHOUT is_southpaw~null,0.5846153846153846,True
3,[8118-8617],8203,1,men,Flyweight,A: top-240 WITHOUT is_southpaw~null,0.49315068493150677,True
3,[8118-8617],8204,0,men,Featherweight,A: top-240 WITHOUT is_southpaw~null,0.48905109489051096,True
3,[8118-8617],8205,1,women,Women's Strawweight,A: top-240 WITHOUT is_southpaw~null,0.6753246753246753,False
3,[8118-8617],8206,0,men,Welterweight,A: top-240 WITHOUT is_southpaw~null,0.49315068493150677,True
3,[8118-8617],8207,1,men,Heavyweight,A: top-240 WITHOUT is_southpaw~null,0.5846153846153846,True
3,[8118-8617],8208,1,women,Women's Strawweight,A: top-240 WITHOUT is_southpaw~null,0.5846153846153846,False
3,[8118-8617],8209,0,women,Women's Strawweight,A: top-240 WITHOUT is_southpaw~null,0.3076923076923077,False
3,[8118-8617],8210,1,women,Women's Bantamweight,A: top-240 WITHOUT is_southpaw~null,0.49315068493150677,False
3,[8118-8617],8211,0,men,Bantamweight,A: top-240 WITHOUT is_southpaw~null,0.48905109489051096,True
3,[8118-8617],8212,0,men,Bantamweight,A: top-240 WITHOUT is_southpaw~null,0.6753246753246753,True
3,[8118-8617],8213,1,men,Featherweight,A: top-240 WITHOUT is_southpaw~null,0.5846153846153846,True
3,[8118-8617],8214,1,men,Flyweight,A: top-240 WITHOUT is_southpaw~null,0.49315068493150677,True
3,[8118-8617],8215,1,men,Bantamweight,A: top-240 WITHOUT is_southpaw~null,0.3076923076923077,True
3,[8118-8617],8216,1,men,Middleweight,A: top-240 WITHOUT is_southpaw~null,0.49315068493150677,True
3,[8118-8617],8217,0,men,Flyweight,A: top-240 WITHOUT is_southpaw~null,0.3076923076923077,True
3,[8118-8617],8218,1,men,Catch Weight,A: top-240 WITHOUT is_southpaw~null,0.48905109489051096,True
3,[8118-8617],8219,1,men,Middleweight,A: top-240 WITHOUT is_southpaw~null,0.68,True
3,[8118-8617],8220,1,men,Welterweight,A: top-240 WITHOUT is_southpaw~null,0.68,True
3,[8118-8617],8221,1,men,Heavyweight,A: top-240 WITHOUT is_southpaw~null,0.8,True
3,[8118-8617],8222,1,men,Middleweight,A: top-240 WITHOUT is_southpaw~null,0.48905109489051096,True
3,[8118-8617],8223,1,men,Welterweight,A: top-240 WITHOUT is_southpaw~null,0.6753246753246753,True
3,[8118-8617],8224,1,men,Featherweight,A: top-240 WITHOUT is_southpaw~null,0.68,True
3,[8118-8617],8225,1,men,Middleweight,A: top-240 WITHOUT is_southpaw~null,0.6753246753246753,True
3,[8118-8617],8226,1,men,Featherweight,A: top-240 WITHOUT is_southpaw~null,0.5846153846153846,True
3,[8118-8617],8227,1,men,Light Heavyweight,A: top-240 WITHOUT is_southpaw~null,0.68,True
3,[8118-8617],8228,0,men,Middleweight,A: top-240 WITHOUT is_southpaw~null,0.3076923076923077,True
3,[8118-8617],8229,1,men,Featherweight,A: top-240 WITHOUT is_southpaw~null,0.49315068493150677,True
3,[8118-8617],8230,1,men,Light Heavyweight,A: top-240 WITHOUT is_southpaw~null,0.68,True
3,[8118-8617],8231,1,women,Women's Flyweight,A: top-240 WITHOUT is_southpaw~null,0.49315068493150677,False
3,[8118-8617],8232,1,men,Bantamweight,A: top-240 WITHOUT is_southpaw~null,0.48905109489051096,True
3,[8118-8617],8233,1,men,Heavyweight,A: top-240 WITHOUT is_southpaw~null,0.68,True
3,[8118-8617],8234,0,men,Featherweight,A: top-240 WITHOUT is_southpaw~null,0.48905109489051096,True
3,[8118-8617],8235,1,men,Bantamweight,A: top-240 WITHOUT is_southpaw~null,0.6153846153846154,True
3,[8118-8617],8236,1,men,Bantamweight,A: top-240 WITHOUT is_southpaw~null,0.5846153846153846,True
3,[8118-8617],8237,0,men,Bantamweight,A: top-240 WITHOUT is_southpaw~null,0.48905109489051096,True
3,[8118-8617],8238,0,men,Middleweight,A: top-240 WITHOUT is_southpaw~null,0.48905109489051096,True
3,[8118-8617],8239,0,women,Women's Flyweight,A: top-240 WITHOUT is_southpaw~null,0.6753246753246753,False
3,[8118-8617],8240,0,men,Light Heavyweight,A: top-240 WITHOUT is_southpaw~null,0.5846153846153846,True
3,[8118-8617],8241,1,women,Women's Flyweight,A: top-240 WITHOUT is_southpaw~null,0.6326530612244898,False
3,[8118-8617],8242,1,men,Flyweight,A: top-240 WITHOUT is_southpaw~null,0.49315068493150677,True
3,[8118-8617],8243,1,men,Welterweight,A: top-240 WITHOUT is_southpaw~null,0.6326530612244898,True
3,[8118-8617],8244,1,women,Women's Bantamweight,A: top-240 WITHOUT is_southpaw~null,0.48905109489051096,False
3,[8118-8617],8245,1,men,Middleweight,A: top-240 WITHOUT is_southpaw~null,0.5846153846153846,True
3,[8118-8617],8246,0,men,Bantamweight,A: top-240 WITHOUT is_southpaw~null,0.48905109489051096,True
3,[8118-8617],8247,0,men,Welterweight,A: top-240 WITHOUT is_southpaw~null,0.49315068493150677,True
3,[8118-8617],8248,1,men,Welterweight,A: top-240 WITHOUT is_southpaw~null,0.49315068493150677,True
3,[8118-8617],8249,1,men,Middleweight,A: top-240 WITHOUT is_southpaw~null,0.6326530612244898,True
3,[8118-8617],8250,0,women,Women's Strawweight,A: top-240 WITHOUT is_southpaw~null,0.48905109489051096,False
3,[8118-8617],8251,1,men,Bantamweight,A: top-240 WITHOUT is_southpaw~null,0.48905109489051096,True
3,[8118-8617],8252,0,men,Middleweight,A: top-240 WITHOUT is_southpaw~null,0.49315068493150677,True
3,[8118-8617],8253,0,men,Welterweight,A: top-240 WITHOUT is_southpaw~null,0.3076923076923077,True
3,[8118-8617],8254,0,women,Women's Strawweight,A: top-240 WITHOUT is_southpaw~null,0.3076923076923077,False
3,[8118-8617],8255,1,men,Lightweight,A: top-240 WITHOUT is_southpaw~null,0.5846153846153846,True
3,[8118-8617],8256,0,women,Women's Flyweight,A: top-240 WITHOUT is_southpaw~null,0.48905109489051096,False
3,[8118-8617],8257,0,men,Welterweight,A: top-240 WITHOUT is_southpaw~null,0.3076923076923077,True
3,[8118-8617],8258,1,men,Heavyweight,A: top-240 WITHOUT is_southpaw~null,0.48905109489051096,True
3,[8118-8617],8259,1,men,Lightweight,A: top-240 WITHOUT is_southpaw~null,0.48905109489051096,True
3,[8118-8617],8260,0,men,Welterweight,A: top-240 WITHOUT is_southpaw~null,0.49315068493150677,True
3,[8118-8617],8261,1,men,Catch Weight,A: top-240 WITHOUT is_southpaw~null,0.6753246753246753,True
3,[8118-8617],8262,1,men,Heavyweight,A: top-240 WITHOUT is_southpaw~null,0.68,True
3,[8118-8617],8263,1,men,Lightweight,A: top-240 WITHOUT is_southpaw~null,0.6326530612244898,True
3,[8118-8617],8264,0,men,Bantamweight,A: top-240 WITHOUT is_southpaw~null,0.48905109489051096,True
3,[8118-8617],8265,1,men,Middleweight,A: top-240 WITHOUT is_southpaw~null,0.999999,True
3,[8118-8617],8266,1,women,Women's Flyweight,A: top-240 WITHOUT is_southpaw~null,0.48905109489051096,False
3,[8118-8617],8267,0,men,Lightweight,A: top-240 WITHOUT is_southpaw~null,0.49315068493150677,True
3,[8118-8617],8268,1,men,Bantamweight,A: top-240 WITHOUT is_southpaw~null,0.5846153846153846,True
3,[8118-8617],8269,1,men,Flyweight,A: top-240 WITHOUT is_southpaw~null,0.5846153846153846,True
3,[8118-8617],8270,0,men,Flyweight,A: top-240 WITHOUT is_southpaw~null,0.68,True
3,[8118-8617],8271,0,men,Flyweight,A: top-240 WITHOUT is_southpaw~null,0.48905109489051096,True
3,[8118-8617],8272,0,men,Bantamweight,A: top-240 WITHOUT is_southpaw~null,0.49315068493150677,True
3,[8118-8617],8273,1,women,Women's Strawweight,A: top-240 WITHOUT is_southpaw~null,0.3076923076923077,False
3,[8118-8617],8274,0,men,Light Heavyweight,A: top-240 WITHOUT is_southpaw~null,0.3754729728124141,True
3,[8118-8617],8275,0,women,Women's Flyweight,A: top-240 WITHOUT is_southpaw~null,0.7777777777777778,False
3,[8118-8617],8276,0,men,Welterweight,A: top-240 WITHOUT is_southpaw~null,0.48905109489051096,True
3,[8118-8617],8277,1,women,Women's Strawweight,A: top-240 WITHOUT is_southpaw~null,0.48905109489051096,False
3,[8118-8617],8278,1,men,Bantamweight,A: top-240 WITHOUT is_southpaw~null,0.68,True
3,[8118-8617],8279,1,men,Light Heavyweight,A: top-240 WITHOUT is_southpaw~null,0.9166666666666666,True
3,[8118-8617],8280,0,men,Welterweight,A: top-240 WITHOUT is_southpaw~null,0.48905109489051096,True
3,[8118-8617],8281,1,men,Heavyweight,A: top-240 WITHOUT is_southpaw~null,0.49315068493150677,True
3,[8118-8617],8282,0,men,Lightweight,A: top-240 WITHOUT is_southpaw~null,0.3076923076923077,True
3,[8118-8617],8283,1,men,Welterweight,A: top-240 WITHOUT is_southpaw~null,0.49315068493150677,True
3,[8118-8617],8284,0,men,Flyweight,A: top-240 WITHOUT is_southpaw~null,0.48905109489051096,True
3,[8118-8617],8285,0,men,Catch Weight,A: top-240 WITHOUT is_southpaw~null,0.6326530612244898,True
3,[8118-8617],8286,1,men,Featherweight,A: top-240 WITHOUT is_southpaw~null,0.6753246753246753,True
3,[8118-8617],8287,1,men,Heavyweight,A: top-240 WITHOUT is_southpaw~null,0.7777777777777778,True
3,[8118-8617],8288,1,men,Light Heavyweight,A: top-240 WITHOUT is_southpaw~null,0.6153846153846154,True
3,[8118-8617],8289,0,men,Featherweight,A: top-240 WITHOUT is_southpaw~null,0.48905109489051096,True
3,[8118-8617],8290,1,men,Featherweight,A: top-240 WITHOUT is_southpaw~null,0.9166666666666666,True
3,[8118-8617],8291,1,men,Welterweight,A: top-240 WITHOUT is_southpaw~null,0.5846153846153846,True
3,[8118-8617],8292,1,men,Flyweight,A: top-240 WITHOUT is_southpaw~null,0.6753246753246753,True
3,[8118-8617],8293,1,men,Welterweight,A: top-240 WITHOUT is_southpaw~null,0.48905109489051096,True
3,[8118-8617],8294,1,men,Featherweight,A: top-240 WITHOUT is_southpaw~null,0.48905109489051096,True
3,[8118-8617],8295,0,women,Women's Strawweight,A: top-240 WITHOUT is_southpaw~null,0.68,False
3,[8118-8617],8296,1,men,Bantamweight,A: top-240 WITHOUT is_southpaw~null,0.3076923076923077,True
3,[8118-8617],8297,1,women,Women's Flyweight,A: top-240 WITHOUT is_southpaw~null,0.9166666666666666,False
3,[8118-8617],8298,0,men,Featherweight,A: top-240 WITHOUT is_southpaw~null,0.48905109489051096,True
3,[8118-8617],8299,1,men,Lightweight,A: top-240 WITHOUT is_southpaw~null,0.6753246753246753,True
3,[8118-8617],8300,1,men,Featherweight,A: top-240 WITHOUT is_southpaw~null,0.48905109489051096,True
3,[8118-8617],8301,1,men,Light Heavyweight,A: top-240 WITHOUT is_southpaw~null,0.9166666666666666,True
3,[8118-8617],8302,0,men,Bantamweight,A: top-240 WITHOUT is_southpaw~null,0.48905109489051096,True
3,[8118-8617],8303,0,men,Light Heavyweight,A: top-240 WITHOUT is_southpaw~null,0.6753246753246753,True
3,[8118-8617],8304,1,men,Flyweight,A: top-240 WITHOUT is_southpaw~null,0.6326530612244898,True
3,[8118-8617],8305,0,men,Welterweight,A: top-240 WITHOUT is_southpaw~null,0.49315068493150677,True
3,[8118-8617],8306,1,men,Lightweight,A: top-240 WITHOUT is_southpaw~null,0.5846153846153846,True
3,[8118-8617],8307,1,men,Lightweight,A: top-240 WITHOUT is_southpaw~null,0.6753246753246753,True
3,[8118-8617],8308,1,women,Women's Strawweight,A: top-240 WITHOUT is_southpaw~null,0.6333966886395449,False
3,[8118-8617],8309,0,men,Light Heavyweight,A: top-240 WITHOUT is_southpaw~null,0.68,True
3,[8118-8617],8310,1,women,Women's Flyweight,A: top-240 WITHOUT is_southpaw~null,0.49315068493150677,False
3,[8118-8617],8311,0,men,Welterweight,A: top-240 WITHOUT is_southpaw~null,0.48905109489051096,True
3,[8118-8617],8312,1,men,Lightweight,A: top-240 WITHOUT is_southpaw~null,0.48905109489051096,True
3,[8118-8617],8313,1,men,Middleweight,A: top-240 WITHOUT is_southpaw~null,0.6326530612244898,True
3,[8118-8617],8314,0,men,Flyweight,A: top-240 WITHOUT is_southpaw~null,0.5846153846153846,True
3,[8118-8617],8315,1,men,Featherweight,A: top-240 WITHOUT is_southpaw~null,0.5846153846153846,True
3,[8118-8617],8316,0,men,Middleweight,A: top-240 WITHOUT is_southpaw~null,0.3076923076923077,True
3,[8118-8617],8317,1,men,Middleweight,A: top-240 WITHOUT is_southpaw~null,0.6753246753246753,True
3,[8118-8617],8318,1,men,Welterweight,A: top-240 WITHOUT is_southpaw~null,0.48905109489051096,True
3,[8118-8617],8319,1,women,Women's Strawweight,A: top-240 WITHOUT is_southpaw~null,0.48905109489051096,False
3,[8118-8617],8320,1,men,Welterweight,A: top-240 WITHOUT is_southpaw~null,0.49315068493150677,True
3,[8118-8617],8321,1,men,Light Heavyweight,A: top-240 WITHOUT is_southpaw~null,0.6326530612244898,True
3,[8118-8617],8322,0,men,Bantamweight,A: top-240 WITHOUT is_southpaw~null,0.48905109489051096,True
3,[8118-8617],8323,0,men,Bantamweight,A: top-240 WITHOUT is_southpaw~null,0.9166666666666666,True
3,[8118-8617],8324,0,women,Women's Bantamweight,A: top-240 WITHOUT is_southpaw~null,0.3076923076923077,False
3,[8118-8617],8325,1,men,Lightweight,A: top-240 WITHOUT is_southpaw~null,0.68,True
3,[8118-8617],8326,0,men,Middleweight,A: top-240 WITHOUT is_southpaw~null,0.6153846153846154,True
3,[8118-8617],8327,1,men,Flyweight,A: top-240 WITHOUT is_southpaw~null,0.48905109489051096,True
3,[8118-8617],8328,0,men,Middleweight,A: top-240 WITHOUT is_southpaw~null,0.49315068493150677,True
3,[8118-8617],8329,1,men,Heavyweight,A: top-240 WITHOUT is_southpaw~null,0.8333333333333334,True
3,[8118-8617],8330,1,men,Light Heavyweight,A: top-240 WITHOUT is_southpaw~null,0.48905109489051096,True
3,[8118-8617],8331,1,men,Bantamweight,A: top-240 WITHOUT is_southpaw~null,0.48905109489051096,True
3,[8118-8617],8332,1,men,Lightweight,A: top-240 WITHOUT is_southpaw~null,0.7777777777777778,True
3,[8118-8617],8333,0,men,Bantamweight,A: top-240 WITHOUT is_southpaw~null,0.68,True
3,[8118-8617],8334,1,men,Heavyweight,A: top-240 WITHOUT is_southpaw~null,0.5846153846153846,True
3,[8118-8617],8335,1,men,Featherweight,A: top-240 WITHOUT is_southpaw~null,0.48905109489051096,True
3,[8118-8617],8336,1,women,Women's Flyweight,A: top-240 WITHOUT is_southpaw~null,0.6753246753246753,False
3,[8118-8617],8337,1,men,Lightweight,A: top-240 WITHOUT is_southpaw~null,0.6753246753246753,True
3,[8118-8617],8338,1,men,Heavyweight,A: top-240 WITHOUT is_southpaw~null,0.6326530612244898,True
3,[8118-8617],8339,0,men,Middleweight,A: top-240 WITHOUT is_southpaw~null,0.7777777777777778,True
3,[8118-8617],8340,1,men,Lightweight,A: top-240 WITHOUT is_southpaw~null,0.68,True
3,[8118-8617],8341,0,men,Bantamweight,A: top-240 WITHOUT is_southpaw~null,0.48905109489051096,True
3,[8118-8617],8342,1,men,Heavyweight,A: top-240 WITHOUT is_southpaw~null,0.68,True
3,[8118-8617],8343,1,men,Featherweight,A: top-240 WITHOUT is_southpaw~null,0.68,True
3,[8118-8617],8344,0,men,Middleweight,A: top-240 WITHOUT is_southpaw~null,0.3076923076923077,True
3,[8118-8617],8345,1,men,Lightweight,A: top-240 WITHOUT is_southpaw~null,0.6753246753246753,True
3,[8118-8617],8346,1,men,Welterweight,A: top-240 WITHOUT is_southpaw~null,0.5846153846153846,True
3,[8118-8617],8347,1,men,Lightweight,A: top-240 WITHOUT is_southpaw~null,0.49315068493150677,True
3,[8118-8617],8348,0,men,Bantamweight,A: top-240 WITHOUT is_southpaw~null,0.5846153846153846,True
3,[8118-8617],8349,1,women,Women's Flyweight,A: top-240 WITHOUT is_southpaw~null,0.6326530612244898,False
3,[8118-8617],8350,1,men,Lightweight,A: top-240 WITHOUT is_southpaw~null,0.5055871091446623,True
3,[8118-8617],8351,0,men,Featherweight,A: top-240 WITHOUT is_southpaw~null,0.49315068493150677,True
3,[8118-8617],8352,1,men,Welterweight,A: top-240 WITHOUT is_southpaw~null,0.49315068493150677,True
3,[8118-8617],8353,0,men,Heavyweight,A: top-240 WITHOUT is_southpaw~null,0.48905109489051096,True
3,[8118-8617],8354,1,women,Women's Strawweight,A: top-240 WITHOUT is_southpaw~null,0.49315068493150677,False
3,[8118-8617],8355,1,men,Middleweight,A: top-240 WITHOUT is_southpaw~null,0.68,True
3,[8118-8617],8356,0,women,Women's Bantamweight,A: top-240 WITHOUT is_southpaw~null,0.3076923076923077,False
3,[8118-8617],8357,0,men,Bantamweight,A: top-240 WITHOUT is_southpaw~null,1e-06,True
3,[8118-8617],8358,1,men,Welterweight,A: top-240 WITHOUT is_southpaw~null,0.6753246753246753,True
3,[8118-8617],8359,1,men,Flyweight,A: top-240 WITHOUT is_southpaw~null,0.6753246753246753,True
3,[8118-8617],8360,1,women,Women's Strawweight,A: top-240 WITHOUT is_southpaw~null,0.48905109489051096,False
3,[8118-8617],8361,0,men,Heavyweight,A: top-240 WITHOUT is_southpaw~null,0.49315068493150677,True
3,[8118-8617],8362,0,men,Middleweight,A: top-240 WITHOUT is_southpaw~null,0.48905109489051096,True
3,[8118-8617],8363,0,men,Lightweight,A: top-240 WITHOUT is_southpaw~null,0.68,True
3,[8118-8617],8364,1,men,Middleweight,A: top-240 WITHOUT is_southpaw~null,0.5846153846153846,True
3,[8118-8617],8365,0,men,Featherweight,A: top-240 WITHOUT is_southpaw~null,0.3076923076923077,True
3,[8118-8617],8366,0,men,Featherweight,A: top-240 WITHOUT is_southpaw~null,0.48905109489051096,True
3,[8118-8617],8367,1,men,Middleweight,A: top-240 WITHOUT is_southpaw~null,0.3076923076923077,True
3,[8118-8617],8368,1,men,Light Heavyweight,A: top-240 WITHOUT is_southpaw~null,0.68,True
3,[8118-8617],8369,1,men,Middleweight,A: top-240 WITHOUT is_southpaw~null,0.68,True
3,[8118-8617],8370,0,men,Catch Weight,A: top-240 WITHOUT is_southpaw~null,0.5846153846153846,True
3,[8118-8617],8371,1,men,Bantamweight,A: top-240 WITHOUT is_southpaw~null,0.48905109489051096,True
3,[8118-8617],8372,1,men,Middleweight,A: top-240 WITHOUT is_southpaw~null,0.6753246753246753,True
3,[8118-8617],8373,0,men,Featherweight,A: top-240 WITHOUT is_southpaw~null,0.3076923076923077,True
3,[8118-8617],8374,1,men,Light Heavyweight,A: top-240 WITHOUT is_southpaw~null,0.48905109489051096,True
3,[8118-8617],8375,1,men,Featherweight,A: top-240 WITHOUT is_southpaw~null,0.6753246753246753,True
3,[8118-8617],8376,1,men,Catch Weight,A: top-240 WITHOUT is_southpaw~null,0.48905109489051096,True
3,[8118-8617],8377,0,men,Middleweight,A: top-240 WITHOUT is_southpaw~null,0.45401392878582897,True
3,[8118-8617],8378,0,men,Bantamweight,A: top-240 WITHOUT is_southpaw~null,0.3076923076923077,True
3,[8118-8617],8379,1,men,Light Heavyweight,A: top-240 WITHOUT is_southpaw~null,0.49315068493150677,True
3,[8118-8617],8380,1,men,Featherweight,A: top-240 WITHOUT is_southpaw~null,0.48905109489051096,True
3,[8118-8617],8381,0,men,Flyweight,A: top-240 WITHOUT is_southpaw~null,0.48905109489051096,True
3,[8118-8617],8382,0,women,Women's Flyweight,A: top-240 WITHOUT is_southpaw~null,0.49315068493150677,False
3,[8118-8617],8383,1,men,Featherweight,A: top-240 WITHOUT is_southpaw~null,0.68,True
3,[8118-8617],8384,0,men,Featherweight,A: top-240 WITHOUT is_southpaw~null,0.48905109489051096,True
3,[8118-8617],8385,0,men,Welterweight,A: top-240 WITHOUT is_southpaw~null,0.6753246753246753,True
3,[8118-8617],8386,1,men,Lightweight,A: top-240 WITHOUT is_southpaw~null,0.48905109489051096,True
3,[8118-8617],8387,1,men,Middleweight,A: top-240 WITHOUT is_southpaw~null,0.6753246753246753,True
3,[8118-8617],8388,1,men,Flyweight,A: top-240 WITHOUT is_southpaw~null,0.3076923076923077,True
3,[8118-8617],8389,0,men,Heavyweight,A: top-240 WITHOUT is_southpaw~null,0.3076923076923077,True
3,[8118-8617],8390,1,men,Middleweight,A: top-240 WITHOUT is_southpaw~null,0.5846153846153846,True
3,[8118-8617],8391,0,men,Middleweight,A: top-240 WITHOUT is_southpaw~null,0.9166666666666666,True
3,[8118-8617],8392,1,men,Featherweight,A: top-240 WITHOUT is_southpaw~null,0.6753246753246753,True
3,[8118-8617],8393,0,men,Welterweight,A: top-240 WITHOUT is_southpaw~null,0.3076923076923077,True
3,[8118-8617],8394,1,men,Flyweight,A: top-240 WITHOUT is_southpaw~null,0.3076923076923077,True
3,[8118-8617],8395,0,men,Light Heavyweight,A: top-240 WITHOUT is_southpaw~null,0.49315068493150677,True
3,[8118-8617],8396,1,women,Women's Strawweight,A: top-240 WITHOUT is_southpaw~null,1e-06,False
3,[8118-8617],8397,0,men,Lightweight,A: top-240 WITHOUT is_southpaw~null,0.3076923076923077,True
3,[8118-8617],8398,1,men,Lightweight,A: top-240 WITHOUT is_southpaw~null,0.48905109489051096,True
3,[8118-8617],8399,0,men,Lightweight,A: top-240 WITHOUT is_southpaw~null,0.48905109489051096,True
3,[8118-8617],8400,1,men,Bantamweight,A: top-240 WITHOUT is_southpaw~null,0.9166666666666666,True
3,[8118-8617],8401,0,women,Women's Bantamweight,A: top-240 WITHOUT is_southpaw~null,0.9166666666666666,False
3,[8118-8617],8402,0,men,Flyweight,A: top-240 WITHOUT is_southpaw~null,0.3076923076923077,True
3,[8118-8617],8403,0,women,Women's Strawweight,A: top-240 WITHOUT is_southpaw~null,0.7777777777777778,False
3,[8118-8617],8404,1,men,Bantamweight,A: top-240 WITHOUT is_southpaw~null,0.3076923076923077,True
3,[8118-8617],8405,0,women,Women's Flyweight,A: top-240 WITHOUT is_southpaw~null,0.6753246753246753,False
3,[8118-8617],8406,0,men,Featherweight,A: top-240 WITHOUT is_southpaw~null,1e-06,True
3,[8118-8617],8407,0,men,Light Heavyweight,A: top-240 WITHOUT is_southpaw~null,0.68,True
3,[8118-8617],8408,1,men,Bantamweight,A: top-240 WITHOUT is_southpaw~null,0.6753246753246753,True
3,[8118-8617],8409,1,men,Lightweight,A: top-240 WITHOUT is_southpaw~null,0.9166666666666666,True
3,[8118-8617],8410,1,men,Welterweight,A: top-240 WITHOUT is_southpaw~null,0.5846153846153846,True
3,[8118-8617],8411,0,men,Middleweight,A: top-240 WITHOUT is_southpaw~null,0.6753246753246753,True
3,[8118-8617],8412,1,men,Heavyweight,A: top-240 WITHOUT is_southpaw~null,0.7930873185389001,True
3,[8118-8617],8413,0,men,Lightweight,A: top-240 WITHOUT is_southpaw~null,0.48905109489051096,True
3,[8118-8617],8414,1,women,Women's Strawweight,A: top-240 WITHOUT is_southpaw~null,0.48905109489051096,False
3,[8118-8617],8415,1,men,Middleweight,A: top-240 WITHOUT is_southpaw~null,0.49315068493150677,True
3,[8118-8617],8416,1,men,Heavyweight,A: top-240 WITHOUT is_southpaw~null,0.3076923076923077,True
3,[8118-8617],8417,1,men,Flyweight,A: top-240 WITHOUT is_southpaw~null,0.6753246753246753,True
3,[8118-8617],8418,0,men,Lightweight,A: top-240 WITHOUT is_southpaw~null,0.3076923076923077,True
3,[8118-8617],8419,0,men,Bantamweight,A: top-240 WITHOUT is_southpaw~null,0.6753246753246753,True
3,[8118-8617],8420,0,men,Lightweight,A: top-240 WITHOUT is_southpaw~null,0.49315068493150677,True
3,[8118-8617],8421,0,women,Women's Strawweight,A: top-240 WITHOUT is_southpaw~null,0.3076923076923077,False
3,[8118-8617],8422,0,men,Welterweight,A: top-240 WITHOUT is_southpaw~null,0.48905109489051096,True
3,[8118-8617],8423,0,men,Light Heavyweight,A: top-240 WITHOUT is_southpaw~null,0.3076923076923077,True
3,[8118-8617],8424,0,men,Welterweight,A: top-240 WITHOUT is_southpaw~null,0.48905109489051096,True
3,[8118-8617],8425,1,men,Featherweight,A: top-240 WITHOUT is_southpaw~null,0.48905109489051096,True
3,[8118-8617],8426,1,men,Lightweight,A: top-240 WITHOUT is_southpaw~null,0.68,True
3,[8118-8617],8427,1,men,Featherweight,A: top-240 WITHOUT is_southpaw~null,0.6326530612244898,True
3,[8118-8617],8428,1,men,Lightweight,A: top-240 WITHOUT is_southpaw~null,0.68,True
3,[8118-8617],8429,1,women,Women's Strawweight,A: top-240 WITHOUT is_southpaw~null,0.6753246753246753,False
3,[8118-8617],8430,0,men,Featherweight,A: top-240 WITHOUT is_southpaw~null,0.49315068493150677,True
3,[8118-8617],8431,0,men,Middleweight,A: top-240 WITHOUT is_southpaw~null,1e-06,True
3,[8118-8617],8432,0,men,Flyweight,A: top-240 WITHOUT is_southpaw~null,0.49315068493150677,True
3,[8118-8617],8433,1,men,Bantamweight,A: top-240 WITHOUT is_southpaw~null,0.9166666666666666,True
3,[8118-8617],8434,1,men,Flyweight,A: top-240 WITHOUT is_southpaw~null,0.6326530612244898,True
3,[8118-8617],8435,1,men,Lightweight,A: top-240 WITHOUT is_southpaw~null,0.7777777777777778,True
3,[8118-8617],8436,1,men,Flyweight,A: top-240 WITHOUT is_southpaw~null,0.6753246753246753,True
3,[8118-8617],8437,1,men,Bantamweight,A: top-240 WITHOUT is_southpaw~null,0.68,True
3,[8118-8617],8438,1,women,Women's Strawweight,A: top-240 WITHOUT is_southpaw~null,0.7777777777777778,False
3,[8118-8617],8439,0,women,Women's Strawweight,A: top-240 WITHOUT is_southpaw~null,0.48905109489051096,False
3,[8118-8617],8440,1,men,Heavyweight,A: top-240 WITHOUT is_southpaw~null,0.68,True
3,[8118-8617],8441,1,men,Bantamweight,A: top-240 WITHOUT is_southpaw~null,0.49315068493150677,True
3,[8118-8617],8442,1,men,Welterweight,A: top-240 WITHOUT is_southpaw~null,0.49315068493150677,True
3,[8118-8617],8443,0,women,Women's Flyweight,A: top-240 WITHOUT is_southpaw~null,0.48905109489051096,False
3,[8118-8617],8444,1,men,Flyweight,A: top-240 WITHOUT is_southpaw~null,0.3076923076923077,True
3,[8118-8617],8445,1,men,Middleweight,A: top-240 WITHOUT is_southpaw~null,0.48905109489051096,True
3,[8118-8617],8446,0,men,Bantamweight,A: top-240 WITHOUT is_southpaw~null,0.48905109489051096,True
3,[8118-8617],8447,1,men,Featherweight,A: top-240 WITHOUT is_southpaw~null,0.48905109489051096,True
3,[8118-8617],8448,0,men,Featherweight,A: top-240 WITHOUT is_southpaw~null,0.3076923076923077,True
3,[8118-8617],8449,1,men,Middleweight,A: top-240 WITHOUT is_southpaw~null,0.999999,True
3,[8118-8617],8450,0,men,Middleweight,A: top-240 WITHOUT is_southpaw~null,0.48905109489051096,True
3,[8118-8617],8451,1,women,Women's Bantamweight,A: top-240 WITHOUT is_southpaw~null,0.6753246753246753,False
3,[8118-8617],8452,1,men,Flyweight,A: top-240 WITHOUT is_southpaw~null,0.49315068493150677,True
3,[8118-8617],8453,0,men,Middleweight,A: top-240 WITHOUT is_southpaw~null,0.48905109489051096,True
3,[8118-8617],8454,0,men,Featherweight,A: top-240 WITHOUT is_southpaw~null,0.48905109489051096,True
3,[8118-8617],8455,0,men,Lightweight,A: top-240 WITHOUT is_southpaw~null,1e-06,True
3,[8118-8617],8456,0,women,Women's Strawweight,A: top-240 WITHOUT is_southpaw~null,0.49315068493150677,False
3,[8118-8617],8457,1,men,Featherweight,A: top-240 WITHOUT is_southpaw~null,0.34508276395381116,True
3,[8118-8617],8458,0,men,Light Heavyweight,A: top-240 WITHOUT is_southpaw~null,0.49315068493150677,True
3,[8118-8617],8459,0,men,Featherweight,A: top-240 WITHOUT is_southpaw~null,0.49315068493150677,True
3,[8118-8617],8460,1,men,Featherweight,A: top-240 WITHOUT is_southpaw~null,0.6326530612244898,True
3,[8118-8617],8461,0,men,Lightweight,A: top-240 WITHOUT is_southpaw~null,0.48905109489051096,True
3,[8118-8617],8462,1,men,Featherweight,A: top-240 WITHOUT is_southpaw~null,0.6326530612244898,True
3,[8118-8617],8463,0,women,Women's Bantamweight,A: top-240 WITHOUT is_southpaw~null,0.48905109489051096,False
3,[8118-8617],8464,1,men,Featherweight,A: top-240 WITHOUT is_southpaw~null,0.48905109489051096,True
3,[8118-8617],8465,1,women,Women's Strawweight,A: top-240 WITHOUT is_southpaw~null,0.9166666666666666,False
3,[8118-8617],8466,1,men,Bantamweight,A: top-240 WITHOUT is_southpaw~null,0.48905109489051096,True
3,[8118-8617],8467,1,men,Bantamweight,A: top-240 WITHOUT is_southpaw~null,0.5,True
3,[8118-8617],8468,1,men,Featherweight,A: top-240 WITHOUT is_southpaw~null,0.49315068493150677,True
3,[8118-8617],8469,1,men,Lightweight,A: top-240 WITHOUT is_southpaw~null,0.48905109489051096,True
3,[8118-8617],8470,1,men,Welterweight,A: top-240 WITHOUT is_southpaw~null,0.68,True
3,[8118-8617],8471,1,men,Middleweight,A: top-240 WITHOUT is_southpaw~null,0.48905109489051096,True
3,[8118-8617],8472,1,men,Welterweight,A: top-240 WITHOUT is_southpaw~null,0.6753246753246753,True
3,[8118-8617],8473,0,men,Middleweight,A: top-240 WITHOUT is_southpaw~null,0.6753246753246753,True
3,[8118-8617],8474,0,men,Featherweight,A: top-240 WITHOUT is_southpaw~null,0.48905109489051096,True
3,[8118-8617],8475,0,men,Light Heavyweight,A: top-240 WITHOUT is_southpaw~null,0.3076923076923077,True
3,[8118-8617],8476,1,men,Flyweight,A: top-240 WITHOUT is_southpaw~null,0.49315068493150677,True
3,[8118-8617],8477,0,women,Women's Strawweight,A: top-240 WITHOUT is_southpaw~null,0.48905109489051096,False
3,[8118-8617],8478,1,women,Women's Flyweight,A: top-240 WITHOUT is_southpaw~null,0.48905109489051096,False
3,[8118-8617],8479,0,men,Middleweight,A: top-240 WITHOUT is_southpaw~null,0.49315068493150677,True
3,[8118-8617],8480,1,men,Heavyweight,A: top-240 WITHOUT is_southpaw~null,0.68,True
3,[8118-8617],8481,0,men,Bantamweight,A: top-240 WITHOUT is_southpaw~null,0.6153846153846154,True
3,[8118-8617],8482,1,women,Women's Bantamweight,A: top-240 WITHOUT is_southpaw~null,0.6326530612244898,False
3,[8118-8617],8483,0,men,Welterweight,A: top-240 WITHOUT is_southpaw~null,0.48905109489051096,True
3,[8118-8617],8484,0,men,Bantamweight,A: top-240 WITHOUT is_southpaw~null,0.48905109489051096,True
3,[8118-8617],8485,1,men,Bantamweight,A: top-240 WITHOUT is_southpaw~null,0.6753246753246753,True
3,[8118-8617],8486,1,men,Middleweight,A: top-240 WITHOUT is_southpaw~null,0.48905109489051096,True
3,[8118-8617],8487,1,men,Bantamweight,A: top-240 WITHOUT is_southpaw~null,0.6753246753246753,True
3,[8118-8617],8488,0,men,Lightweight,A: top-240 WITHOUT is_southpaw~null,0.3076923076923077,True
3,[8118-8617],8489,0,men,Bantamweight,A: top-240 WITHOUT is_southpaw~null,0.49315068493150677,True
3,[8118-8617],8490,1,men,Middleweight,A: top-240 WITHOUT is_southpaw~null,0.48905109489051096,True
3,[8118-8617],8491,1,men,Light Heavyweight,A: top-240 WITHOUT is_southpaw~null,0.68,True
3,[8118-8617],8492,1,men,Light Heavyweight,A: top-240 WITHOUT is_southpaw~null,0.49315068493150677,True
3,[8118-8617],8493,0,women,Women's Flyweight,A: top-240 WITHOUT is_southpaw~null,0.48905109489051096,False
3,[8118-8617],8494,1,men,Featherweight,A: top-240 WITHOUT is_southpaw~null,0.48905109489051096,True
3,[8118-8617],8495,1,men,Lightweight,A: top-240 WITHOUT is_southpaw~null,0.9166666666666666,True
3,[8118-8617],8496,0,women,Women's Flyweight,A: top-240 WITHOUT is_southpaw~null,0.3076923076923077,False
3,[8118-8617],8497,0,men,Featherweight,A: top-240 WITHOUT is_southpaw~null,0.48905109489051096,True
3,[8118-8617],8498,1,women,Women's Flyweight,A: top-240 WITHOUT is_southpaw~null,0.48905109489051096,False
3,[8118-8617],8499,0,men,Welterweight,A: top-240 WITHOUT is_southpaw~null,0.48905109489051096,True
3,[8118-8617],8500,1,men,Welterweight,A: top-240 WITHOUT is_southpaw~null,0.6753246753246753,True
3,[8118-8617],8501,1,women,Women's Strawweight,A: top-240 WITHOUT is_southpaw~null,0.5846153846153846,False
3,[8118-8617],8502,1,men,Flyweight,A: top-240 WITHOUT is_southpaw~null,0.68,True
3,[8118-8617],8503,0,women,Women's Strawweight,A: top-240 WITHOUT is_southpaw~null,0.40145272230345114,False
3,[8118-8617],8504,1,women,Women's Bantamweight,A: top-240 WITHOUT is_southpaw~null,0.6753246753246753,False
3,[8118-8617],8505,1,men,Featherweight,A: top-240 WITHOUT is_southpaw~null,0.68,True
3,[8118-8617],8506,1,men,Lightweight,A: top-240 WITHOUT is_southpaw~null,0.48905109489051096,True
3,[8118-8617],8507,0,men,Featherweight,A: top-240 WITHOUT is_southpaw~null,0.3076923076923077,True
3,[8118-8617],8508,0,men,Middleweight,A: top-240 WITHOUT is_southpaw~null,0.48905109489051096,True
3,[8118-8617],8509,0,men,Lightweight,A: top-240 WITHOUT is_southpaw~null,0.48905109489051096,True
3,[8118-8617],8510,0,men,Welterweight,A: top-240 WITHOUT is_southpaw~null,0.3076923076923077,True
3,[8118-8617],8511,1,men,Lightweight,A: top-240 WITHOUT is_southpaw~null,0.48905109489051096,True
3,[8118-8617],8512,0,women,Women's Strawweight,A: top-240 WITHOUT is_southpaw~null,0.6326530612244898,False
3,[8118-8617],8513,1,men,Lightweight,A: top-240 WITHOUT is_southpaw~null,0.6326530612244898,True
3,[8118-8617],8514,0,men,Lightweight,A: top-240 WITHOUT is_southpaw~null,0.3076923076923077,True
3,[8118-8617],8515,1,men,Middleweight,A: top-240 WITHOUT is_southpaw~null,0.48905109489051096,True
3,[8118-8617],8516,0,men,Flyweight,A: top-240 WITHOUT is_southpaw~null,0.48905109489051096,True
3,[8118-8617],8517,1,men,Light Heavyweight,A: top-240 WITHOUT is_southpaw~null,0.49315068493150677,True
3,[8118-8617],8518,0,men,Welterweight,A: top-240 WITHOUT is_southpaw~null,0.6753246753246753,True
3,[8118-8617],8519,1,men,Lightweight,A: top-240 WITHOUT is_southpaw~null,0.6753246753246753,True
3,[8118-8617],8520,1,women,Women's Featherweight,A: top-240 WITHOUT is_southpaw~null,0.48905109489051096,False
3,[8118-8617],8521,1,men,Lightweight,A: top-240 WITHOUT is_southpaw~null,0.6753246753246753,True
3,[8118-8617],8522,1,men,Lightweight,A: top-240 WITHOUT is_southpaw~null,0.7777777777777778,True
3,[8118-8617],8523,0,men,Featherweight,A: top-240 WITHOUT is_southpaw~null,0.5846153846153846,True
3,[8118-8617],8524,0,women,Women's Flyweight,A: top-240 WITHOUT is_southpaw~null,0.48905109489051096,False
3,[8118-8617],8525,0,men,Welterweight,A: top-240 WITHOUT is_southpaw~null,0.6326530612244898,True
3,[8118-8617],8526,1,men,Light Heavyweight,A: top-240 WITHOUT is_southpaw~null,0.68,True
3,[8118-8617],8527,0,men,Heavyweight,A: top-240 WITHOUT is_southpaw~null,0.6753246753246753,True
3,[8118-8617],8528,0,men,Welterweight,A: top-240 WITHOUT is_southpaw~null,0.48905109489051096,True
3,[8118-8617],8529,1,men,Bantamweight,A: top-240 WITHOUT is_southpaw~null,0.68,True
3,[8118-8617],8530,0,men,Middleweight,A: top-240 WITHOUT is_southpaw~null,0.4577050059787148,True
3,[8118-8617],8531,0,women,Women's Bantamweight,A: top-240 WITHOUT is_southpaw~null,0.3076923076923077,False
3,[8118-8617],8532,1,men,Bantamweight,A: top-240 WITHOUT is_southpaw~null,0.49315068493150677,True
3,[8118-8617],8533,0,men,Flyweight,A: top-240 WITHOUT is_southpaw~null,0.3076923076923077,True
3,[8118-8617],8534,0,men,Flyweight,A: top-240 WITHOUT is_southpaw~null,0.48905109489051096,True
3,[8118-8617],8535,1,women,Women's Flyweight,A: top-240 WITHOUT is_southpaw~null,0.7777777777777778,False
3,[8118-8617],8536,1,men,Welterweight,A: top-240 WITHOUT is_southpaw~null,0.48905109489051096,True
3,[8118-8617],8537,1,men,Bantamweight,A: top-240 WITHOUT is_southpaw~null,0.9166666666666666,True
3,[8118-8617],8538,1,men,Bantamweight,A: top-240 WITHOUT is_southpaw~null,0.8,True
3,[8118-8617],8539,1,men,Welterweight,A: top-240 WITHOUT is_southpaw~null,0.48905109489051096,True
3,[8118-8617],8540,1,men,Light Heavyweight,A: top-240 WITHOUT is_southpaw~null,1e-06,True
3,[8118-8617],8541,0,men,Bantamweight,A: top-240 WITHOUT is_southpaw~null,0.48905109489051096,True
3,[8118-8617],8542,1,men,Middleweight,A: top-240 WITHOUT is_southpaw~null,0.5846153846153846,True
3,[8118-8617],8543,1,women,Women's Flyweight,A: top-240 WITHOUT is_southpaw~null,0.48905109489051096,False
3,[8118-8617],8544,1,men,Welterweight,A: top-240 WITHOUT is_southpaw~null,0.6326530612244898,True
3,[8118-8617],8545,0,men,Middleweight,A: top-240 WITHOUT is_southpaw~null,0.6753246753246753,True
3,[8118-8617],8546,1,men,Flyweight,A: top-240 WITHOUT is_southpaw~null,0.68,True
3,[8118-8617],8547,0,women,Women's Bantamweight,A: top-240 WITHOUT is_southpaw~null,0.6753246753246753,False
3,[8118-8617],8548,1,women,Women's Bantamweight,A: top-240 WITHOUT is_southpaw~null,0.6753246753246753,False
3,[8118-8617],8549,0,men,Heavyweight,A: top-240 WITHOUT is_southpaw~null,0.6326530612244898,True
3,[8118-8617],8550,1,men,Welterweight,A: top-240 WITHOUT is_southpaw~null,0.3076923076923077,True
3,[8118-8617],8551,0,men,Catch Weight,A: top-240 WITHOUT is_southpaw~null,0.48905109489051096,True
3,[8118-8617],8552,1,men,Lightweight,A: top-240 WITHOUT is_southpaw~null,0.5846153846153846,True
3,[8118-8617],8553,1,men,Heavyweight,A: top-240 WITHOUT is_southpaw~null,0.49315068493150677,True
3,[8118-8617],8554,1,men,Lightweight,A: top-240 WITHOUT is_southpaw~null,0.3076923076923077,True
3,[8118-8617],8555,0,men,Light Heavyweight,A: top-240 WITHOUT is_southpaw~null,0.68,True
3,[8118-8617],8556,1,men,Featherweight,A: top-240 WITHOUT is_southpaw~null,0.49315068493150677,True
3,[8118-8617],8557,1,men,Heavyweight,A: top-240 WITHOUT is_southpaw~null,0.6753246753246753,True
3,[8118-8617],8558,0,men,Welterweight,A: top-240 WITHOUT is_southpaw~null,1e-06,True
3,[8118-8617],8559,1,men,Lightweight,A: top-240 WITHOUT is_southpaw~null,0.6753246753246753,True
3,[8118-8617],8560,0,women,Women's Flyweight,A: top-240 WITHOUT is_southpaw~null,0.3076923076923077,False
3,[8118-8617],8561,0,men,Featherweight,A: top-240 WITHOUT is_southpaw~null,0.48905109489051096,True
3,[8118-8617],8562,0,men,Middleweight,A: top-240 WITHOUT is_southpaw~null,0.48905109489051096,True
3,[8118-8617],8563,1,men,Bantamweight,A: top-240 WITHOUT is_southpaw~null,0.48905109489051096,True
3,[8118-8617],8564,1,men,Lightweight,A: top-240 WITHOUT is_southpaw~null,0.5846153846153846,True
3,[8118-8617],8565,0,men,Flyweight,A: top-240 WITHOUT is_southpaw~null,0.3076923076923077,True
3,[8118-8617],8566,1,men,Flyweight,A: top-240 WITHOUT is_southpaw~null,0.48905109489051096,True
3,[8118-8617],8567,1,men,Lightweight,A: top-240 WITHOUT is_southpaw~null,0.7777777777777778,True
3,[8118-8617],8568,1,women,Women's Strawweight,A: top-240 WITHOUT is_southpaw~null,0.68,False
3,[8118-8617],8569,0,men,Lightweight,A: top-240 WITHOUT is_southpaw~null,0.48905109489051096,True
3,[8118-8617],8570,0,men,Heavyweight,A: top-240 WITHOUT is_southpaw~null,0.48905109489051096,True
3,[8118-8617],8571,0,women,Women's Flyweight,A: top-240 WITHOUT is_southpaw~null,1e-06,False
3,[8118-8617],8572,1,men,Welterweight,A: top-240 WITHOUT is_southpaw~null,0.6753246753246753,True
3,[8118-8617],8573,0,men,Welterweight,A: top-240 WITHOUT is_southpaw~null,0.48905109489051096,True
3,[8118-8617],8574,1,men,Heavyweight,A: top-240 WITHOUT is_southpaw~null,0.3076923076923077,True
3,[8118-8617],8575,1,men,Heavyweight,A: top-240 WITHOUT is_southpaw~null,0.7777777777777778,True
3,[8118-8617],8576,0,men,Featherweight,A: top-240 WITHOUT is_southpaw~null,0.3076923076923077,True
3,[8118-8617],8577,0,men,Featherweight,A: top-240 WITHOUT is_southpaw~null,0.48905109489051096,True
3,[8118-8617],8578,0,men,Welterweight,A: top-240 WITHOUT is_southpaw~null,0.3076923076923077,True
3,[8118-8617],8579,0,men,Light Heavyweight,A: top-240 WITHOUT is_southpaw~null,0.7777777777777778,True
3,[8118-8617],8580,0,men,Welterweight,A: top-240 WITHOUT is_southpaw~null,0.3076923076923077,True
3,[8118-8617],8581,1,women,Women's Flyweight,A: top-240 WITHOUT is_southpaw~null,0.48905109489051096,False
3,[8118-8617],8582,1,men,Middleweight,A: top-240 WITHOUT is_southpaw~null,0.49315068493150677,True
3,[8118-8617],8583,1,men,Heavyweight,A: top-240 WITHOUT is_southpaw~null,0.48905109489051096,True
3,[8118-8617],8584,1,men,Light Heavyweight,A: top-240 WITHOUT is_southpaw~null,0.7777777777777778,True
3,[8118-8617],8585,1,men,Middleweight,A: top-240 WITHOUT is_southpaw~null,0.8193643145979804,True
3,[8118-8617],8586,0,men,Welterweight,A: top-240 WITHOUT is_southpaw~null,0.7777777777777778,True
3,[8118-8617],8587,0,men,Bantamweight,A: top-240 WITHOUT is_southpaw~null,0.48905109489051096,True
3,[8118-8617],8588,1,men,Lightweight,A: top-240 WITHOUT is_southpaw~null,0.3076923076923077,True
3,[8118-8617],8589,0,men,Featherweight,A: top-240 WITHOUT is_southpaw~null,0.68,True
3,[8118-8617],8590,0,men,Welterweight,A: top-240 WITHOUT is_southpaw~null,0.68,True
3,[8118-8617],8591,1,men,Middleweight,A: top-240 WITHOUT is_southpaw~null,0.48905109489051096,True
3,[8118-8617],8592,1,men,Lightweight,A: top-240 WITHOUT is_southpaw~null,0.48905109489051096,True
3,[8118-8617],8593,0,men,Middleweight,A: top-240 WITHOUT is_southpaw~null,0.48905109489051096,True
3,[8118-8617],8594,0,men,Featherweight,A: top-240 WITHOUT is_southpaw~null,0.48905109489051096,True
3,[8118-8617],8595,1,men,Heavyweight,A: top-240 WITHOUT is_southpaw~null,0.68,True
3,[8118-8617],8596,0,men,Light Heavyweight,A: top-240 WITHOUT is_southpaw~null,0.7777777777777778,True
3,[8118-8617],8597,1,men,Bantamweight,A: top-240 WITHOUT is_southpaw~null,0.3076923076923077,True
3,[8118-8617],8598,1,men,Welterweight,A: top-240 WITHOUT is_southpaw~null,0.48905109489051096,True
3,[8118-8617],8599,0,women,Women's Strawweight,A: top-240 WITHOUT is_southpaw~null,0.49315068493150677,False
3,[8118-8617],8600,0,men,Light Heavyweight,A: top-240 WITHOUT is_southpaw~null,0.6753246753246753,True
3,[8118-8617],8601,1,men,Flyweight,A: top-240 WITHOUT is_southpaw~null,0.5846153846153846,True
3,[8118-8617],8602,1,men,Middleweight,A: top-240 WITHOUT is_southpaw~null,0.7777777777777778,True
3,[8118-8617],8603,1,men,Bantamweight,A: top-240 WITHOUT is_southpaw~null,0.6326530612244898,True
3,[8118-8617],8604,0,men,Middleweight,A: top-240 WITHOUT is_southpaw~null,0.48905109489051096,True
3,[8118-8617],8605,1,men,Bantamweight,A: top-240 WITHOUT is_southpaw~null,0.6326530612244898,True
3,[8118-8617],8606,1,men,Flyweight,A: top-240 WITHOUT is_southpaw~null,0.999999,True
3,[8118-8617],8607,1,men,Featherweight,A: top-240 WITHOUT is_southpaw~null,0.6326530612244898,True
3,[8118-8617],8608,0,men,Middleweight,A: top-240 WITHOUT is_southpaw~null,0.6753246753246753,True
3,[8118-8617],8609,1,men,Middleweight,A: top-240 WITHOUT is_southpaw~null,0.9166666666666666,True
3,[8118-8617],8610,1,men,Bantamweight,A: top-240 WITHOUT is_southpaw~null,0.5846153846153846,True
3,[8118-8617],8611,1,women,Women's Bantamweight,A: top-240 WITHOUT is_southpaw~null,0.48905109489051096,False
3,[8118-8617],8612,1,men,Welterweight,A: top-240 WITHOUT is_southpaw~null,0.49315068493150677,True
3,[8118-8617],8613,0,men,Lightweight,A: top-240 WITHOUT is_southpaw~null,0.49315068493150677,True
3,[8118-8617],8614,0,men,Lightweight,A: top-240 WITHOUT is_southpaw~null,0.6326530612244898,True
3,[8118-8617],8615,1,men,Flyweight,A: top-240 WITHOUT is_southpaw~null,0.5846153846153846,True
3,[8118-8617],8616,1,women,Women's Strawweight,A: top-240 WITHOUT is_southpaw~null,0.6753246753246753,False
3,[8118-8617],8617,0,men,Featherweight,A: top-240 WITHOUT is_southpaw~null,0.48905109489051096,True
4,[8618-9117],8618,1,men,Welterweight,A: top-240 WITHOUT is_southpaw,0.5357142857142857,True
4,[8618-9117],8619,1,women,Women's Bantamweight,A: top-240 WITHOUT is_southpaw,0.999999,False
4,[8618-9117],8620,0,men,Light Heavyweight,A: top-240 WITHOUT is_southpaw,0.7613636363636364,True
4,[8618-9117],8621,1,women,Women's Flyweight,A: top-240 WITHOUT is_southpaw,0.7613636363636364,False
4,[8618-9117],8622,1,men,Light Heavyweight,A: top-240 WITHOUT is_southpaw,0.999999,True
4,[8618-9117],8623,1,men,Bantamweight,A: top-240 WITHOUT is_southpaw,0.7613636363636364,True
4,[8618-9117],8624,0,men,Bantamweight,A: top-240 WITHOUT is_southpaw,0.4358974358974359,True
4,[8618-9117],8625,1,men,Featherweight,A: top-240 WITHOUT is_southpaw,0.1111111111111111,True
4,[8618-9117],8626,1,women,Women's Strawweight,A: top-240 WITHOUT is_southpaw,0.7613636363636364,False
4,[8618-9117],8627,1,men,Bantamweight,A: top-240 WITHOUT is_southpaw,0.7613636363636364,True
4,[8618-9117],8628,0,men,Middleweight,A: top-240 WITHOUT is_southpaw,0.3263157894736842,True
4,[8618-9117],8629,0,men,Middleweight,A: top-240 WITHOUT is_southpaw,0.3263157894736842,True
4,[8618-9117],8630,1,men,Middleweight,A: top-240 WITHOUT is_southpaw,0.7340425531914894,True
4,[8618-9117],8631,1,men,Welterweight,A: top-240 WITHOUT is_southpaw,0.7613636363636364,True
4,[8618-9117],8632,1,men,Middleweight,A: top-240 WITHOUT is_southpaw,0.7613636363636364,True
4,[8618-9117],8633,0,men,Featherweight,A: top-240 WITHOUT is_southpaw,0.7613636363636364,True
4,[8618-9117],8634,0,men,Middleweight,A: top-240 WITHOUT is_southpaw,0.5357142857142857,True
4,[8618-9117],8635,0,men,Flyweight,A: top-240 WITHOUT is_southpaw,0.5357142857142857,True
4,[8618-9117],8636,1,women,Women's Flyweight,A: top-240 WITHOUT is_southpaw,0.7340425531914894,False
4,[8618-9117],8637,0,men,Lightweight,A: top-240 WITHOUT is_southpaw,0.3333333333333333,True
4,[8618-9117],8638,0,men,Lightweight,A: top-240 WITHOUT is_southpaw,0.7613636363636364,True
4,[8618-9117],8639,0,women,Women's Strawweight,A: top-240 WITHOUT is_southpaw,0.3263157894736842,False
4,[8618-9117],8640,0,men,Middleweight,A: top-240 WITHOUT is_southpaw,0.4358974358974359,True
4,[8618-9117],8641,1,men,Flyweight,A: top-240 WITHOUT is_southpaw,0.7613636363636364,True
4,[8618-9117],8642,0,men,Middleweight,A: top-240 WITHOUT is_southpaw,0.3263157894736842,True
4,[8618-9117],8643,0,men,Welterweight,A: top-240 WITHOUT is_southpaw,0.4358974358974359,True
4,[8618-9117],8644,1,men,Featherweight,A: top-240 WITHOUT is_southpaw,0.999999,True
4,[8618-9117],8645,0,men,Middleweight,A: top-240 WITHOUT is_southpaw,0.34652471739918045,True
4,[8618-9117],8646,1,men,Middleweight,A: top-240 WITHOUT is_southpaw,0.7340425531914894,True
4,[8618-9117],8647,0,men,Featherweight,A: top-240 WITHOUT is_southpaw,0.5,True
4,[8618-9117],8648,1,men,Heavyweight,A: top-240 WITHOUT is_southpaw,0.7340425531914894,True
4,[8618-9117],8649,0,men,Bantamweight,A: top-240 WITHOUT is_southpaw,0.5,True
4,[8618-9117],8650,0,men,Featherweight,A: top-240 WITHOUT is_southpaw,0.7340425531914894,True
4,[8618-9117],8651,0,men,Middleweight,A: top-240 WITHOUT is_southpaw,0.5,True
4,[8618-9117],8652,0,women,Women's Strawweight,A: top-240 WITHOUT is_southpaw,0.7613636363636364,False
4,[8618-9117],8653,1,men,Flyweight,A: top-240 WITHOUT is_southpaw,0.7613636363636364,True
4,[8618-9117],8654,1,men,Light Heavyweight,A: top-240 WITHOUT is_southpaw,0.7340425531914894,True
4,[8618-9117],8655,0,men,Bantamweight,A: top-240 WITHOUT is_southpaw,0.3263157894736842,True
4,[8618-9117],8656,1,men,Featherweight,A: top-240 WITHOUT is_southpaw,0.7613636363636364,True
4,[8618-9117],8657,0,men,Middleweight,A: top-240 WITHOUT is_southpaw,0.7504406213483897,True
4,[8618-9117],8658,1,men,Flyweight,A: top-240 WITHOUT is_southpaw,0.3263157894736842,True
4,[8618-9117],8659,1,men,Lightweight,A: top-240 WITHOUT is_southpaw,0.7613636363636364,True
4,[8618-9117],8660,1,men,Welterweight,A: top-240 WITHOUT is_southpaw,0.7613636363636364,True
4,[8618-9117],8661,1,men,Flyweight,A: top-240 WITHOUT is_southpaw,0.7613636363636364,True
4,[8618-9117],8662,1,men,Heavyweight,A: top-240 WITHOUT is_southpaw,0.7340425531914894,True
4,[8618-9117],8663,0,men,Catch Weight,A: top-240 WITHOUT is_southpaw,0.3263157894736842,True
4,[8618-9117],8664,1,men,Light Heavyweight,A: top-240 WITHOUT is_southpaw,0.5,True
4,[8618-9117],8665,0,men,Lightweight,A: top-240 WITHOUT is_southpaw,0.4358974358974359,True
4,[8618-9117],8666,0,men,Lightweight,A: top-240 WITHOUT is_southpaw,0.7340425531914894,True
4,[8618-9117],8667,1,men,Light Heavyweight,A: top-240 WITHOUT is_southpaw,0.7613636363636364,True
4,[8618-9117],8668,1,men,Heavyweight,A: top-240 WITHOUT is_southpaw,0.7613636363636364,True
4,[8618-9117],8669,0,men,Middleweight,A: top-240 WITHOUT is_southpaw,0.55,True
4,[8618-9117],8670,0,men,Featherweight,A: top-240 WITHOUT is_southpaw,0.4358974358974359,True
4,[8618-9117],8671,0,men,Welterweight,A: top-240 WITHOUT is_southpaw,0.5357142857142857,True
4,[8618-9117],8672,0,men,Middleweight,A: top-240 WITHOUT is_southpaw,0.5,True
4,[8618-9117],8673,1,men,Lightweight,A: top-240 WITHOUT is_southpaw,0.4358974358974359,True
4,[8618-9117],8674,0,men,Flyweight,A: top-240 WITHOUT is_southpaw,0.5357142857142857,True
4,[8618-9117],8675,1,men,Featherweight,A: top-240 WITHOUT is_southpaw,0.5,True
4,[8618-9117],8676,0,men,Lightweight,A: top-240 WITHOUT is_southpaw,0.5,True
4,[8618-9117],8677,0,men,Welterweight,A: top-240 WITHOUT is_southpaw,0.5,True
4,[8618-9117],8678,0,men,Middleweight,A: top-240 WITHOUT is_southpaw,0.55,True
4,[8618-9117],8679,1,men,Welterweight,A: top-240 WITHOUT is_southpaw,0.55,True
4,[8618-9117],8680,0,women,Women's Strawweight,A: top-240 WITHOUT is_southpaw,0.4358974358974359,False
4,[8618-9117],8681,0,men,Heavyweight,A: top-240 WITHOUT is_southpaw,0.7613636363636364,True
4,[8618-9117],8682,0,men,Lightweight,A: top-240 WITHOUT is_southpaw,0.7340425531914894,True
4,[8618-9117],8683,1,men,Featherweight,A: top-240 WITHOUT is_southpaw,0.7613636363636364,True
4,[8618-9117],8684,1,men,Welterweight,A: top-240 WITHOUT is_southpaw,0.7340425531914894,True
4,[8618-9117],8685,1,men,Light Heavyweight,A: top-240 WITHOUT is_southpaw,0.7613636363636364,True
4,[8618-9117],8686,1,men,Lightweight,A: top-240 WITHOUT is_southpaw,0.5,True
4,[8618-9117],8687,1,men,Middleweight,A: top-240 WITHOUT is_southpaw,0.3263157894736842,True
4,[8618-9117],8688,1,men,Light Heavyweight,A: top-240 WITHOUT is_southpaw,0.7613636363636364,True
4,[8618-9117],8689,0,women,Women's Strawweight,A: top-240 WITHOUT is_southpaw,0.7613636363636364,False
4,[8618-9117],8690,0,men,Lightweight,A: top-240 WITHOUT is_southpaw,0.5,True
4,[8618-9117],8691,0,men,Light Heavyweight,A: top-240 WITHOUT is_southpaw,0.7613636363636364,True
4,[8618-9117],8692,0,men,Heavyweight,A: top-240 WITHOUT is_southpaw,0.5,True
4,[8618-9117],8693,0,men,Featherweight,A: top-240 WITHOUT is_southpaw,0.5,True
4,[8618-9117],8694,1,women,Women's Strawweight,A: top-240 WITHOUT is_southpaw,0.7613636363636364,False
4,[8618-9117],8695,0,men,Welterweight,A: top-240 WITHOUT is_southpaw,0.5357142857142857,True
4,[8618-9117],8696,1,women,Women's Bantamweight,A: top-240 WITHOUT is_southpaw,0.3333333333333333,False
4,[8618-9117],8697,0,men,Flyweight,A: top-240 WITHOUT is_southpaw,0.7340425531914894,True
4,[8618-9117],8698,1,men,Flyweight,A: top-240 WITHOUT is_southpaw,0.7613636363636364,True
4,[8618-9117],8699,0,men,Lightweight,A: top-240 WITHOUT is_southpaw,0.7613636363636364,True
4,[8618-9117],8700,1,men,Lightweight,A: top-240 WITHOUT is_southpaw,0.7613636363636364,True
4,[8618-9117],8701,1,men,Bantamweight,A: top-240 WITHOUT is_southpaw,0.7613636363636364,True
4,[8618-9117],8702,1,men,Lightweight,A: top-240 WITHOUT is_southpaw,0.7613636363636364,True
4,[8618-9117],8703,1,men,Middleweight,A: top-240 WITHOUT is_southpaw,0.7613636363636364,True
4,[8618-9117],8704,0,men,Middleweight,A: top-240 WITHOUT is_southpaw,0.3263157894736842,True
4,[8618-9117],8705,0,men,Bantamweight,A: top-240 WITHOUT is_southpaw,0.1111111111111111,True
4,[8618-9117],8706,1,men,Featherweight,A: top-240 WITHOUT is_southpaw,0.4358974358974359,True
4,[8618-9117],8707,0,men,Middleweight,A: top-240 WITHOUT is_southpaw,0.5,True
4,[8618-9117],8708,1,men,Lightweight,A: top-240 WITHOUT is_southpaw,0.4358974358974359,True
4,[8618-9117],8709,0,men,Bantamweight,A: top-240 WITHOUT is_southpaw,0.7340425531914894,True
4,[8618-9117],8710,0,men,Bantamweight,A: top-240 WITHOUT is_southpaw,0.7613636363636364,True
4,[8618-9117],8711,0,men,Light Heavyweight,A: top-240 WITHOUT is_southpaw,0.7340425531914894,True
4,[8618-9117],8712,0,men,Middleweight,A: top-240 WITHOUT is_southpaw,0.6143290288745956,True
4,[8618-9117],8713,0,men,Featherweight,A: top-240 WITHOUT is_southpaw,0.5,True
4,[8618-9117],8714,1,women,Women's Flyweight,A: top-240 WITHOUT is_southpaw,0.5,False
4,[8618-9117],8715,0,men,Featherweight,A: top-240 WITHOUT is_southpaw,0.7340425531914894,True
4,[8618-9117],8716,1,men,Light Heavyweight,A: top-240 WITHOUT is_southpaw,0.7613636363636364,True
4,[8618-9117],8717,1,men,Lightweight,A: top-240 WITHOUT is_southpaw,0.5357142857142857,True
4,[8618-9117],8718,0,women,Women's Strawweight,A: top-240 WITHOUT is_southpaw,0.4358974358974359,False
4,[8618-9117],8719,1,men,Heavyweight,A: top-240 WITHOUT is_southpaw,0.7340425531914894,True
4,[8618-9117],8720,1,women,Women's Bantamweight,A: top-240 WITHOUT is_southpaw,0.5357142857142857,False
4,[8618-9117],8721,1,men,Bantamweight,A: top-240 WITHOUT is_southpaw,0.7340425531914894,True
4,[8618-9117],8722,1,men,Middleweight,A: top-240 WITHOUT is_southpaw,0.5357142857142857,True
4,[8618-9117],8723,0,men,Welterweight,A: top-240 WITHOUT is_southpaw,0.7613636363636364,True
4,[8618-9117],8724,1,men,Lightweight,A: top-240 WITHOUT is_southpaw,0.5,True
4,[8618-9117],8725,1,men,Featherweight,A: top-240 WITHOUT is_southpaw,0.5357142857142857,True
4,[8618-9117],8726,1,men,Light Heavyweight,A: top-240 WITHOUT is_southpaw,0.7613636363636364,True
4,[8618-9117],8727,1,men,Light Heavyweight,A: top-240 WITHOUT is_southpaw,0.7340425531914894,True
4,[8618-9117],8728,1,men,Light Heavyweight,A: top-240 WITHOUT is_southpaw,0.7613636363636364,True
4,[8618-9117],8729,1,men,Flyweight,A: top-240 WITHOUT is_southpaw,0.4358974358974359,True
4,[8618-9117],8730,0,men,Welterweight,A: top-240 WITHOUT is_southpaw,0.5357142857142857,True
4,[8618-9117],8731,1,men,Featherweight,A: top-240 WITHOUT is_southpaw,0.7613636363636364,True
4,[8618-9117],8732,0,men,Middleweight,A: top-240 WITHOUT is_southpaw,0.5,True
4,[8618-9117],8733,1,men,Bantamweight,A: top-240 WITHOUT is_southpaw,0.5357142857142857,True
4,[8618-9117],8734,1,men,Middleweight,A: top-240 WITHOUT is_southpaw,0.7613636363636364,True
4,[8618-9117],8735,1,women,Women's Flyweight,A: top-240 WITHOUT is_southpaw,0.7613636363636364,False
4,[8618-9117],8736,1,men,Welterweight,A: top-240 WITHOUT is_southpaw,0.5,True
4,[8618-9117],8737,0,men,Bantamweight,A: top-240 WITHOUT is_southpaw,0.3263157894736842,True
4,[8618-9117],8738,0,women,Women's Bantamweight,A: top-240 WITHOUT is_southpaw,0.5357142857142857,False
4,[8618-9117],8739,1,men,Welterweight,A: top-240 WITHOUT is_southpaw,0.7613636363636364,True
4,[8618-9117],8740,0,men,Bantamweight,A: top-240 WITHOUT is_southpaw,0.5357142857142857,True
4,[8618-9117],8741,0,men,Middleweight,A: top-240 WITHOUT is_southpaw,0.4358974358974359,True
4,[8618-9117],8742,1,men,Middleweight,A: top-240 WITHOUT is_southpaw,0.7613636363636364,True
4,[8618-9117],8743,0,men,Featherweight,A: top-240 WITHOUT is_southpaw,0.3263157894736842,True
4,[8618-9117],8744,1,men,Light Heavyweight,A: top-240 WITHOUT is_southpaw,0.7340425531914894,True
4,[8618-9117],8745,1,men,Bantamweight,A: top-240 WITHOUT is_southpaw,0.7613636363636364,True
4,[8618-9117],8746,0,men,Light Heavyweight,A: top-240 WITHOUT is_southpaw,0.5,True
4,[8618-9117],8747,1,men,Catch Weight,A: top-240 WITHOUT is_southpaw,0.5357142857142857,True
4,[8618-9117],8748,0,men,Lightweight,A: top-240 WITHOUT is_southpaw,0.7340425531914894,True
4,[8618-9117],8749,1,men,Bantamweight,A: top-240 WITHOUT is_southpaw,0.5,True
4,[8618-9117],8750,1,men,Flyweight,A: top-240 WITHOUT is_southpaw,0.5357142857142857,True
4,[8618-9117],8751,1,men,Middleweight,A: top-240 WITHOUT is_southpaw,0.5,True
4,[8618-9117],8752,1,men,Light Heavyweight,A: top-240 WITHOUT is_southpaw,0.5,True
4,[8618-9117],8753,1,men,Bantamweight,A: top-240 WITHOUT is_southpaw,0.7340425531914894,True
4,[8618-9117],8754,1,women,Women's Strawweight,A: top-240 WITHOUT is_southpaw,0.7613636363636364,False
4,[8618-9117],8755,1,men,Flyweight,A: top-240 WITHOUT is_southpaw,0.3263157894736842,True
4,[8618-9117],8756,1,women,Women's Bantamweight,A: top-240 WITHOUT is_southpaw,0.7340425531914894,False
4,[8618-9117],8757,1,men,Heavyweight,A: top-240 WITHOUT is_southpaw,0.7340425531914894,True
4,[8618-9117],8758,1,men,Flyweight,A: top-240 WITHOUT is_southpaw,0.3263157894736842,True
4,[8618-9117],8759,0,men,Featherweight,A: top-240 WITHOUT is_southpaw,0.55,True
4,[8618-9117],8760,0,men,Heavyweight,A: top-240 WITHOUT is_southpaw,0.7340425531914894,True
4,[8618-9117],8761,0,men,Welterweight,A: top-240 WITHOUT is_southpaw,0.4358974358974359,True
4,[8618-9117],8762,1,men,Bantamweight,A: top-240 WITHOUT is_southpaw,0.3263157894736842,True
4,[8618-9117],8763,1,men,Lightweight,A: top-240 WITHOUT is_southpaw,0.1111111111111111,True
4,[8618-9117],8764,0,men,Featherweight,A: top-240 WITHOUT is_southpaw,0.1111111111111111,True
4,[8618-9117],8765,0,men,Middleweight,A: top-240 WITHOUT is_southpaw,0.7340425531914894,True
4,[8618-9117],8766,0,men,Heavyweight,A: top-240 WITHOUT is_southpaw,0.7340425531914894,True
4,[8618-9117],8767,1,men,Welterweight,A: top-240 WITHOUT is_southpaw,0.7613636363636364,True
4,[8618-9117],8768,1,men,Featherweight,A: top-240 WITHOUT is_southpaw,0.7340425531914894,True
4,[8618-9117],8769,0,men,Light Heavyweight,A: top-240 WITHOUT is_southpaw,0.7340425531914894,True
4,[8618-9117],8770,0,men,Bantamweight,A: top-240 WITHOUT is_southpaw,0.5357142857142857,True
4,[8618-9117],8771,1,men,Flyweight,A: top-240 WITHOUT is_southpaw,0.4358974358974359,True
4,[8618-9117],8772,1,women,Women's Bantamweight,A: top-240 WITHOUT is_southpaw,0.7340425531914894,False
4,[8618-9117],8773,0,men,Middleweight,A: top-240 WITHOUT is_southpaw,0.7613636363636364,True
4,[8618-9117],8774,1,women,Women's Strawweight,A: top-240 WITHOUT is_southpaw,0.55,False
4,[8618-9117],8775,0,men,Middleweight,A: top-240 WITHOUT is_southpaw,0.7340425531914894,True
4,[8618-9117],8776,0,men,Bantamweight,A: top-240 WITHOUT is_southpaw,0.5,True
4,[8618-9117],8777,0,men,Middleweight,A: top-240 WITHOUT is_southpaw,0.7340425531914894,True
4,[8618-9117],8778,1,men,Lightweight,A: top-240 WITHOUT is_southpaw,0.5357142857142857,True
4,[8618-9117],8779,1,men,Bantamweight,A: top-240 WITHOUT is_southpaw,0.7613636363636364,True
4,[8618-9117],8780,1,women,Women's Flyweight,A: top-240 WITHOUT is_southpaw,0.7613636363636364,False
4,[8618-9117],8781,0,men,Bantamweight,A: top-240 WITHOUT is_southpaw,0.5,True
4,[8618-9117],8782,0,men,Welterweight,A: top-240 WITHOUT is_southpaw,0.5,True
4,[8618-9117],8783,0,men,Lightweight,A: top-240 WITHOUT is_southpaw,0.5,True
4,[8618-9117],8784,0,women,Women's Strawweight,A: top-240 WITHOUT is_southpaw,0.7613636363636364,False
4,[8618-9117],8785,0,men,Flyweight,A: top-240 WITHOUT is_southpaw,0.4358974358974359,True
4,[8618-9117],8786,1,men,Heavyweight,A: top-240 WITHOUT is_southpaw,0.7613636363636364,True
4,[8618-9117],8787,1,men,Featherweight,A: top-240 WITHOUT is_southpaw,0.3263157894736842,True
4,[8618-9117],8788,1,men,Heavyweight,A: top-240 WITHOUT is_southpaw,0.7613636363636364,True
4,[8618-9117],8789,1,men,Lightweight,A: top-240 WITHOUT is_southpaw,0.6738275445039595,True
4,[8618-9117],8790,1,men,Middleweight,A: top-240 WITHOUT is_southpaw,0.7613636363636364,True
4,[8618-9117],8791,0,men,Lightweight,A: top-240 WITHOUT is_southpaw,0.3263157894736842,True
4,[8618-9117],8792,0,men,Light Heavyweight,A: top-240 WITHOUT is_southpaw,0.55,True
4,[8618-9117],8793,1,men,Heavyweight,A: top-240 WITHOUT is_southpaw,0.5,True
4,[8618-9117],8794,1,men,Bantamweight,A: top-240 WITHOUT is_southpaw,0.7613636363636364,True
4,[8618-9117],8795,0,women,Women's Strawweight,A: top-240 WITHOUT is_southpaw,0.7340425531914894,False
4,[8618-9117],8796,1,women,Women's Strawweight,A: top-240 WITHOUT is_southpaw,0.7613636363636364,False
4,[8618-9117],8797,0,men,Welterweight,A: top-240 WITHOUT is_southpaw,0.1111111111111111,True
4,[8618-9117],8798,1,women,Women's Strawweight,A: top-240 WITHOUT is_southpaw,0.7613636363636364,False
4,[8618-9117],8799,0,women,Women's Bantamweight,A: top-240 WITHOUT is_southpaw,0.3263157894736842,False
4,[8618-9117],8800,1,men,Middleweight,A: top-240 WITHOUT is_southpaw,0.7613636363636364,True
4,[8618-9117],8801,1,men,Bantamweight,A: top-240 WITHOUT is_southpaw,0.7340425531914894,True
4,[8618-9117],8802,1,men,Featherweight,A: top-240 WITHOUT is_southpaw,0.5,True
4,[8618-9117],8803,1,men,Catch Weight,A: top-240 WITHOUT is_southpaw,0.7613636363636364,True
4,[8618-9117],8804,1,men,Welterweight,A: top-240 WITHOUT is_southpaw,0.7340425531914894,True
4,[8618-9117],8805,0,men,Featherweight,A: top-240 WITHOUT is_southpaw,0.7340425531914894,True
4,[8618-9117],8806,1,men,Welterweight,A: top-240 WITHOUT is_southpaw,0.5,True
4,[8618-9117],8807,1,men,Heavyweight,A: top-240 WITHOUT is_southpaw,0.7613636363636364,True
4,[8618-9117],8808,1,men,Light Heavyweight,A: top-240 WITHOUT is_southpaw,0.7340425531914894,True
4,[8618-9117],8809,0,women,Women's Bantamweight,A: top-240 WITHOUT is_southpaw,0.3263157894736842,False
4,[8618-9117],8810,1,men,Catch Weight,A: top-240 WITHOUT is_southpaw,0.7340425531914894,True
4,[8618-9117],8811,0,men,Bantamweight,A: top-240 WITHOUT is_southpaw,0.4358974358974359,True
4,[8618-9117],8812,0,women,Women's Strawweight,A: top-240 WITHOUT is_southpaw,0.3263157894736842,False
4,[8618-9117],8813,1,men,Heavyweight,A: top-240 WITHOUT is_southpaw,0.7613636363636364,True
4,[8618-9117],8814,0,men,Bantamweight,A: top-240 WITHOUT is_southpaw,0.7340425531914894,True
4,[8618-9117],8815,1,men,Welterweight,A: top-240 WITHOUT is_southpaw,0.7613636363636364,True
4,[8618-9117],8816,1,men,Middleweight,A: top-240 WITHOUT is_southpaw,0.5357142857142857,True
4,[8618-9117],8817,1,men,Lightweight,A: top-240 WITHOUT is_southpaw,0.5,True
4,[8618-9117],8818,0,men,Welterweight,A: top-240 WITHOUT is_southpaw,0.4358974358974359,True
4,[8618-9117],8819,0,men,Flyweight,A: top-240 WITHOUT is_southpaw,0.3263157894736842,True
4,[8618-9117],8820,0,men,Featherweight,A: top-240 WITHOUT is_southpaw,0.7340425531914894,True
4,[8618-9117],8821,0,men,Lightweight,A: top-240 WITHOUT is_southpaw,0.3263157894736842,True
4,[8618-9117],8822,1,men,Middleweight,A: top-240 WITHOUT is_southpaw,0.999999,True
4,[8618-9117],8823,0,women,Women's Strawweight,A: top-240 WITHOUT is_southpaw,0.3263157894736842,False
4,[8618-9117],8824,1,men,Featherweight,A: top-240 WITHOUT is_southpaw,0.39016004436709995,True
4,[8618-9117],8825,1,men,Middleweight,A: top-240 WITHOUT is_southpaw,0.5357142857142857,True
4,[8618-9117],8826,0,men,Featherweight,A: top-240 WITHOUT is_southpaw,0.7340425531914894,True
4,[8618-9117],8827,1,women,Women's Flyweight,A: top-240 WITHOUT is_southpaw,0.7613636363636364,False
4,[8618-9117],8828,1,men,Middleweight,A: top-240 WITHOUT is_southpaw,0.7613636363636364,True
4,[8618-9117],8829,0,men,Lightweight,A: top-240 WITHOUT is_southpaw,0.3263157894736842,True
4,[8618-9117],8830,0,men,Welterweight,A: top-240 WITHOUT is_southpaw,0.4358974358974359,True
4,[8618-9117],8831,0,men,Welterweight,A: top-240 WITHOUT is_southpaw,0.3263157894736842,True
4,[8618-9117],8832,1,women,Women's Flyweight,A: top-240 WITHOUT is_southpaw,0.3263157894736842,False
4,[8618-9117],8833,0,men,Welterweight,A: top-240 WITHOUT is_southpaw,0.5357142857142857,True
4,[8618-9117],8834,0,men,Middleweight,A: top-240 WITHOUT is_southpaw,0.4358974358974359,True
4,[8618-9117],8835,0,men,Flyweight,A: top-240 WITHOUT is_southpaw,0.4358974358974359,True
4,[8618-9117],8836,1,men,Lightweight,A: top-240 WITHOUT is_southpaw,0.999999,True
4,[8618-9117],8837,1,men,Middleweight,A: top-240 WITHOUT is_southpaw,0.7613636363636364,True
4,[8618-9117],8838,0,men,Heavyweight,A: top-240 WITHOUT is_southpaw,0.7340425531914894,True
4,[8618-9117],8839,0,men,Bantamweight,A: top-240 WITHOUT is_southpaw,0.5,True
4,[8618-9117],8840,1,men,Light Heavyweight,A: top-240 WITHOUT is_southpaw,0.999999,True
4,[8618-9117],8841,1,men,Welterweight,A: top-240 WITHOUT is_southpaw,0.5,True
4,[8618-9117],8842,1,men,Light Heavyweight,A: top-240 WITHOUT is_southpaw,0.7613636363636364,True
4,[8618-9117],8843,0,men,Flyweight,A: top-240 WITHOUT is_southpaw,0.4358974358974359,True
4,[8618-9117],8844,1,men,Heavyweight,A: top-240 WITHOUT is_southpaw,0.7613636363636364,True
4,[8618-9117],8845,0,men,Welterweight,A: top-240 WITHOUT is_southpaw,0.3263157894736842,True
4,[8618-9117],8846,0,men,Welterweight,A: top-240 WITHOUT is_southpaw,0.1111111111111111,True
4,[8618-9117],8847,1,men,Lightweight,A: top-240 WITHOUT is_southpaw,0.999999,True
4,[8618-9117],8848,0,men,Featherweight,A: top-240 WITHOUT is_southpaw,0.5,True
4,[8618-9117],8849,1,men,Middleweight,A: top-240 WITHOUT is_southpaw,0.999999,True
4,[8618-9117],8850,1,men,Light Heavyweight,A: top-240 WITHOUT is_southpaw,0.4358974358974359,True
4,[8618-9117],8851,0,men,Lightweight,A: top-240 WITHOUT is_southpaw,0.3263157894736842,True
4,[8618-9117],8852,0,men,Middleweight,A: top-240 WITHOUT is_southpaw,0.7340425531914894,True
4,[8618-9117],8853,0,men,Lightweight,A: top-240 WITHOUT is_southpaw,0.3263157894736842,True
4,[8618-9117],8854,0,men,Featherweight,A: top-240 WITHOUT is_southpaw,0.3263157894736842,True
4,[8618-9117],8855,0,men,Lightweight,A: top-240 WITHOUT is_southpaw,0.7340425531914894,True
4,[8618-9117],8856,0,men,Lightweight,A: top-240 WITHOUT is_southpaw,0.7613636363636364,True
4,[8618-9117],8857,0,men,Bantamweight,A: top-240 WITHOUT is_southpaw,0.3263157894736842,True
4,[8618-9117],8858,0,men,Flyweight,A: top-240 WITHOUT is_southpaw,0.5,True
4,[8618-9117],8859,0,men,Flyweight,A: top-240 WITHOUT is_southpaw,0.4358974358974359,True
4,[8618-9117],8860,0,men,Bantamweight,A: top-240 WITHOUT is_southpaw,0.7613636363636364,True
4,[8618-9117],8861,1,women,Women's Flyweight,A: top-240 WITHOUT is_southpaw,0.7613636363636364,False
4,[8618-9117],8862,1,women,Women's Flyweight,A: top-240 WITHOUT is_southpaw,0.3263157894736842,False
4,[8618-9117],8863,0,men,Heavyweight,A: top-240 WITHOUT is_southpaw,0.7613636363636364,True
4,[8618-9117],8864,0,women,Women's Bantamweight,A: top-240 WITHOUT is_southpaw,0.3263157894736842,False
4,[8618-9117],8865,0,men,Heavyweight,A: top-240 WITHOUT is_southpaw,0.7340425531914894,True
4,[8618-9117],8866,1,men,Featherweight,A: top-240 WITHOUT is_southpaw,0.7340425531914894,True
4,[8618-9117],8867,1,men,Catch Weight,A: top-240 WITHOUT is_southpaw,0.7340425531914894,True
4,[8618-9117],8868,1,men,Featherweight,A: top-240 WITHOUT is_southpaw,0.5357142857142857,True
4,[8618-9117],8869,0,men,Middleweight,A: top-240 WITHOUT is_southpaw,0.1111111111111111,True
4,[8618-9117],8870,0,men,Featherweight,A: top-240 WITHOUT is_southpaw,0.1111111111111111,True
4,[8618-9117],8871,0,men,Flyweight,A: top-240 WITHOUT is_southpaw,0.3263157894736842,True
4,[8618-9117],8872,0,men,Welterweight,A: top-240 WITHOUT is_southpaw,0.5,True
4,[8618-9117],8873,1,men,Light Heavyweight,A: top-240 WITHOUT is_southpaw,0.7340425531914894,True
4,[8618-9117],8874,0,men,Welterweight,A: top-240 WITHOUT is_southpaw,0.1111111111111111,True
4,[8618-9117],8875,1,men,Heavyweight,A: top-240 WITHOUT is_southpaw,0.7613636363636364,True
4,[8618-9117],8876,1,men,Flyweight,A: top-240 WITHOUT is_southpaw,0.5,True
4,[8618-9117],8877,1,men,Middleweight,A: top-240 WITHOUT is_southpaw,0.7613636363636364,True
4,[8618-9117],8878,1,men,Bantamweight,A: top-240 WITHOUT is_southpaw,0.999999,True
4,[8618-9117],8879,0,men,Featherweight,A: top-240 WITHOUT is_southpaw,0.4358974358974359,True
4,[8618-9117],8880,1,women,Women's Flyweight,A: top-240 WITHOUT is_southpaw,0.7613636363636364,False
4,[8618-9117],8881,1,men,Heavyweight,A: top-240 WITHOUT is_southpaw,0.7613636363636364,True
4,[8618-9117],8882,1,men,Bantamweight,A: top-240 WITHOUT is_southpaw,0.6510788747156913,True
4,[8618-9117],8883,1,men,Lightweight,A: top-240 WITHOUT is_southpaw,0.4358974358974359,True
4,[8618-9117],8884,0,men,Bantamweight,A: top-240 WITHOUT is_southpaw,0.7613636363636364,True
4,[8618-9117],8885,1,men,Featherweight,A: top-240 WITHOUT is_southpaw,0.7613636363636364,True
4,[8618-9117],8886,0,men,Lightweight,A: top-240 WITHOUT is_southpaw,0.4358974358974359,True
4,[8618-9117],8887,1,men,Featherweight,A: top-240 WITHOUT is_southpaw,0.3263157894736842,True
4,[8618-9117],8888,1,men,Welterweight,A: top-240 WITHOUT is_southpaw,0.5,True
4,[8618-9117],8889,1,men,Middleweight,A: top-240 WITHOUT is_southpaw,0.5357142857142857,True
4,[8618-9117],8890,1,men,Middleweight,A: top-240 WITHOUT is_southpaw,0.7613636363636364,True
4,[8618-9117],8891,0,men,Light Heavyweight,A: top-240 WITHOUT is_southpaw,0.7340425531914894,True
4,[8618-9117],8892,1,men,Lightweight,A: top-240 WITHOUT is_southpaw,0.999999,True
4,[8618-9117],8893,0,men,Heavyweight,A: top-240 WITHOUT is_southpaw,0.3263157894736842,True
4,[8618-9117],8894,0,men,Lightweight,A: top-240 WITHOUT is_southpaw,0.4358974358974359,True
4,[8618-9117],8895,0,men,Lightweight,A: top-240 WITHOUT is_southpaw,0.3263157894736842,True
4,[8618-9117],8896,1,men,Featherweight,A: top-240 WITHOUT is_southpaw,0.5,True
4,[8618-9117],8897,1,women,Women's Bantamweight,A: top-240 WITHOUT is_southpaw,0.7613636363636364,False
4,[8618-9117],8898,0,men,Bantamweight,A: top-240 WITHOUT is_southpaw,0.7340425531914894,True
4,[8618-9117],8899,1,men,Catch Weight,A: top-240 WITHOUT is_southpaw,0.5,True
4,[8618-9117],8900,1,men,Bantamweight,A: top-240 WITHOUT is_southpaw,0.7613636363636364,True
4,[8618-9117],8901,0,women,Women's Strawweight,A: top-240 WITHOUT is_southpaw,0.5,False
4,[8618-9117],8902,1,men,Welterweight,A: top-240 WITHOUT is_southpaw,0.55,True
4,[8618-9117],8903,1,men,Bantamweight,A: top-240 WITHOUT is_southpaw,0.3263157894736842,True
4,[8618-9117],8904,1,men,Light Heavyweight,A: top-240 WITHOUT is_southpaw,0.3263157894736842,True
4,[8618-9117],8905,0,men,Bantamweight,A: top-240 WITHOUT is_southpaw,0.4358974358974359,True
4,[8618-9117],8906,1,men,Middleweight,A: top-240 WITHOUT is_southpaw,0.7613636363636364,True
4,[8618-9117],8907,0,men,Heavyweight,A: top-240 WITHOUT is_southpaw,0.7613636363636364,True
4,[8618-9117],8908,0,men,Flyweight,A: top-240 WITHOUT is_southpaw,0.5,True
4,[8618-9117],8909,0,men,Welterweight,A: top-240 WITHOUT is_southpaw,0.1111111111111111,True
4,[8618-9117],8910,1,men,Flyweight,A: top-240 WITHOUT is_southpaw,0.7613636363636364,True
4,[8618-9117],8911,1,men,Featherweight,A: top-240 WITHOUT is_southpaw,0.4358974358974359,True
4,[8618-9117],8912,0,women,Women's Flyweight,A: top-240 WITHOUT is_southpaw,0.49586300026568403,False
4,[8618-9117],8913,0,men,Welterweight,A: top-240 WITHOUT is_southpaw,0.3263157894736842,True
4,[8618-9117],8914,0,men,Welterweight,A: top-240 WITHOUT is_southpaw,0.5,True
4,[8618-9117],8915,0,women,Women's Bantamweight,A: top-240 WITHOUT is_southpaw,0.4358974358974359,False
4,[8618-9117],8916,0,men,Flyweight,A: top-240 WITHOUT is_southpaw,0.5,True
4,[8618-9117],8917,0,men,Welterweight,A: top-240 WITHOUT is_southpaw,0.5357142857142857,True
4,[8618-9117],8918,0,men,Middleweight,A: top-240 WITHOUT is_southpaw,0.4358974358974359,True
4,[8618-9117],8919,1,men,Welterweight,A: top-240 WITHOUT is_southpaw,0.7613636363636364,True
4,[8618-9117],8920,1,men,Heavyweight,A: top-240 WITHOUT is_southpaw,0.7613636363636364,True
4,[8618-9117],8921,0,men,Featherweight,A: top-240 WITHOUT is_southpaw,0.4358974358974359,True
4,[8618-9117],8922,1,men,Middleweight,A: top-240 WITHOUT is_southpaw,0.4358974358974359,True
4,[8618-9117],8923,0,men,Welterweight,A: top-240 WITHOUT is_southpaw,0.5,True
4,[8618-9117],8924,0,men,Featherweight,A: top-240 WITHOUT is_southpaw,0.1111111111111111,True
4,[8618-9117],8925,1,men,Catch Weight,A: top-240 WITHOUT is_southpaw,0.7340425531914894,True
4,[8618-9117],8926,0,men,Featherweight,A: top-240 WITHOUT is_southpaw,0.1111111111111111,True
4,[8618-9117],8927,1,men,Bantamweight,A: top-240 WITHOUT is_southpaw,0.7613636363636364,True
4,[8618-9117],8928,1,women,Women's Bantamweight,A: top-240 WITHOUT is_southpaw,0.7613636363636364,False
4,[8618-9117],8929,1,men,Middleweight,A: top-240 WITHOUT is_southpaw,0.999999,True
4,[8618-9117],8930,1,men,Middleweight,A: top-240 WITHOUT is_southpaw,0.7340425531914894,True
4,[8618-9117],8931,1,men,Flyweight,A: top-240 WITHOUT is_southpaw,0.7613636363636364,True
4,[8618-9117],8932,1,men,Flyweight,A: top-240 WITHOUT is_southpaw,0.7613636363636364,True
4,[8618-9117],8933,0,men,Lightweight,A: top-240 WITHOUT is_southpaw,0.7340425531914894,True
4,[8618-9117],8934,0,men,Bantamweight,A: top-240 WITHOUT is_southpaw,0.1111111111111111,True
4,[8618-9117],8935,0,men,Flyweight,A: top-240 WITHOUT is_southpaw,0.7340425531914894,True
4,[8618-9117],8936,1,men,Bantamweight,A: top-240 WITHOUT is_southpaw,0.7613636363636364,True
4,[8618-9117],8937,0,men,Light Heavyweight,A: top-240 WITHOUT is_southpaw,0.7340425531914894,True
4,[8618-9117],8938,0,men,Light Heavyweight,A: top-240 WITHOUT is_southpaw,0.7613636363636364,True
4,[8618-9117],8939,1,men,Flyweight,A: top-240 WITHOUT is_southpaw,0.7613636363636364,True
4,[8618-9117],8940,0,men,Flyweight,A: top-240 WITHOUT is_southpaw,0.3263157894736842,True
4,[8618-9117],8941,0,men,Featherweight,A: top-240 WITHOUT is_southpaw,0.5,True
4,[8618-9117],8942,1,men,Middleweight,A: top-240 WITHOUT is_southpaw,0.7613636363636364,True
4,[8618-9117],8943,1,men,Middleweight,A: top-240 WITHOUT is_southpaw,0.7613636363636364,True
4,[8618-9117],8944,1,men,Lightweight,A: top-240 WITHOUT is_southpaw,0.4358974358974359,True
4,[8618-9117],8945,0,men,Bantamweight,A: top-240 WITHOUT is_southpaw,0.4358974358974359,True
4,[8618-9117],8946,1,men,Middleweight,A: top-240 WITHOUT is_southpaw,0.7340425531914894,True
4,[8618-9117],8947,0,men,Lightweight,A: top-240 WITHOUT is_southpaw,0.7613636363636364,True
4,[8618-9117],8948,1,men,Bantamweight,A: top-240 WITHOUT is_southpaw,0.3263157894736842,True
4,[8618-9117],8949,1,men,Bantamweight,A: top-240 WITHOUT is_southpaw,0.7340425531914894,True
4,[8618-9117],8950,1,women,Women's Strawweight,A: top-240 WITHOUT is_southpaw,0.7613636363636364,False
4,[8618-9117],8951,0,men,Bantamweight,A: top-240 WITHOUT is_southpaw,0.1111111111111111,True
4,[8618-9117],8952,1,women,Women's Bantamweight,A: top-240 WITHOUT is_southpaw,0.7613636363636364,False
4,[8618-9117],8953,0,men,Middleweight,A: top-240 WITHOUT is_southpaw,0.3263157894736842,True
4,[8618-9117],8954,0,men,Lightweight,A: top-240 WITHOUT is_southpaw,0.4358974358974359,True
4,[8618-9117],8955,1,men,Heavyweight,A: top-240 WITHOUT is_southpaw,0.7340425531914894,True
4,[8618-9117],8956,0,men,Featherweight,A: top-240 WITHOUT is_southpaw,0.1111111111111111,True
4,[8618-9117],8957,1,men,Flyweight,A: top-240 WITHOUT is_southpaw,0.5,True
4,[8618-9117],8958,1,men,Light Heavyweight,A: top-240 WITHOUT is_southpaw,0.3263157894736842,True
4,[8618-9117],8959,1,men,Featherweight,A: top-240 WITHOUT is_southpaw,0.7613636363636364,True
4,[8618-9117],8960,0,men,Featherweight,A: top-240 WITHOUT is_southpaw,0.1111111111111111,True
4,[8618-9117],8961,0,women,Women's Strawweight,A: top-240 WITHOUT is_southpaw,0.3263157894736842,False
4,[8618-9117],8962,0,men,Welterweight,A: top-240 WITHOUT is_southpaw,0.3263157894736842,True
4,[8618-9117],8963,1,women,Women's Strawweight,A: top-240 WITHOUT is_southpaw,0.7404837261907123,False
4,[8618-9117],8964,0,men,Lightweight,A: top-240 WITHOUT is_southpaw,0.4358974358974359,True
4,[8618-9117],8965,0,men,Heavyweight,A: top-240 WITHOUT is_southpaw,0.7340425531914894,True
4,[8618-9117],8966,1,men,Middleweight,A: top-240 WITHOUT is_southpaw,0.7613636363636364,True
4,[8618-9117],8967,1,men,Heavyweight,A: top-240 WITHOUT is_southpaw,0.7613636363636364,True
4,[8618-9117],8968,1,men,Featherweight,A: top-240 WITHOUT is_southpaw,0.7613636363636364,True
4,[8618-9117],8969,1,men,Lightweight,A: top-240 WITHOUT is_southpaw,0.4358974358974359,True
4,[8618-9117],8970,0,men,Middleweight,A: top-240 WITHOUT is_southpaw,0.3263157894736842,True
4,[8618-9117],8971,1,men,Light Heavyweight,A: top-240 WITHOUT is_southpaw,0.7613636363636364,True
4,[8618-9117],8972,1,men,Welterweight,A: top-240 WITHOUT is_southpaw,0.5,True
4,[8618-9117],8973,1,men,Featherweight,A: top-240 WITHOUT is_southpaw,0.5,True
4,[8618-9117],8974,1,men,Featherweight,A: top-240 WITHOUT is_southpaw,0.7613636363636364,True
4,[8618-9117],8975,0,men,Featherweight,A: top-240 WITHOUT is_southpaw,0.7613636363636364,True
4,[8618-9117],8976,1,women,Women's Strawweight,A: top-240 WITHOUT is_southpaw,0.999999,False
4,[8618-9117],8977,1,men,Light Heavyweight,A: top-240 WITHOUT is_southpaw,0.7613636363636364,True
4,[8618-9117],8978,1,women,Women's Flyweight,A: top-240 WITHOUT is_southpaw,0.7613636363636364,False
4,[8618-9117],8979,0,men,Heavyweight,A: top-240 WITHOUT is_southpaw,0.7340425531914894,True
4,[8618-9117],8980,0,men,Lightweight,A: top-240 WITHOUT is_southpaw,0.7613636363636364,True
4,[8618-9117],8981,0,men,Middleweight,A: top-240 WITHOUT is_southpaw,0.7613636363636364,True
4,[8618-9117],8982,1,men,Lightweight,A: top-240 WITHOUT is_southpaw,0.7340425531914894,True
4,[8618-9117],8983,0,men,Featherweight,A: top-240 WITHOUT is_southpaw,0.5,True
4,[8618-9117],8984,1,men,Welterweight,A: top-240 WITHOUT is_southpaw,0.7613636363636364,True
4,[8618-9117],8985,1,women,Women's Flyweight,A: top-240 WITHOUT is_southpaw,0.3263157894736842,False
4,[8618-9117],8986,0,men,Middleweight,A: top-240 WITHOUT is_southpaw,0.4358974358974359,True
4,[8618-9117],8987,0,men,Lightweight,A: top-240 WITHOUT is_southpaw,0.9027644712431857,True
4,[8618-9117],8988,1,men,Lightweight,A: top-240 WITHOUT is_southpaw,0.5357142857142857,True
4,[8618-9117],8989,1,women,Women's Flyweight,A: top-240 WITHOUT is_southpaw,0.5,False
4,[8618-9117],8990,0,men,Middleweight,A: top-240 WITHOUT is_southpaw,0.7613636363636364,True
4,[8618-9117],8991,1,women,Women's Bantamweight,A: top-240 WITHOUT is_southpaw,0.7613636363636364,False
4,[8618-9117],8992,0,men,Lightweight,A: top-240 WITHOUT is_southpaw,0.7340425531914894,True
4,[8618-9117],8993,1,men,Flyweight,A: top-240 WITHOUT is_southpaw,0.7371200087938359,True
4,[8618-9117],8994,1,men,Featherweight,A: top-240 WITHOUT is_southpaw,0.5357142857142857,True
4,[8618-9117],8995,1,men,Featherweight,A: top-240 WITHOUT is_southpaw,0.7613636363636364,True
4,[8618-9117],8996,1,men,Bantamweight,A: top-240 WITHOUT is_southpaw,0.3263157894736842,True
4,[8618-9117],8997,1,men,Light Heavyweight,A: top-240 WITHOUT is_southpaw,0.7613636363636364,True
4,[8618-9117],8998,1,women,Women's Strawweight,A: top-240 WITHOUT is_southpaw,0.5,False
4,[8618-9117],8999,1,men,Lightweight,A: top-240 WITHOUT is_southpaw,0.5,True
4,[8618-9117],9000,0,men,Heavyweight,A: top-240 WITHOUT is_southpaw,0.7340425531914894,True
4,[8618-9117],9001,1,men,Lightweight,A: top-240 WITHOUT is_southpaw,0.7613636363636364,True
4,[8618-9117],9002,0,men,Middleweight,A: top-240 WITHOUT is_southpaw,0.5357142857142857,True
4,[8618-9117],9003,1,women,Women's Strawweight,A: top-240 WITHOUT is_southpaw,0.7613636363636364,False
4,[8618-9117],9004,1,men,Welterweight,A: top-240 WITHOUT is_southpaw,0.7613636363636364,True
4,[8618-9117],9005,1,men,Welterweight,A: top-240 WITHOUT is_southpaw,0.5,True
4,[8618-9117],9006,1,men,Featherweight,A: top-240 WITHOUT is_southpaw,0.42857142857142855,True
4,[8618-9117],9007,1,men,Light Heavyweight,A: top-240 WITHOUT is_southpaw,0.7340425531914894,True
4,[8618-9117],9008,0,men,Heavyweight,A: top-240 WITHOUT is_southpaw,0.3263157894736842,True
4,[8618-9117],9009,0,men,Light Heavyweight,A: top-240 WITHOUT is_southpaw,0.7613636363636364,True
4,[8618-9117],9010,0,men,Light Heavyweight,A: top-240 WITHOUT is_southpaw,0.5,True
4,[8618-9117],9011,0,men,Featherweight,A: top-240 WITHOUT is_southpaw,0.4358974358974359,True
4,[8618-9117],9012,0,men,Bantamweight,A: top-240 WITHOUT is_southpaw,0.7340425531914894,True
4,[8618-9117],9013,1,women,Women's Flyweight,A: top-240 WITHOUT is_southpaw,0.5357142857142857,False
4,[8618-9117],9014,1,women,Women's Bantamweight,A: top-240 WITHOUT is_southpaw,0.5,False
4,[8618-9117],9015,0,men,Heavyweight,A: top-240 WITHOUT is_southpaw,0.7613636363636364,True
4,[8618-9117],9016,0,men,Middleweight,A: top-240 WITHOUT is_southpaw,0.7340425531914894,True
4,[8618-9117],9017,0,men,Featherweight,A: top-240 WITHOUT is_southpaw,0.4358974358974359,True
4,[8618-9117],9018,0,men,Lightweight,A: top-240 WITHOUT is_southpaw,0.4358974358974359,True
4,[8618-9117],9019,1,women,Women's Flyweight,A: top-240 WITHOUT is_southpaw,0.7340425531914894,False
4,[8618-9117],9020,0,men,Lightweight,A: top-240 WITHOUT is_southpaw,0.7613636363636364,True
4,[8618-9117],9021,0,men,Bantamweight,A: top-240 WITHOUT is_southpaw,0.55,True
4,[8618-9117],9022,0,men,Welterweight,A: top-240 WITHOUT is_southpaw,0.1111111111111111,True
4,[8618-9117],9023,1,women,Women's Strawweight,A: top-240 WITHOUT is_southpaw,0.4358974358974359,False
4,[8618-9117],9024,0,men,Welterweight,A: top-240 WITHOUT is_southpaw,0.7613636363636364,True
4,[8618-9117],9025,1,men,Lightweight,A: top-240 WITHOUT is_southpaw,0.5,True
4,[8618-9117],9026,0,men,Bantamweight,A: top-240 WITHOUT is_southpaw,0.7613636363636364,True
4,[8618-9117],9027,0,women,Women's Bantamweight,A: top-240 WITHOUT is_southpaw,0.4358974358974359,False
4,[8618-9117],9028,1,men,Middleweight,A: top-240 WITHOUT is_southpaw,0.7340425531914894,True
4,[8618-9117],9029,1,men,Featherweight,A: top-240 WITHOUT is_southpaw,0.3263157894736842,True
4,[8618-9117],9030,0,men,Heavyweight,A: top-240 WITHOUT is_southpaw,0.7613636363636364,True
4,[8618-9117],9031,0,men,Bantamweight,A: top-240 WITHOUT is_southpaw,0.7613636363636364,True
4,[8618-9117],9032,1,men,Bantamweight,A: top-240 WITHOUT is_southpaw,0.3263157894736842,True
4,[8618-9117],9033,1,men,Lightweight,A: top-240 WITHOUT is_southpaw,0.7340425531914894,True
4,[8618-9117],9034,0,women,Women's Bantamweight,A: top-240 WITHOUT is_southpaw,0.7613636363636364,False
4,[8618-9117],9035,0,men,Middleweight,A: top-240 WITHOUT is_southpaw,0.7613636363636364,True
4,[8618-9117],9036,1,men,Light Heavyweight,A: top-240 WITHOUT is_southpaw,0.7613636363636364,True
4,[8618-9117],9037,1,men,Welterweight,A: top-240 WITHOUT is_southpaw,0.55,True
4,[8618-9117],9038,0,men,Middleweight,A: top-240 WITHOUT is_southpaw,0.55,True
4,[8618-9117],9039,1,men,Bantamweight,A: top-240 WITHOUT is_southpaw,0.7613636363636364,True
4,[8618-9117],9040,1,men,Middleweight,A: top-240 WITHOUT is_southpaw,0.999999,True
4,[8618-9117],9041,1,men,Middleweight,A: top-240 WITHOUT is_southpaw,0.7613636363636364,True
4,[8618-9117],9042,0,men,Lightweight,A: top-240 WITHOUT is_southpaw,0.7613636363636364,True
4,[8618-9117],9043,0,men,Heavyweight,A: top-240 WITHOUT is_southpaw,0.7340425531914894,True
4,[8618-9117],9044,0,men,Welterweight,A: top-240 WITHOUT is_southpaw,0.7340425531914894,True
4,[8618-9117],9045,0,men,Lightweight,A: top-240 WITHOUT is_southpaw,0.1111111111111111,True
4,[8618-9117],9046,0,men,Heavyweight,A: top-240 WITHOUT is_southpaw,0.7340425531914894,True
4,[8618-9117],9047,1,men,Featherweight,A: top-240 WITHOUT is_southpaw,0.7340425531914894,True
4,[8618-9117],9048,0,men,Flyweight,A: top-240 WITHOUT is_southpaw,0.3263157894736842,True
4,[8618-9117],9049,1,men,Middleweight,A: top-240 WITHOUT is_southpaw,0.7613636363636364,True
4,[8618-9117],9050,1,men,Featherweight,A: top-240 WITHOUT is_southpaw,0.4358974358974359,True
4,[8618-9117],9051,1,men,Middleweight,A: top-240 WITHOUT is_southpaw,0.3263157894736842,True
4,[8618-9117],9052,1,men,Lightweight,A: top-240 WITHOUT is_southpaw,0.3263157894736842,True
4,[8618-9117],9053,1,men,Lightweight,A: top-240 WITHOUT is_southpaw,0.7340425531914894,True
4,[8618-9117],9054,0,men,Welterweight,A: top-240 WITHOUT is_southpaw,0.5,True
4,[8618-9117],9055,0,men,Flyweight,A: top-240 WITHOUT is_southpaw,0.5,True
4,[8618-9117],9056,1,men,Lightweight,A: top-240 WITHOUT is_southpaw,0.7613636363636364,True
4,[8618-9117],9057,1,men,Welterweight,A: top-240 WITHOUT is_southpaw,0.5,True
4,[8618-9117],9058,1,men,Heavyweight,A: top-240 WITHOUT is_southpaw,0.5357142857142857,True
4,[8618-9117],9059,1,men,Flyweight,A: top-240 WITHOUT is_southpaw,0.4358974358974359,True
4,[8618-9117],9060,0,men,Middleweight,A: top-240 WITHOUT is_southpaw,0.7613636363636364,True
4,[8618-9117],9061,1,men,Middleweight,A: top-240 WITHOUT is_southpaw,0.999999,True
4,[8618-9117],9062,0,women,Women's Strawweight,A: top-240 WITHOUT is_southpaw,0.3333333333333333,False
4,[8618-9117],9063,0,men,Flyweight,A: top-240 WITHOUT is_southpaw,0.3333333333333333,True
4,[8618-9117],9064,1,women,Women's Strawweight,A: top-240 WITHOUT is_southpaw,0.5357142857142857,False
4,[8618-9117],9065,1,men,Middleweight,A: top-240 WITHOUT is_southpaw,0.5,True
4,[8618-9117],9066,1,women,Women's Bantamweight,A: top-240 WITHOUT is_southpaw,0.3263157894736842,False
4,[8618-9117],9067,1,men,Lightweight,A: top-240 WITHOUT is_southpaw,0.7613636363636364,True
4,[8618-9117],9068,0,men,Light Heavyweight,A: top-240 WITHOUT is_southpaw,0.5,True
4,[8618-9117],9069,0,men,Bantamweight,A: top-240 WITHOUT is_southpaw,0.5,True
4,[8618-9117],9070,1,men,Catch Weight,A: top-240 WITHOUT is_southpaw,0.7340425531914894,True
4,[8618-9117],9071,0,men,Bantamweight,A: top-240 WITHOUT is_southpaw,0.5,True
4,[8618-9117],9072,1,men,Featherweight,A: top-240 WITHOUT is_southpaw,0.4358974358974359,True
4,[8618-9117],9073,0,men,Welterweight,A: top-240 WITHOUT is_southpaw,0.5,True
4,[8618-9117],9074,1,men,Featherweight,A: top-240 WITHOUT is_southpaw,0.3263157894736842,True
4,[8618-9117],9075,0,women,Women's Strawweight,A: top-240 WITHOUT is_southpaw,0.5,False
4,[8618-9117],9076,0,men,Welterweight,A: top-240 WITHOUT is_southpaw,0.3263157894736842,True
4,[8618-9117],9077,0,men,Featherweight,A: top-240 WITHOUT is_southpaw,0.7613636363636364,True
4,[8618-9117],9078,1,women,Women's Strawweight,A: top-240 WITHOUT is_southpaw,0.5,False
4,[8618-9117],9079,1,men,Bantamweight,A: top-240 WITHOUT is_southpaw,0.999999,True
4,[8618-9117],9080,0,men,Bantamweight,A: top-240 WITHOUT is_southpaw,0.3263157894736842,True
4,[8618-9117],9081,0,men,Middleweight,A: top-240 WITHOUT is_southpaw,0.7340425531914894,True
4,[8618-9117],9082,1,men,Bantamweight,A: top-240 WITHOUT is_southpaw,0.3263157894736842,True
4,[8618-9117],9083,1,men,Heavyweight,A: top-240 WITHOUT is_southpaw,0.7340425531914894,True
4,[8618-9117],9084,0,men,Light Heavyweight,A: top-240 WITHOUT is_southpaw,0.7613636363636364,True
4,[8618-9117],9085,1,men,Bantamweight,A: top-240 WITHOUT is_southpaw,0.7613636363636364,True
4,[8618-9117],9086,1,men,Welterweight,A: top-240 WITHOUT is_southpaw,0.7613636363636364,True
4,[8618-9117],9087,1,women,Women's Strawweight,A: top-240 WITHOUT is_southpaw,0.7613636363636364,False
4,[8618-9117],9088,1,women,Women's Flyweight,A: top-240 WITHOUT is_southpaw,0.7613636363636364,False
4,[8618-9117],9089,0,men,Featherweight,A: top-240 WITHOUT is_southpaw,0.7613636363636364,True
4,[8618-9117],9090,0,women,Women's Bantamweight,A: top-240 WITHOUT is_southpaw,0.3263157894736842,False
4,[8618-9117],9091,0,men,Flyweight,A: top-240 WITHOUT is_southpaw,0.7340425531914894,True
4,[8618-9117],9092,1,men,Bantamweight,A: top-240 WITHOUT is_southpaw,0.5,True
4,[8618-9117],9093,1,men,Light Heavyweight,A: top-240 WITHOUT is_southpaw,0.7613636363636364,True
4,[8618-9117],9094,1,men,Bantamweight,A: top-240 WITHOUT is_southpaw,0.3263157894736842,True
4,[8618-9117],9095,0,men,Lightweight,A: top-240 WITHOUT is_southpaw,0.7613636363636364,True
4,[8618-9117],9096,1,men,Middleweight,A: top-240 WITHOUT is_southpaw,0.55,True
4,[8618-9117],9097,0,men,Welterweight,A: top-240 WITHOUT is_southpaw,0.1111111111111111,True
4,[8618-9117],9098,0,men,Catch Weight,A: top-240 WITHOUT is_southpaw,0.3263157894736842,True
4,[8618-9117],9099,1,men,Middleweight,A: top-240 WITHOUT is_southpaw,0.7613636363636364,True
4,[8618-9117],9100,1,men,Featherweight,A: top-240 WITHOUT is_southpaw,0.5357142857142857,True
4,[8618-9117],9101,1,men,Lightweight,A: top-240 WITHOUT is_southpaw,0.7613636363636364,True
4,[8618-9117],9102,0,men,Lightweight,A: top-240 WITHOUT is_southpaw,0.7613636363636364,True
4,[8618-9117],9103,1,men,Bantamweight,A: top-240 WITHOUT is_southpaw,0.999999,True
4,[8618-9117],9104,0,men,Heavyweight,A: top-240 WITHOUT is_southpaw,0.3263157894736842,True
4,[8618-9117],9105,1,men,Heavyweight,A: top-240 WITHOUT is_southpaw,0.7613636363636364,True
4,[8618-9117],9106,0,women,Women's Bantamweight,A: top-240 WITHOUT is_southpaw,0.3263157894736842,False
4,[8618-9117],9107,1,men,Flyweight,A: top-240 WITHOUT is_southpaw,0.5,True
4,[8618-9117],9108,0,men,Light Heavyweight,A: top-240 WITHOUT is_southpaw,0.3263157894736842,True
4,[8618-9117],9109,0,men,Featherweight,A: top-240 WITHOUT is_southpaw,0.3263157894736842,True
4,[8618-9117],9110,0,men,Featherweight,A: top-240 WITHOUT is_southpaw,0.3263157894736842,True
4,[8618-9117],9111,1,men,Featherweight,A: top-240 WITHOUT is_southpaw,0.7613636363636364,True
4,[8618-9117],9112,0,men,Flyweight,A: top-240 WITHOUT is_southpaw,0.999999,True
4,[8618-9117],9113,1,women,Women's Bantamweight,A: top-240 WITHOUT is_southpaw,0.999999,False
4,[8618-9117],9114,0,men,Flyweight,A: top-240 WITHOUT is_southpaw,0.7613636363636364,True
4,[8618-9117],9115,1,men,Featherweight,A: top-240 WITHOUT is_southpaw,0.3263157894736842,True
4,[8618-9117],9116,0,men,Welterweight,A: top-240 WITHOUT is_southpaw,0.7340425531914894,True
4,[8618-9117],9117,1,men,Featherweight,A: top-240 WITHOUT is_southpaw,0.7340425531914894,True
4,[8618-9117],8618,1,men,Welterweight,B: A + is_southpaw (+1 cols),0.6666666666666666,True
4,[8618-9117],8619,1,women,Women's Bantamweight,B: A + is_southpaw (+1 cols),0.9283837994500825,False
4,[8618-9117],8620,0,men,Light Heavyweight,B: A + is_southpaw (+1 cols),0.7635135135135135,True
4,[8618-9117],8621,1,women,Women's Flyweight,B: A + is_southpaw (+1 cols),0.7635135135135135,False
4,[8618-9117],8622,1,men,Light Heavyweight,B: A + is_southpaw (+1 cols),0.999999,True
4,[8618-9117],8623,1,men,Bantamweight,B: A + is_southpaw (+1 cols),0.7635135135135135,True
4,[8618-9117],8624,0,men,Bantamweight,B: A + is_southpaw (+1 cols),0.4222222222222222,True
4,[8618-9117],8625,1,men,Featherweight,B: A + is_southpaw (+1 cols),0.26666666666666666,True
4,[8618-9117],8626,1,women,Women's Strawweight,B: A + is_southpaw (+1 cols),0.7635135135135135,False
4,[8618-9117],8627,1,men,Bantamweight,B: A + is_southpaw (+1 cols),0.8181818181818182,True
4,[8618-9117],8628,0,men,Middleweight,B: A + is_southpaw (+1 cols),0.26666666666666666,True
4,[8618-9117],8629,0,men,Middleweight,B: A + is_southpaw (+1 cols),0.3275862068965517,True
4,[8618-9117],8630,1,men,Middleweight,B: A + is_southpaw (+1 cols),0.7142857142857143,True
4,[8618-9117],8631,1,men,Welterweight,B: A + is_southpaw (+1 cols),0.7635135135135135,True
4,[8618-9117],8632,1,men,Middleweight,B: A + is_southpaw (+1 cols),0.7407407407407407,True
4,[8618-9117],8633,0,men,Featherweight,B: A + is_southpaw (+1 cols),0.7635135135135135,True
4,[8618-9117],8634,0,men,Middleweight,B: A + is_southpaw (+1 cols),0.5333333333333333,True
4,[8618-9117],8635,0,men,Flyweight,B: A + is_southpaw (+1 cols),0.5333333333333333,True
4,[8618-9117],8636,1,women,Women's Flyweight,B: A + is_southpaw (+1 cols),0.7142857142857143,False
4,[8618-9117],8637,0,men,Lightweight,B: A + is_southpaw (+1 cols),0.4222222222222222,True
4,[8618-9117],8638,0,men,Lightweight,B: A + is_southpaw (+1 cols),0.7635135135135135,True
4,[8618-9117],8639,0,women,Women's Strawweight,B: A + is_southpaw (+1 cols),0.26666666666666666,False
4,[8618-9117],8640,0,men,Middleweight,B: A + is_southpaw (+1 cols),0.4222222222222222,True
4,[8618-9117],8641,1,men,Flyweight,B: A + is_southpaw (+1 cols),0.7635135135135135,True
4,[8618-9117],8642,0,men,Middleweight,B: A + is_southpaw (+1 cols),0.3275862068965517,True
4,[8618-9117],8643,0,men,Welterweight,B: A + is_southpaw (+1 cols),0.4222222222222222,True
4,[8618-9117],8644,1,men,Featherweight,B: A + is_southpaw (+1 cols),0.8181818181818182,True
4,[8618-9117],8645,0,men,Middleweight,B: A + is_southpaw (+1 cols),0.4222222222222222,True
4,[8618-9117],8646,1,men,Middleweight,B: A + is_southpaw (+1 cols),0.7142857142857143,True
4,[8618-9117],8647,0,men,Featherweight,B: A + is_southpaw (+1 cols),0.5142857142857142,True
4,[8618-9117],8648,1,men,Heavyweight,B: A + is_southpaw (+1 cols),0.7407407407407407,True
4,[8618-9117],8649,0,men,Bantamweight,B: A + is_southpaw (+1 cols),0.46236559139784944,True
4,[8618-9117],8650,0,men,Featherweight,B: A + is_southpaw (+1 cols),0.7142857142857143,True
4,[8618-9117],8651,0,men,Middleweight,B: A + is_southpaw (+1 cols),0.46236559139784944,True
4,[8618-9117],8652,0,women,Women's Strawweight,B: A + is_southpaw (+1 cols),0.7407407407407407,False
4,[8618-9117],8653,1,men,Flyweight,B: A + is_southpaw (+1 cols),0.7635135135135135,True
4,[8618-9117],8654,1,men,Light Heavyweight,B: A + is_southpaw (+1 cols),0.7407407407407407,True
4,[8618-9117],8655,0,men,Bantamweight,B: A + is_southpaw (+1 cols),0.3275862068965517,True
4,[8618-9117],8656,1,men,Featherweight,B: A + is_southpaw (+1 cols),0.8181818181818182,True
4,[8618-9117],8657,0,men,Middleweight,B: A + is_southpaw (+1 cols),0.7635135135135135,True
4,[8618-9117],8658,1,men,Flyweight,B: A + is_southpaw (+1 cols),0.4222222222222222,True
4,[8618-9117],8659,1,men,Lightweight,B: A + is_southpaw (+1 cols),0.7635135135135135,True
4,[8618-9117],8660,1,men,Welterweight,B: A + is_southpaw (+1 cols),0.8181818181818182,True
4,[8618-9117],8661,1,men,Flyweight,B: A + is_southpaw (+1 cols),0.7333333333333333,True
4,[8618-9117],8662,1,men,Heavyweight,B: A + is_southpaw (+1 cols),0.7407407407407407,True
4,[8618-9117],8663,0,men,Catch Weight,B: A + is_southpaw (+1 cols),0.4222222222222222,True
4,[8618-9117],8664,1,men,Light Heavyweight,B: A + is_southpaw (+1 cols),0.46236559139784944,True
4,[8618-9117],8665,0,men,Lightweight,B: A + is_southpaw (+1 cols),0.4222222222222222,True
4,[8618-9117],8666,0,men,Lightweight,B: A + is_southpaw (+1 cols),0.7142857142857143,True
4,[8618-9117],8667,1,men,Light Heavyweight,B: A + is_southpaw (+1 cols),0.7635135135135135,True
4,[8618-9117],8668,1,men,Heavyweight,B: A + is_southpaw (+1 cols),0.7635135135135135,True
4,[8618-9117],8669,0,men,Middleweight,B: A + is_southpaw (+1 cols),0.6666666666666666,True
4,[8618-9117],8670,0,men,Featherweight,B: A + is_southpaw (+1 cols),0.4222222222222222,True
4,[8618-9117],8671,0,men,Welterweight,B: A + is_southpaw (+1 cols),0.5333333333333333,True
4,[8618-9117],8672,0,men,Middleweight,B: A + is_southpaw (+1 cols),0.46236559139784944,True
4,[8618-9117],8673,1,men,Lightweight,B: A + is_southpaw (+1 cols),0.46236559139784944,True
4,[8618-9117],8674,0,men,Flyweight,B: A + is_southpaw (+1 cols),0.5333333333333333,True
4,[8618-9117],8675,1,men,Featherweight,B: A + is_southpaw (+1 cols),0.46236559139784944,True
4,[8618-9117],8676,0,men,Lightweight,B: A + is_southpaw (+1 cols),0.46236559139784944,True
4,[8618-9117],8677,0,men,Welterweight,B: A + is_southpaw (+1 cols),0.46236559139784944,True
4,[8618-9117],8678,0,men,Middleweight,B: A + is_southpaw (+1 cols),0.7142857142857143,True
4,[8618-9117],8679,1,men,Welterweight,B: A + is_southpaw (+1 cols),0.6666666666666666,True
4,[8618-9117],8680,0,women,Women's Strawweight,B: A + is_southpaw (+1 cols),0.46236559139784944,False
4,[8618-9117],8681,0,men,Heavyweight,B: A + is_southpaw (+1 cols),0.7635135135135135,True
4,[8618-9117],8682,0,men,Lightweight,B: A + is_southpaw (+1 cols),0.7407407407407407,True
4,[8618-9117],8683,1,men,Featherweight,B: A + is_southpaw (+1 cols),0.7635135135135135,True
4,[8618-9117],8684,1,men,Welterweight,B: A + is_southpaw (+1 cols),0.7407407407407407,True
4,[8618-9117],8685,1,men,Light Heavyweight,B: A + is_southpaw (+1 cols),0.7635135135135135,True
4,[8618-9117],8686,1,men,Lightweight,B: A + is_southpaw (+1 cols),0.46236559139784944,True
4,[8618-9117],8687,1,men,Middleweight,B: A + is_southpaw (+1 cols),0.4222222222222222,True
4,[8618-9117],8688,1,men,Light Heavyweight,B: A + is_southpaw (+1 cols),0.7635135135135135,True
4,[8618-9117],8689,0,women,Women's Strawweight,B: A + is_southpaw (+1 cols),0.7635135135135135,False
4,[8618-9117],8690,0,men,Lightweight,B: A + is_southpaw (+1 cols),0.46236559139784944,True
4,[8618-9117],8691,0,men,Light Heavyweight,B: A + is_southpaw (+1 cols),0.7635135135135135,True
4,[8618-9117],8692,0,men,Heavyweight,B: A + is_southpaw (+1 cols),0.46236559139784944,True
4,[8618-9117],8693,0,men,Featherweight,B: A + is_southpaw (+1 cols),0.46236559139784944,True
4,[8618-9117],8694,1,women,Women's Strawweight,B: A + is_southpaw (+1 cols),0.7635135135135135,False
4,[8618-9117],8695,0,men,Welterweight,B: A + is_southpaw (+1 cols),0.5333333333333333,True
4,[8618-9117],8696,1,women,Women's Bantamweight,B: A + is_southpaw (+1 cols),0.3275862068965517,False
4,[8618-9117],8697,0,men,Flyweight,B: A + is_southpaw (+1 cols),0.7407407407407407,True
4,[8618-9117],8698,1,men,Flyweight,B: A + is_southpaw (+1 cols),0.7574644364610462,True
4,[8618-9117],8699,0,men,Lightweight,B: A + is_southpaw (+1 cols),0.7635135135135135,True
4,[8618-9117],8700,1,men,Lightweight,B: A + is_southpaw (+1 cols),0.7635135135135135,True
4,[8618-9117],8701,1,men,Bantamweight,B: A + is_southpaw (+1 cols),0.7635135135135135,True
4,[8618-9117],8702,1,men,Lightweight,B: A + is_southpaw (+1 cols),0.7635135135135135,True
4,[8618-9117],8703,1,men,Middleweight,B: A + is_southpaw (+1 cols),0.7635135135135135,True
4,[8618-9117],8704,0,men,Middleweight,B: A + is_southpaw (+1 cols),0.26666666666666666,True
4,[8618-9117],8705,0,men,Bantamweight,B: A + is_southpaw (+1 cols),0.13333333333333333,True
4,[8618-9117],8706,1,men,Featherweight,B: A + is_southpaw (+1 cols),0.4222222222222222,True
4,[8618-9117],8707,0,men,Middleweight,B: A + is_southpaw (+1 cols),0.46236559139784944,True
4,[8618-9117],8708,1,men,Lightweight,B: A + is_southpaw (+1 cols),0.4222222222222222,True
4,[8618-9117],8709,0,men,Bantamweight,B: A + is_southpaw (+1 cols),0.6666666666666666,True
4,[8618-9117],8710,0,men,Bantamweight,B: A + is_southpaw (+1 cols),0.7635135135135135,True
4,[8618-9117],8711,0,men,Light Heavyweight,B: A + is_southpaw (+1 cols),0.7333333333333333,True
4,[8618-9117],8712,0,men,Middleweight,B: A + is_southpaw (+1 cols),0.7142857142857143,True
4,[8618-9117],8713,0,men,Featherweight,B: A + is_southpaw (+1 cols),0.46236559139784944,True
4,[8618-9117],8714,1,women,Women's Flyweight,B: A + is_southpaw (+1 cols),0.5142857142857142,False
4,[8618-9117],8715,0,men,Featherweight,B: A + is_southpaw (+1 cols),0.7407407407407407,True
4,[8618-9117],8716,1,men,Light Heavyweight,B: A + is_southpaw (+1 cols),0.7635135135135135,True
4,[8618-9117],8717,1,men,Lightweight,B: A + is_southpaw (+1 cols),0.5333333333333333,True
4,[8618-9117],8718,0,women,Women's Strawweight,B: A + is_southpaw (+1 cols),0.4222222222222222,False
4,[8618-9117],8719,1,men,Heavyweight,B: A + is_southpaw (+1 cols),0.7407407407407407,True
4,[8618-9117],8720,1,women,Women's Bantamweight,B: A + is_southpaw (+1 cols),0.6666666666666666,False
4,[8618-9117],8721,1,men,Bantamweight,B: A + is_southpaw (+1 cols),0.7142857142857143,True
4,[8618-9117],8722,1,men,Middleweight,B: A + is_southpaw (+1 cols),0.7333333333333333,True
4,[8618-9117],8723,0,men,Welterweight,B: A + is_southpaw (+1 cols),0.7635135135135135,True
4,[8618-9117],8724,1,men,Lightweight,B: A + is_southpaw (+1 cols),0.46236559139784944,True
4,[8618-9117],8725,1,men,Featherweight,B: A + is_southpaw (+1 cols),0.46236559139784944,True
4,[8618-9117],8726,1,men,Light Heavyweight,B: A + is_southpaw (+1 cols),0.7635135135135135,True
4,[8618-9117],8727,1,men,Light Heavyweight,B: A + is_southpaw (+1 cols),0.7142857142857143,True
4,[8618-9117],8728,1,men,Light Heavyweight,B: A + is_southpaw (+1 cols),0.7635135135135135,True
4,[8618-9117],8729,1,men,Flyweight,B: A + is_southpaw (+1 cols),0.4222222222222222,True
4,[8618-9117],8730,0,men,Welterweight,B: A + is_southpaw (+1 cols),0.5625,True
4,[8618-9117],8731,1,men,Featherweight,B: A + is_southpaw (+1 cols),0.7635135135135135,True
4,[8618-9117],8732,0,men,Middleweight,B: A + is_southpaw (+1 cols),0.46236559139784944,True
4,[8618-9117],8733,1,men,Bantamweight,B: A + is_southpaw (+1 cols),0.5333333333333333,True
4,[8618-9117],8734,1,men,Middleweight,B: A + is_southpaw (+1 cols),0.7635135135135135,True
4,[8618-9117],8735,1,women,Women's Flyweight,B: A + is_southpaw (+1 cols),0.8181818181818182,False
4,[8618-9117],8736,1,men,Welterweight,B: A + is_southpaw (+1 cols),0.5142857142857142,True
4,[8618-9117],8737,0,men,Bantamweight,B: A + is_southpaw (+1 cols),0.3275862068965517,True
4,[8618-9117],8738,0,women,Women's Bantamweight,B: A + is_southpaw (+1 cols),0.5333333333333333,False
4,[8618-9117],8739,1,men,Welterweight,B: A + is_southpaw (+1 cols),0.7635135135135135,True
4,[8618-9117],8740,0,men,Bantamweight,B: A + is_southpaw (+1 cols),0.6666666666666666,True
4,[8618-9117],8741,0,men,Middleweight,B: A + is_southpaw (+1 cols),0.4222222222222222,True
4,[8618-9117],8742,1,men,Middleweight,B: A + is_southpaw (+1 cols),0.7635135135135135,True
4,[8618-9117],8743,0,men,Featherweight,B: A + is_southpaw (+1 cols),0.26666666666666666,True
4,[8618-9117],8744,1,men,Light Heavyweight,B: A + is_southpaw (+1 cols),0.7142857142857143,True
4,[8618-9117],8745,1,men,Bantamweight,B: A + is_southpaw (+1 cols),0.7635135135135135,True
4,[8618-9117],8746,0,men,Light Heavyweight,B: A + is_southpaw (+1 cols),0.46236559139784944,True
4,[8618-9117],8747,1,men,Catch Weight,B: A + is_southpaw (+1 cols),0.5142857142857142,True
4,[8618-9117],8748,0,men,Lightweight,B: A + is_southpaw (+1 cols),0.7142857142857143,True
4,[8618-9117],8749,1,men,Bantamweight,B: A + is_southpaw (+1 cols),0.46236559139784944,True
4,[8618-9117],8750,1,men,Flyweight,B: A + is_southpaw (+1 cols),0.5333333333333333,True
4,[8618-9117],8751,1,men,Middleweight,B: A + is_southpaw (+1 cols),0.5142857142857142,True
4,[8618-9117],8752,1,men,Light Heavyweight,B: A + is_southpaw (+1 cols),0.46236559139784944,True
4,[8618-9117],8753,1,men,Bantamweight,B: A + is_southpaw (+1 cols),0.7333333333333333,True
4,[8618-9117],8754,1,women,Women's Strawweight,B: A + is_southpaw (+1 cols),0.7635135135135135,False
4,[8618-9117],8755,1,men,Flyweight,B: A + is_southpaw (+1 cols),0.4222222222222222,True
4,[8618-9117],8756,1,women,Women's Bantamweight,B: A + is_southpaw (+1 cols),0.7407407407407407,False
4,[8618-9117],8757,1,men,Heavyweight,B: A + is_southpaw (+1 cols),0.7142857142857143,True
4,[8618-9117],8758,1,men,Flyweight,B: A + is_southpaw (+1 cols),0.3275862068965517,True
4,[8618-9117],8759,0,men,Featherweight,B: A + is_southpaw (+1 cols),0.7142857142857143,True
4,[8618-9117],8760,0,men,Heavyweight,B: A + is_southpaw (+1 cols),0.7635135135135135,True
4,[8618-9117],8761,0,men,Welterweight,B: A + is_southpaw (+1 cols),0.4222222222222222,True
4,[8618-9117],8762,1,men,Bantamweight,B: A + is_southpaw (+1 cols),0.3275862068965517,True
4,[8618-9117],8763,1,men,Lightweight,B: A + is_southpaw (+1 cols),0.13333333333333333,True
4,[8618-9117],8764,0,men,Featherweight,B: A + is_southpaw (+1 cols),0.13333333333333333,True
4,[8618-9117],8765,0,men,Middleweight,B: A + is_southpaw (+1 cols),0.7407407407407407,True
4,[8618-9117],8766,0,men,Heavyweight,B: A + is_southpaw (+1 cols),0.7333333333333333,True
4,[8618-9117],8767,1,men,Welterweight,B: A + is_southpaw (+1 cols),0.7635135135135135,True
4,[8618-9117],8768,1,men,Featherweight,B: A + is_southpaw (+1 cols),0.7407407407407407,True
4,[8618-9117],8769,0,men,Light Heavyweight,B: A + is_southpaw (+1 cols),0.7142857142857143,True
4,[8618-9117],8770,0,men,Bantamweight,B: A + is_southpaw (+1 cols),0.5142857142857142,True
4,[8618-9117],8771,1,men,Flyweight,B: A + is_southpaw (+1 cols),0.46236559139784944,True
4,[8618-9117],8772,1,women,Women's Bantamweight,B: A + is_southpaw (+1 cols),0.7407407407407407,False
4,[8618-9117],8773,0,men,Middleweight,B: A + is_southpaw (+1 cols),0.7635135135135135,True
4,[8618-9117],8774,1,women,Women's Strawweight,B: A + is_southpaw (+1 cols),0.6666666666666666,False
4,[8618-9117],8775,0,men,Middleweight,B: A + is_southpaw (+1 cols),0.7142857142857143,True
4,[8618-9117],8776,0,men,Bantamweight,B: A + is_southpaw (+1 cols),0.5142857142857142,True
4,[8618-9117],8777,0,men,Middleweight,B: A + is_southpaw (+1 cols),0.7142857142857143,True
4,[8618-9117],8778,1,men,Lightweight,B: A + is_southpaw (+1 cols),0.5333333333333333,True
4,[8618-9117],8779,1,men,Bantamweight,B: A + is_southpaw (+1 cols),0.7635135135135135,True
4,[8618-9117],8780,1,women,Women's Flyweight,B: A + is_southpaw (+1 cols),0.7407407407407407,False
4,[8618-9117],8781,0,men,Bantamweight,B: A + is_southpaw (+1 cols),0.46236559139784944,True
4,[8618-9117],8782,0,men,Welterweight,B: A + is_southpaw (+1 cols),0.5142857142857142,True
4,[8618-9117],8783,0,men,Lightweight,B: A + is_southpaw (+1 cols),0.5142857142857142,True
4,[8618-9117],8784,0,women,Women's Strawweight,B: A + is_southpaw (+1 cols),0.8181818181818182,False
4,[8618-9117],8785,0,men,Flyweight,B: A + is_southpaw (+1 cols),0.46236559139784944,True
4,[8618-9117],8786,1,men,Heavyweight,B: A + is_southpaw (+1 cols),0.7635135135135135,True
4,[8618-9117],8787,1,men,Featherweight,B: A + is_southpaw (+1 cols),0.4222222222222222,True
4,[8618-9117],8788,1,men,Heavyweight,B: A + is_southpaw (+1 cols),0.8181818181818182,True
4,[8618-9117],8789,1,men,Lightweight,B: A + is_southpaw (+1 cols),0.5625,True
4,[8618-9117],8790,1,men,Middleweight,B: A + is_southpaw (+1 cols),0.7635135135135135,True
4,[8618-9117],8791,0,men,Lightweight,B: A + is_southpaw (+1 cols),0.26666666666666666,True
4,[8618-9117],8792,0,men,Light Heavyweight,B: A + is_southpaw (+1 cols),0.6666666666666666,True
4,[8618-9117],8793,1,men,Heavyweight,B: A + is_southpaw (+1 cols),0.46236559139784944,True
4,[8618-9117],8794,1,men,Bantamweight,B: A + is_southpaw (+1 cols),0.8181818181818182,True
4,[8618-9117],8795,0,women,Women's Strawweight,B: A + is_southpaw (+1 cols),0.7142857142857143,False
4,[8618-9117],8796,1,women,Women's Strawweight,B: A + is_southpaw (+1 cols),0.7635135135135135,False
4,[8618-9117],8797,0,men,Welterweight,B: A + is_southpaw (+1 cols),0.13333333333333333,True
4,[8618-9117],8798,1,women,Women's Strawweight,B: A + is_southpaw (+1 cols),0.7635135135135135,False
4,[8618-9117],8799,0,women,Women's Bantamweight,B: A + is_southpaw (+1 cols),0.3275862068965517,False
4,[8618-9117],8800,1,men,Middleweight,B: A + is_southpaw (+1 cols),0.7635135135135135,True
4,[8618-9117],8801,1,men,Bantamweight,B: A + is_southpaw (+1 cols),0.7407407407407407,True
4,[8618-9117],8802,1,men,Featherweight,B: A + is_southpaw (+1 cols),0.5142857142857142,True
4,[8618-9117],8803,1,men,Catch Weight,B: A + is_southpaw (+1 cols),0.7635135135135135,True
4,[8618-9117],8804,1,men,Welterweight,B: A + is_southpaw (+1 cols),0.7407407407407407,True
4,[8618-9117],8805,0,men,Featherweight,B: A + is_southpaw (+1 cols),0.7407407407407407,True
4,[8618-9117],8806,1,men,Welterweight,B: A + is_southpaw (+1 cols),0.46236559139784944,True
4,[8618-9117],8807,1,men,Heavyweight,B: A + is_southpaw (+1 cols),0.7635135135135135,True
4,[8618-9117],8808,1,men,Light Heavyweight,B: A + is_southpaw (+1 cols),0.7407407407407407,True
4,[8618-9117],8809,0,women,Women's Bantamweight,B: A + is_southpaw (+1 cols),0.3275862068965517,False
4,[8618-9117],8810,1,men,Catch Weight,B: A + is_southpaw (+1 cols),0.7407407407407407,True
4,[8618-9117],8811,0,men,Bantamweight,B: A + is_southpaw (+1 cols),0.46236559139784944,True
4,[8618-9117],8812,0,women,Women's Strawweight,B: A + is_southpaw (+1 cols),0.3275862068965517,False
4,[8618-9117],8813,1,men,Heavyweight,B: A + is_southpaw (+1 cols),0.8181818181818182,True
4,[8618-9117],8814,0,men,Bantamweight,B: A + is_southpaw (+1 cols),0.7407407407407407,True
4,[8618-9117],8815,1,men,Welterweight,B: A + is_southpaw (+1 cols),0.7635135135135135,True
4,[8618-9117],8816,1,men,Middleweight,B: A + is_southpaw (+1 cols),0.5625,True
4,[8618-9117],8817,1,men,Lightweight,B: A + is_southpaw (+1 cols),0.46236559139784944,True
4,[8618-9117],8818,0,men,Welterweight,B: A + is_southpaw (+1 cols),0.46236559139784944,True
4,[8618-9117],8819,0,men,Flyweight,B: A + is_southpaw (+1 cols),0.3275862068965517,True
4,[8618-9117],8820,0,men,Featherweight,B: A + is_southpaw (+1 cols),0.7407407407407407,True
4,[8618-9117],8821,0,men,Lightweight,B: A + is_southpaw (+1 cols),0.3275862068965517,True
4,[8618-9117],8822,1,men,Middleweight,B: A + is_southpaw (+1 cols),0.999999,True
4,[8618-9117],8823,0,women,Women's Strawweight,B: A + is_southpaw (+1 cols),0.26666666666666666,False
4,[8618-9117],8824,1,men,Featherweight,B: A + is_southpaw (+1 cols),0.4222222222222222,True
4,[8618-9117],8825,1,men,Middleweight,B: A + is_southpaw (+1 cols),0.6666666666666666,True
4,[8618-9117],8826,0,men,Featherweight,B: A + is_southpaw (+1 cols),0.7333333333333333,True
4,[8618-9117],8827,1,women,Women's Flyweight,B: A + is_southpaw (+1 cols),0.7635135135135135,False
4,[8618-9117],8828,1,men,Middleweight,B: A + is_southpaw (+1 cols),0.7635135135135135,True
4,[8618-9117],8829,0,men,Lightweight,B: A + is_southpaw (+1 cols),0.3275862068965517,True
4,[8618-9117],8830,0,men,Welterweight,B: A + is_southpaw (+1 cols),0.4222222222222222,True
4,[8618-9117],8831,0,men,Welterweight,B: A + is_southpaw (+1 cols),0.3275862068965517,True
4,[8618-9117],8832,1,women,Women's Flyweight,B: A + is_southpaw (+1 cols),0.4222222222222222,False
4,[8618-9117],8833,0,men,Welterweight,B: A + is_southpaw (+1 cols),0.5142857142857142,True
4,[8618-9117],8834,0,men,Middleweight,B: A + is_southpaw (+1 cols),0.4222222222222222,True
4,[8618-9117],8835,0,men,Flyweight,B: A + is_southpaw (+1 cols),0.4222222222222222,True
4,[8618-9117],8836,1,men,Lightweight,B: A + is_southpaw (+1 cols),0.999999,True
4,[8618-9117],8837,1,men,Middleweight,B: A + is_southpaw (+1 cols),0.7635135135135135,True
4,[8618-9117],8838,0,men,Heavyweight,B: A + is_southpaw (+1 cols),0.7333333333333333,True
4,[8618-9117],8839,0,men,Bantamweight,B: A + is_southpaw (+1 cols),0.5333333333333333,True
4,[8618-9117],8840,1,men,Light Heavyweight,B: A + is_southpaw (+1 cols),0.999999,True
4,[8618-9117],8841,1,men,Welterweight,B: A + is_southpaw (+1 cols),0.5333333333333333,True
4,[8618-9117],8842,1,men,Light Heavyweight,B: A + is_southpaw (+1 cols),0.7635135135135135,True
4,[8618-9117],8843,0,men,Flyweight,B: A + is_southpaw (+1 cols),0.4222222222222222,True
4,[8618-9117],8844,1,men,Heavyweight,B: A + is_southpaw (+1 cols),0.7635135135135135,True
4,[8618-9117],8845,0,men,Welterweight,B: A + is_southpaw (+1 cols),0.26666666666666666,True
4,[8618-9117],8846,0,men,Welterweight,B: A + is_southpaw (+1 cols),0.26666666666666666,True
4,[8618-9117],8847,1,men,Lightweight,B: A + is_southpaw (+1 cols),0.8181818181818182,True
4,[8618-9117],8848,0,men,Featherweight,B: A + is_southpaw (+1 cols),0.46236559139784944,True
4,[8618-9117],8849,1,men,Middleweight,B: A + is_southpaw (+1 cols),0.999999,True
4,[8618-9117],8850,1,men,Light Heavyweight,B: A + is_southpaw (+1 cols),0.46236559139784944,True
4,[8618-9117],8851,0,men,Lightweight,B: A + is_southpaw (+1 cols),0.26666666666666666,True
4,[8618-9117],8852,0,men,Middleweight,B: A + is_southpaw (+1 cols),0.7407407407407407,True
4,[8618-9117],8853,0,men,Lightweight,B: A + is_southpaw (+1 cols),0.26666666666666666,True
4,[8618-9117],8854,0,men,Featherweight,B: A + is_southpaw (+1 cols),0.3275862068965517,True
4,[8618-9117],8855,0,men,Lightweight,B: A + is_southpaw (+1 cols),0.7407407407407407,True
4,[8618-9117],8856,0,men,Lightweight,B: A + is_southpaw (+1 cols),0.7635135135135135,True
4,[8618-9117],8857,0,men,Bantamweight,B: A + is_southpaw (+1 cols),0.3275862068965517,True
4,[8618-9117],8858,0,men,Flyweight,B: A + is_southpaw (+1 cols),0.46236559139784944,True
4,[8618-9117],8859,0,men,Flyweight,B: A + is_southpaw (+1 cols),0.4222222222222222,True
4,[8618-9117],8860,0,men,Bantamweight,B: A + is_southpaw (+1 cols),0.7635135135135135,True
4,[8618-9117],8861,1,women,Women's Flyweight,B: A + is_southpaw (+1 cols),0.7635135135135135,False
4,[8618-9117],8862,1,women,Women's Flyweight,B: A + is_southpaw (+1 cols),0.3275862068965517,False
4,[8618-9117],8863,0,men,Heavyweight,B: A + is_southpaw (+1 cols),0.7635135135135135,True
4,[8618-9117],8864,0,women,Women's Bantamweight,B: A + is_southpaw (+1 cols),0.3275862068965517,False
4,[8618-9117],8865,0,men,Heavyweight,B: A + is_southpaw (+1 cols),0.7407407407407407,True
4,[8618-9117],8866,1,men,Featherweight,B: A + is_southpaw (+1 cols),0.7407407407407407,True
4,[8618-9117],8867,1,men,Catch Weight,B: A + is_southpaw (+1 cols),0.7635135135135135,True
4,[8618-9117],8868,1,men,Featherweight,B: A + is_southpaw (+1 cols),0.6666666666666666,True
4,[8618-9117],8869,0,men,Middleweight,B: A + is_southpaw (+1 cols),0.26666666666666666,True
4,[8618-9117],8870,0,men,Featherweight,B: A + is_southpaw (+1 cols),0.13333333333333333,True
4,[8618-9117],8871,0,men,Flyweight,B: A + is_southpaw (+1 cols),0.3275862068965517,True
4,[8618-9117],8872,0,men,Welterweight,B: A + is_southpaw (+1 cols),0.5142857142857142,True
4,[8618-9117],8873,1,men,Light Heavyweight,B: A + is_southpaw (+1 cols),0.7407407407407407,True
4,[8618-9117],8874,0,men,Welterweight,B: A + is_southpaw (+1 cols),0.26666666666666666,True
4,[8618-9117],8875,1,men,Heavyweight,B: A + is_southpaw (+1 cols),0.7635135135135135,True
4,[8618-9117],8876,1,men,Flyweight,B: A + is_southpaw (+1 cols),0.5142857142857142,True
4,[8618-9117],8877,1,men,Middleweight,B: A + is_southpaw (+1 cols),0.8181818181818182,True
4,[8618-9117],8878,1,men,Bantamweight,B: A + is_southpaw (+1 cols),0.9446084940392045,True
4,[8618-9117],8879,0,men,Featherweight,B: A + is_southpaw (+1 cols),0.4222222222222222,True
4,[8618-9117],8880,1,women,Women's Flyweight,B: A + is_southpaw (+1 cols),0.7407407407407407,False
4,[8618-9117],8881,1,men,Heavyweight,B: A + is_southpaw (+1 cols),0.8181818181818182,True
4,[8618-9117],8882,1,men,Bantamweight,B: A + is_southpaw (+1 cols),0.6666666666666666,True
4,[8618-9117],8883,1,men,Lightweight,B: A + is_southpaw (+1 cols),0.46236559139784944,True
4,[8618-9117],8884,0,men,Bantamweight,B: A + is_southpaw (+1 cols),0.7635135135135135,True
4,[8618-9117],8885,1,men,Featherweight,B: A + is_southpaw (+1 cols),0.7635135135135135,True
4,[8618-9117],8886,0,men,Lightweight,B: A + is_southpaw (+1 cols),0.4222222222222222,True
4,[8618-9117],8887,1,men,Featherweight,B: A + is_southpaw (+1 cols),0.4222222222222222,True
4,[8618-9117],8888,1,men,Welterweight,B: A + is_southpaw (+1 cols),0.46236559139784944,True
4,[8618-9117],8889,1,men,Middleweight,B: A + is_southpaw (+1 cols),0.5625,True
4,[8618-9117],8890,1,men,Middleweight,B: A + is_southpaw (+1 cols),0.7635135135135135,True
4,[8618-9117],8891,0,men,Light Heavyweight,B: A + is_southpaw (+1 cols),0.7142857142857143,True
4,[8618-9117],8892,1,men,Lightweight,B: A + is_southpaw (+1 cols),0.999999,True
4,[8618-9117],8893,0,men,Heavyweight,B: A + is_southpaw (+1 cols),0.3275862068965517,True
4,[8618-9117],8894,0,men,Lightweight,B: A + is_southpaw (+1 cols),0.4222222222222222,True
4,[8618-9117],8895,0,men,Lightweight,B: A + is_southpaw (+1 cols),0.26666666666666666,True
4,[8618-9117],8896,1,men,Featherweight,B: A + is_southpaw (+1 cols),0.5142857142857142,True
4,[8618-9117],8897,1,women,Women's Bantamweight,B: A + is_southpaw (+1 cols),0.8181818181818182,False
4,[8618-9117],8898,0,men,Bantamweight,B: A + is_southpaw (+1 cols),0.7407407407407407,True
4,[8618-9117],8899,1,men,Catch Weight,B: A + is_southpaw (+1 cols),0.5142857142857142,True
4,[8618-9117],8900,1,men,Bantamweight,B: A + is_southpaw (+1 cols),0.7635135135135135,True
4,[8618-9117],8901,0,women,Women's Strawweight,B: A + is_southpaw (+1 cols),0.46236559139784944,False
4,[8618-9117],8902,1,men,Welterweight,B: A + is_southpaw (+1 cols),0.6666666666666666,True
4,[8618-9117],8903,1,men,Bantamweight,B: A + is_southpaw (+1 cols),0.3275862068965517,True
4,[8618-9117],8904,1,men,Light Heavyweight,B: A + is_southpaw (+1 cols),0.3275862068965517,True
4,[8618-9117],8905,0,men,Bantamweight,B: A + is_southpaw (+1 cols),0.4222222222222222,True
4,[8618-9117],8906,1,men,Middleweight,B: A + is_southpaw (+1 cols),0.8181818181818182,True
4,[8618-9117],8907,0,men,Heavyweight,B: A + is_southpaw (+1 cols),0.7635135135135135,True
4,[8618-9117],8908,0,men,Flyweight,B: A + is_southpaw (+1 cols),0.5142857142857142,True
4,[8618-9117],8909,0,men,Welterweight,B: A + is_southpaw (+1 cols),0.13333333333333333,True
4,[8618-9117],8910,1,men,Flyweight,B: A + is_southpaw (+1 cols),0.8181818181818182,True
4,[8618-9117],8911,1,men,Featherweight,B: A + is_southpaw (+1 cols),0.4222222222222222,True
4,[8618-9117],8912,0,women,Women's Flyweight,B: A + is_southpaw (+1 cols),0.46236559139784944,False
4,[8618-9117],8913,0,men,Welterweight,B: A + is_southpaw (+1 cols),0.26666666666666666,True
4,[8618-9117],8914,0,men,Welterweight,B: A + is_southpaw (+1 cols),0.46236559139784944,True
4,[8618-9117],8915,0,women,Women's Bantamweight,B: A + is_southpaw (+1 cols),0.4222222222222222,False
4,[8618-9117],8916,0,men,Flyweight,B: A + is_southpaw (+1 cols),0.46236559139784944,True
4,[8618-9117],8917,0,men,Welterweight,B: A + is_southpaw (+1 cols),0.5333333333333333,True
4,[8618-9117],8918,0,men,Middleweight,B: A + is_southpaw (+1 cols),0.4222222222222222,True
4,[8618-9117],8919,1,men,Welterweight,B: A + is_southpaw (+1 cols),0.8181818181818182,True
4,[8618-9117],8920,1,men,Heavyweight,B: A + is_southpaw (+1 cols),0.7635135135135135,True
4,[8618-9117],8921,0,men,Featherweight,B: A + is_southpaw (+1 cols),0.4222222222222222,True
4,[8618-9117],8922,1,men,Middleweight,B: A + is_southpaw (+1 cols),0.4222222222222222,True
4,[8618-9117],8923,0,men,Welterweight,B: A + is_southpaw (+1 cols),0.46236559139784944,True
4,[8618-9117],8924,0,men,Featherweight,B: A + is_southpaw (+1 cols),0.26666666666666666,True
4,[8618-9117],8925,1,men,Catch Weight,B: A + is_southpaw (+1 cols),0.7407407407407407,True
4,[8618-9117],8926,0,men,Featherweight,B: A + is_southpaw (+1 cols),0.13333333333333333,True
4,[8618-9117],8927,1,men,Bantamweight,B: A + is_southpaw (+1 cols),0.8181818181818182,True
4,[8618-9117],8928,1,women,Women's Bantamweight,B: A + is_southpaw (+1 cols),0.7635135135135135,False
4,[8618-9117],8929,1,men,Middleweight,B: A + is_southpaw (+1 cols),0.9445744021870344,True
4,[8618-9117],8930,1,men,Middleweight,B: A + is_southpaw (+1 cols),0.7142857142857143,True
4,[8618-9117],8931,1,men,Flyweight,B: A + is_southpaw (+1 cols),0.7635135135135135,True
4,[8618-9117],8932,1,men,Flyweight,B: A + is_southpaw (+1 cols),0.7407407407407407,True
4,[8618-9117],8933,0,men,Lightweight,B: A + is_southpaw (+1 cols),0.7142857142857143,True
4,[8618-9117],8934,0,men,Bantamweight,B: A + is_southpaw (+1 cols),0.13333333333333333,True
4,[8618-9117],8935,0,men,Flyweight,B: A + is_southpaw (+1 cols),0.7142857142857143,True
4,[8618-9117],8936,1,men,Bantamweight,B: A + is_southpaw (+1 cols),0.7635135135135135,True
4,[8618-9117],8937,0,men,Light Heavyweight,B: A + is_southpaw (+1 cols),0.7333333333333333,True
4,[8618-9117],8938,0,men,Light Heavyweight,B: A + is_southpaw (+1 cols),0.7635135135135135,True
4,[8618-9117],8939,1,men,Flyweight,B: A + is_southpaw (+1 cols),0.7407407407407407,True
4,[8618-9117],8940,0,men,Flyweight,B: A + is_southpaw (+1 cols),0.4222222222222222,True
4,[8618-9117],8941,0,men,Featherweight,B: A + is_southpaw (+1 cols),0.5142857142857142,True
4,[8618-9117],8942,1,men,Middleweight,B: A + is_southpaw (+1 cols),0.7635135135135135,True
4,[8618-9117],8943,1,men,Middleweight,B: A + is_southpaw (+1 cols),0.7407407407407407,True
4,[8618-9117],8944,1,men,Lightweight,B: A + is_southpaw (+1 cols),0.46236559139784944,True
4,[8618-9117],8945,0,men,Bantamweight,B: A + is_southpaw (+1 cols),0.46236559139784944,True
4,[8618-9117],8946,1,men,Middleweight,B: A + is_southpaw (+1 cols),0.7407407407407407,True
4,[8618-9117],8947,0,men,Lightweight,B: A + is_southpaw (+1 cols),0.7635135135135135,True
4,[8618-9117],8948,1,men,Bantamweight,B: A + is_southpaw (+1 cols),0.3275862068965517,True
4,[8618-9117],8949,1,men,Bantamweight,B: A + is_southpaw (+1 cols),0.6412236174375037,True
4,[8618-9117],8950,1,women,Women's Strawweight,B: A + is_southpaw (+1 cols),0.7635135135135135,False
4,[8618-9117],8951,0,men,Bantamweight,B: A + is_southpaw (+1 cols),0.26666666666666666,True
4,[8618-9117],8952,1,women,Women's Bantamweight,B: A + is_southpaw (+1 cols),0.7635135135135135,False
4,[8618-9117],8953,0,men,Middleweight,B: A + is_southpaw (+1 cols),0.3275862068965517,True
4,[8618-9117],8954,0,men,Lightweight,B: A + is_southpaw (+1 cols),0.46236559139784944,True
4,[8618-9117],8955,1,men,Heavyweight,B: A + is_southpaw (+1 cols),0.7142857142857143,True
4,[8618-9117],8956,0,men,Featherweight,B: A + is_southpaw (+1 cols),0.13333333333333333,True
4,[8618-9117],8957,1,men,Flyweight,B: A + is_southpaw (+1 cols),0.5142857142857142,True
4,[8618-9117],8958,1,men,Light Heavyweight,B: A + is_southpaw (+1 cols),0.4222222222222222,True
4,[8618-9117],8959,1,men,Featherweight,B: A + is_southpaw (+1 cols),0.7635135135135135,True
4,[8618-9117],8960,0,men,Featherweight,B: A + is_southpaw (+1 cols),0.26666666666666666,True
4,[8618-9117],8961,0,women,Women's Strawweight,B: A + is_southpaw (+1 cols),0.26666666666666666,False
4,[8618-9117],8962,0,men,Welterweight,B: A + is_southpaw (+1 cols),0.26666666666666666,True
4,[8618-9117],8963,1,women,Women's Strawweight,B: A + is_southpaw (+1 cols),0.7407407407407407,False
4,[8618-9117],8964,0,men,Lightweight,B: A + is_southpaw (+1 cols),0.4222222222222222,True
4,[8618-9117],8965,0,men,Heavyweight,B: A + is_southpaw (+1 cols),0.7407407407407407,True
4,[8618-9117],8966,1,men,Middleweight,B: A + is_southpaw (+1 cols),0.8181818181818182,True
4,[8618-9117],8967,1,men,Heavyweight,B: A + is_southpaw (+1 cols),0.8181818181818182,True
4,[8618-9117],8968,1,men,Featherweight,B: A + is_southpaw (+1 cols),0.7407407407407407,True
4,[8618-9117],8969,1,men,Lightweight,B: A + is_southpaw (+1 cols),0.46236559139784944,True
4,[8618-9117],8970,0,men,Middleweight,B: A + is_southpaw (+1 cols),0.26666666666666666,True
4,[8618-9117],8971,1,men,Light Heavyweight,B: A + is_southpaw (+1 cols),0.7635135135135135,True
4,[8618-9117],8972,1,men,Welterweight,B: A + is_southpaw (+1 cols),0.46236559139784944,True
4,[8618-9117],8973,1,men,Featherweight,B: A + is_southpaw (+1 cols),0.5142857142857142,True
4,[8618-9117],8974,1,men,Featherweight,B: A + is_southpaw (+1 cols),0.7635135135135135,True
4,[8618-9117],8975,0,men,Featherweight,B: A + is_southpaw (+1 cols),0.7635135135135135,True
4,[8618-9117],8976,1,women,Women's Strawweight,B: A + is_southpaw (+1 cols),0.8181818181818182,False
4,[8618-9117],8977,1,men,Light Heavyweight,B: A + is_southpaw (+1 cols),0.7635135135135135,True
4,[8618-9117],8978,1,women,Women's Flyweight,B: A + is_southpaw (+1 cols),0.7635135135135135,False
4,[8618-9117],8979,0,men,Heavyweight,B: A + is_southpaw (+1 cols),0.7407407407407407,True
4,[8618-9117],8980,0,men,Lightweight,B: A + is_southpaw (+1 cols),0.7635135135135135,True
4,[8618-9117],8981,0,men,Middleweight,B: A + is_southpaw (+1 cols),0.7407407407407407,True
4,[8618-9117],8982,1,men,Lightweight,B: A + is_southpaw (+1 cols),0.7142857142857143,True
4,[8618-9117],8983,0,men,Featherweight,B: A + is_southpaw (+1 cols),0.46236559139784944,True
4,[8618-9117],8984,1,men,Welterweight,B: A + is_southpaw (+1 cols),0.7635135135135135,True
4,[8618-9117],8985,1,women,Women's Flyweight,B: A + is_southpaw (+1 cols),0.3275862068965517,False
4,[8618-9117],8986,0,men,Middleweight,B: A + is_southpaw (+1 cols),0.4222222222222222,True
4,[8618-9117],8987,0,men,Lightweight,B: A + is_southpaw (+1 cols),0.8181818181818182,True
4,[8618-9117],8988,1,men,Lightweight,B: A + is_southpaw (+1 cols),0.5333333333333333,True
4,[8618-9117],8989,1,women,Women's Flyweight,B: A + is_southpaw (+1 cols),0.46236559139784944,False
4,[8618-9117],8990,0,men,Middleweight,B: A + is_southpaw (+1 cols),0.7635135135135135,True
4,[8618-9117],8991,1,women,Women's Bantamweight,B: A + is_southpaw (+1 cols),0.7635135135135135,False
4,[8618-9117],8992,0,men,Lightweight,B: A + is_southpaw (+1 cols),0.7407407407407407,True
4,[8618-9117],8993,1,men,Flyweight,B: A + is_southpaw (+1 cols),0.7407407407407407,True
4,[8618-9117],8994,1,men,Featherweight,B: A + is_southpaw (+1 cols),0.5625,True
4,[8618-9117],8995,1,men,Featherweight,B: A + is_southpaw (+1 cols),0.7407407407407407,True
4,[8618-9117],8996,1,men,Bantamweight,B: A + is_southpaw (+1 cols),0.4222222222222222,True
4,[8618-9117],8997,1,men,Light Heavyweight,B: A + is_southpaw (+1 cols),0.8181818181818182,True
4,[8618-9117],8998,1,women,Women's Strawweight,B: A + is_southpaw (+1 cols),0.5333333333333333,False
4,[8618-9117],8999,1,men,Lightweight,B: A + is_southpaw (+1 cols),0.4222222222222222,True
4,[8618-9117],9000,0,men,Heavyweight,B: A + is_southpaw (+1 cols),0.7142857142857143,True
4,[8618-9117],9001,1,men,Lightweight,B: A + is_southpaw (+1 cols),0.7407407407407407,True
4,[8618-9117],9002,0,men,Middleweight,B: A + is_southpaw (+1 cols),0.5333333333333333,True
4,[8618-9117],9003,1,women,Women's Strawweight,B: A + is_southpaw (+1 cols),0.7635135135135135,False
4,[8618-9117],9004,1,men,Welterweight,B: A + is_southpaw (+1 cols),0.7635135135135135,True
4,[8618-9117],9005,1,men,Welterweight,B: A + is_southpaw (+1 cols),0.5142857142857142,True
4,[8618-9117],9006,1,men,Featherweight,B: A + is_southpaw (+1 cols),0.5142857142857142,True
4,[8618-9117],9007,1,men,Light Heavyweight,B: A + is_southpaw (+1 cols),0.7407407407407407,True
4,[8618-9117],9008,0,men,Heavyweight,B: A + is_southpaw (+1 cols),0.3275862068965517,True
4,[8618-9117],9009,0,men,Light Heavyweight,B: A + is_southpaw (+1 cols),0.7635135135135135,True
4,[8618-9117],9010,0,men,Light Heavyweight,B: A + is_southpaw (+1 cols),0.46236559139784944,True
4,[8618-9117],9011,0,men,Featherweight,B: A + is_southpaw (+1 cols),0.46236559139784944,True
4,[8618-9117],9012,0,men,Bantamweight,B: A + is_southpaw (+1 cols),0.7142857142857143,True
4,[8618-9117],9013,1,women,Women's Flyweight,B: A + is_southpaw (+1 cols),0.5142857142857142,False
4,[8618-9117],9014,1,women,Women's Bantamweight,B: A + is_southpaw (+1 cols),0.5309107543064091,False
4,[8618-9117],9015,0,men,Heavyweight,B: A + is_southpaw (+1 cols),0.7635135135135135,True
4,[8618-9117],9016,0,men,Middleweight,B: A + is_southpaw (+1 cols),0.7407407407407407,True
4,[8618-9117],9017,0,men,Featherweight,B: A + is_southpaw (+1 cols),0.46236559139784944,True
4,[8618-9117],9018,0,men,Lightweight,B: A + is_southpaw (+1 cols),0.4222222222222222,True
4,[8618-9117],9019,1,women,Women's Flyweight,B: A + is_southpaw (+1 cols),0.7333333333333333,False
4,[8618-9117],9020,0,men,Lightweight,B: A + is_southpaw (+1 cols),0.7635135135135135,True
4,[8618-9117],9021,0,men,Bantamweight,B: A + is_southpaw (+1 cols),0.5625,True
4,[8618-9117],9022,0,men,Welterweight,B: A + is_southpaw (+1 cols),0.13333333333333333,True
4,[8618-9117],9023,1,women,Women's Strawweight,B: A + is_southpaw (+1 cols),0.4222222222222222,False
4,[8618-9117],9024,0,men,Welterweight,B: A + is_southpaw (+1 cols),0.7635135135135135,True
4,[8618-9117],9025,1,men,Lightweight,B: A + is_southpaw (+1 cols),0.5142857142857142,True
4,[8618-9117],9026,0,men,Bantamweight,B: A + is_southpaw (+1 cols),0.7635135135135135,True
4,[8618-9117],9027,0,women,Women's Bantamweight,B: A + is_southpaw (+1 cols),0.4222222222222222,False
4,[8618-9117],9028,1,men,Middleweight,B: A + is_southpaw (+1 cols),0.6666666666666666,True
4,[8618-9117],9029,1,men,Featherweight,B: A + is_southpaw (+1 cols),0.3275862068965517,True
4,[8618-9117],9030,0,men,Heavyweight,B: A + is_southpaw (+1 cols),0.7635135135135135,True
4,[8618-9117],9031,0,men,Bantamweight,B: A + is_southpaw (+1 cols),0.7635135135135135,True
4,[8618-9117],9032,1,men,Bantamweight,B: A + is_southpaw (+1 cols),0.3275862068965517,True
4,[8618-9117],9033,1,men,Lightweight,B: A + is_southpaw (+1 cols),0.7407407407407407,True
4,[8618-9117],9034,0,women,Women's Bantamweight,B: A + is_southpaw (+1 cols),0.7635135135135135,False
4,[8618-9117],9035,0,men,Middleweight,B: A + is_southpaw (+1 cols),0.7635135135135135,True
4,[8618-9117],9036,1,men,Light Heavyweight,B: A + is_southpaw (+1 cols),0.7635135135135135,True
4,[8618-9117],9037,1,men,Welterweight,B: A + is_southpaw (+1 cols),0.7142857142857143,True
4,[8618-9117],9038,0,men,Middleweight,B: A + is_southpaw (+1 cols),0.6666666666666666,True
4,[8618-9117],9039,1,men,Bantamweight,B: A + is_southpaw (+1 cols),0.7635135135135135,True
4,[8618-9117],9040,1,men,Middleweight,B: A + is_southpaw (+1 cols),0.8181818181818182,True
4,[8618-9117],9041,1,men,Middleweight,B: A + is_southpaw (+1 cols),0.7635135135135135,True
4,[8618-9117],9042,0,men,Lightweight,B: A + is_southpaw (+1 cols),0.7635135135135135,True
4,[8618-9117],9043,0,men,Heavyweight,B: A + is_southpaw (+1 cols),0.7142857142857143,True
4,[8618-9117],9044,0,men,Welterweight,B: A + is_southpaw (+1 cols),0.7407407407407407,True
4,[8618-9117],9045,0,men,Lightweight,B: A + is_southpaw (+1 cols),0.07307350799660642,True
4,[8618-9117],9046,0,men,Heavyweight,B: A + is_southpaw (+1 cols),0.7407407407407407,True
4,[8618-9117],9047,1,men,Featherweight,B: A + is_southpaw (+1 cols),0.7142857142857143,True
4,[8618-9117],9048,0,men,Flyweight,B: A + is_southpaw (+1 cols),0.3275862068965517,True
4,[8618-9117],9049,1,men,Middleweight,B: A + is_southpaw (+1 cols),0.7635135135135135,True
4,[8618-9117],9050,1,men,Featherweight,B: A + is_southpaw (+1 cols),0.46236559139784944,True
4,[8618-9117],9051,1,men,Middleweight,B: A + is_southpaw (+1 cols),0.26666666666666666,True
4,[8618-9117],9052,1,men,Lightweight,B: A + is_southpaw (+1 cols),0.3275862068965517,True
4,[8618-9117],9053,1,men,Lightweight,B: A + is_southpaw (+1 cols),0.7635135135135135,True
4,[8618-9117],9054,0,men,Welterweight,B: A + is_southpaw (+1 cols),0.5142857142857142,True
4,[8618-9117],9055,0,men,Flyweight,B: A + is_southpaw (+1 cols),0.46236559139784944,True
4,[8618-9117],9056,1,men,Lightweight,B: A + is_southpaw (+1 cols),0.7635135135135135,True
4,[8618-9117],9057,1,men,Welterweight,B: A + is_southpaw (+1 cols),0.46236559139784944,True
4,[8618-9117],9058,1,men,Heavyweight,B: A + is_southpaw (+1 cols),0.5333333333333333,True
4,[8618-9117],9059,1,men,Flyweight,B: A + is_southpaw (+1 cols),0.4222222222222222,True
4,[8618-9117],9060,0,men,Middleweight,B: A + is_southpaw (+1 cols),0.7635135135135135,True
4,[8618-9117],9061,1,men,Middleweight,B: A + is_southpaw (+1 cols),0.9279371468697805,True
4,[8618-9117],9062,0,women,Women's Strawweight,B: A + is_southpaw (+1 cols),0.4222222222222222,False
4,[8618-9117],9063,0,men,Flyweight,B: A + is_southpaw (+1 cols),0.4222222222222222,True
4,[8618-9117],9064,1,women,Women's Strawweight,B: A + is_southpaw (+1 cols),0.6666666666666666,False
4,[8618-9117],9065,1,men,Middleweight,B: A + is_southpaw (+1 cols),0.5142857142857142,True
4,[8618-9117],9066,1,women,Women's Bantamweight,B: A + is_southpaw (+1 cols),0.3275862068965517,False
4,[8618-9117],9067,1,men,Lightweight,B: A + is_southpaw (+1 cols),0.7635135135135135,True
4,[8618-9117],9068,0,men,Light Heavyweight,B: A + is_southpaw (+1 cols),0.46236559139784944,True
4,[8618-9117],9069,0,men,Bantamweight,B: A + is_southpaw (+1 cols),0.46236559139784944,True
4,[8618-9117],9070,1,men,Catch Weight,B: A + is_southpaw (+1 cols),0.7247653827823587,True
4,[8618-9117],9071,0,men,Bantamweight,B: A + is_southpaw (+1 cols),0.46236559139784944,True
4,[8618-9117],9072,1,men,Featherweight,B: A + is_southpaw (+1 cols),0.4222222222222222,True
4,[8618-9117],9073,0,men,Welterweight,B: A + is_southpaw (+1 cols),0.46236559139784944,True
4,[8618-9117],9074,1,men,Featherweight,B: A + is_southpaw (+1 cols),0.3275862068965517,True
4,[8618-9117],9075,0,women,Women's Strawweight,B: A + is_southpaw (+1 cols),0.5142857142857142,False
4,[8618-9117],9076,0,men,Welterweight,B: A + is_southpaw (+1 cols),0.3275862068965517,True
4,[8618-9117],9077,0,men,Featherweight,B: A + is_southpaw (+1 cols),0.7635135135135135,True
4,[8618-9117],9078,1,women,Women's Strawweight,B: A + is_southpaw (+1 cols),0.4222222222222222,False
4,[8618-9117],9079,1,men,Bantamweight,B: A + is_southpaw (+1 cols),0.887304523141461,True
4,[8618-9117],9080,0,men,Bantamweight,B: A + is_southpaw (+1 cols),0.26666666666666666,True
4,[8618-9117],9081,0,men,Middleweight,B: A + is_southpaw (+1 cols),0.7407407407407407,True
4,[8618-9117],9082,1,men,Bantamweight,B: A + is_southpaw (+1 cols),0.4222222222222222,True
4,[8618-9117],9083,1,men,Heavyweight,B: A + is_southpaw (+1 cols),0.7407407407407407,True
4,[8618-9117],9084,0,men,Light Heavyweight,B: A + is_southpaw (+1 cols),0.7635135135135135,True
4,[8618-9117],9085,1,men,Bantamweight,B: A + is_southpaw (+1 cols),0.7635135135135135,True
4,[8618-9117],9086,1,men,Welterweight,B: A + is_southpaw (+1 cols),0.7635135135135135,True
4,[8618-9117],9087,1,women,Women's Strawweight,B: A + is_southpaw (+1 cols),0.7635135135135135,False
4,[8618-9117],9088,1,women,Women's Flyweight,B: A + is_southpaw (+1 cols),0.7407407407407407,False
4,[8618-9117],9089,0,men,Featherweight,B: A + is_southpaw (+1 cols),0.7407407407407407,True
4,[8618-9117],9090,0,women,Women's Bantamweight,B: A + is_southpaw (+1 cols),0.26666666666666666,False
4,[8618-9117],9091,0,men,Flyweight,B: A + is_southpaw (+1 cols),0.7407407407407407,True
4,[8618-9117],9092,1,men,Bantamweight,B: A + is_southpaw (+1 cols),0.5333333333333333,True
4,[8618-9117],9093,1,men,Light Heavyweight,B: A + is_southpaw (+1 cols),0.7635135135135135,True
4,[8618-9117],9094,1,men,Bantamweight,B: A + is_southpaw (+1 cols),0.3275862068965517,True
4,[8618-9117],9095,0,men,Lightweight,B: A + is_southpaw (+1 cols),0.7635135135135135,True
4,[8618-9117],9096,1,men,Middleweight,B: A + is_southpaw (+1 cols),0.5142857142857142,True
4,[8618-9117],9097,0,men,Welterweight,B: A + is_southpaw (+1 cols),0.13333333333333333,True
4,[8618-9117],9098,0,men,Catch Weight,B: A + is_southpaw (+1 cols),0.3275862068965517,True
4,[8618-9117],9099,1,men,Middleweight,B: A + is_southpaw (+1 cols),0.7635135135135135,True
4,[8618-9117],9100,1,men,Featherweight,B: A + is_southpaw (+1 cols),0.6666666666666666,True
4,[8618-9117],9101,1,men,Lightweight,B: A + is_southpaw (+1 cols),0.7635135135135135,True
4,[8618-9117],9102,0,men,Lightweight,B: A + is_southpaw (+1 cols),0.7635135135135135,True
4,[8618-9117],9103,1,men,Bantamweight,B: A + is_southpaw (+1 cols),0.8181818181818182,True
4,[8618-9117],9104,0,men,Heavyweight,B: A + is_southpaw (+1 cols),0.26666666666666666,True
4,[8618-9117],9105,1,men,Heavyweight,B: A + is_southpaw (+1 cols),0.8181818181818182,True
4,[8618-9117],9106,0,women,Women's Bantamweight,B: A + is_southpaw (+1 cols),0.3275862068965517,False
4,[8618-9117],9107,1,men,Flyweight,B: A + is_southpaw (+1 cols),0.5333333333333333,True
4,[8618-9117],9108,0,men,Light Heavyweight,B: A + is_southpaw (+1 cols),0.4222222222222222,True
4,[8618-9117],9109,0,men,Featherweight,B: A + is_southpaw (+1 cols),0.26666666666666666,True
4,[8618-9117],9110,0,men,Featherweight,B: A + is_southpaw (+1 cols),0.3275862068965517,True
4,[8618-9117],9111,1,men,Featherweight,B: A + is_southpaw (+1 cols),0.8181818181818182,True
4,[8618-9117],9112,0,men,Flyweight,B: A + is_southpaw (+1 cols),0.85286148008038,True
4,[8618-9117],9113,1,women,Women's Bantamweight,B: A + is_southpaw (+1 cols),0.8181818181818182,False
4,[8618-9117],9114,0,men,Flyweight,B: A + is_southpaw (+1 cols),0.7407407407407407,True
4,[8618-9117],9115,1,men,Featherweight,B: A + is_southpaw (+1 cols),0.3275862068965517,True
4,[8618-9117],9116,0,men,Welterweight,B: A + is_southpaw (+1 cols),0.7333333333333333,True
4,[8618-9117],9117,1,men,Featherweight,B: A + is_southpaw (+1 cols),0.7142857142857143,True
4,[8618-9117],8618,1,men,Welterweight,A: top-240 WITHOUT is_southpaw~null,0.717391304347826,True
4,[8618-9117],8619,1,women,Women's Bantamweight,A: top-240 WITHOUT is_southpaw~null,0.875,False
4,[8618-9117],8620,0,men,Light Heavyweight,A: top-240 WITHOUT is_southpaw~null,0.7577639751552795,True
4,[8618-9117],8621,1,women,Women's Flyweight,A: top-240 WITHOUT is_southpaw~null,0.7577639751552795,False
4,[8618-9117],8622,1,men,Light Heavyweight,A: top-240 WITHOUT is_southpaw~null,0.999999,True
4,[8618-9117],8623,1,men,Bantamweight,A: top-240 WITHOUT is_southpaw~null,0.7577639751552795,True
4,[8618-9117],8624,0,men,Bantamweight,A: top-240 WITHOUT is_southpaw~null,0.43243243243243246,True
4,[8618-9117],8625,1,men,Featherweight,A: top-240 WITHOUT is_southpaw~null,0.23809523809523808,True
4,[8618-9117],8626,1,women,Women's Strawweight,A: top-240 WITHOUT is_southpaw~null,0.7577639751552795,False
4,[8618-9117],8627,1,men,Bantamweight,A: top-240 WITHOUT is_southpaw~null,0.8333333333333334,True
4,[8618-9117],8628,0,men,Middleweight,A: top-240 WITHOUT is_southpaw~null,0.23809523809523808,True
4,[8618-9117],8629,0,men,Middleweight,A: top-240 WITHOUT is_southpaw~null,0.35294117647058826,True
4,[8618-9117],8630,1,men,Middleweight,A: top-240 WITHOUT is_southpaw~null,0.717391304347826,True
4,[8618-9117],8631,1,men,Welterweight,A: top-240 WITHOUT is_southpaw~null,0.7577639751552795,True
4,[8618-9117],8632,1,men,Middleweight,A: top-240 WITHOUT is_southpaw~null,0.717391304347826,True
4,[8618-9117],8633,0,men,Featherweight,A: top-240 WITHOUT is_southpaw~null,0.7577639751552795,True
4,[8618-9117],8634,0,men,Middleweight,A: top-240 WITHOUT is_southpaw~null,0.5,True
4,[8618-9117],8635,0,men,Flyweight,A: top-240 WITHOUT is_southpaw~null,0.5555555555555556,True
4,[8618-9117],8636,1,women,Women's Flyweight,A: top-240 WITHOUT is_southpaw~null,0.717391304347826,False
4,[8618-9117],8637,0,men,Lightweight,A: top-240 WITHOUT is_southpaw~null,0.35294117647058826,True
4,[8618-9117],8638,0,men,Lightweight,A: top-240 WITHOUT is_southpaw~null,0.7577639751552795,True
4,[8618-9117],8639,0,women,Women's Strawweight,A: top-240 WITHOUT is_southpaw~null,0.23809523809523808,False
4,[8618-9117],8640,0,men,Middleweight,A: top-240 WITHOUT is_southpaw~null,0.35294117647058826,True
4,[8618-9117],8641,1,men,Flyweight,A: top-240 WITHOUT is_southpaw~null,0.7577639751552795,True
4,[8618-9117],8642,0,men,Middleweight,A: top-240 WITHOUT is_southpaw~null,0.35294117647058826,True
4,[8618-9117],8643,0,men,Welterweight,A: top-240 WITHOUT is_southpaw~null,0.49367088607594944,True
4,[8618-9117],8644,1,men,Featherweight,A: top-240 WITHOUT is_southpaw~null,0.8489619061069384,True
4,[8618-9117],8645,0,men,Middleweight,A: top-240 WITHOUT is_southpaw~null,0.43243243243243246,True
4,[8618-9117],8646,1,men,Middleweight,A: top-240 WITHOUT is_southpaw~null,0.717391304347826,True
4,[8618-9117],8647,0,men,Featherweight,A: top-240 WITHOUT is_southpaw~null,0.5,True
4,[8618-9117],8648,1,men,Heavyweight,A: top-240 WITHOUT is_southpaw~null,0.717391304347826,True
4,[8618-9117],8649,0,men,Bantamweight,A: top-240 WITHOUT is_southpaw~null,0.49367088607594944,True
4,[8618-9117],8650,0,men,Featherweight,A: top-240 WITHOUT is_southpaw~null,0.717391304347826,True
4,[8618-9117],8651,0,men,Middleweight,A: top-240 WITHOUT is_southpaw~null,0.49367088607594944,True
4,[8618-9117],8652,0,women,Women's Strawweight,A: top-240 WITHOUT is_southpaw~null,0.717391304347826,False
4,[8618-9117],8653,1,men,Flyweight,A: top-240 WITHOUT is_southpaw~null,0.7577639751552795,True
4,[8618-9117],8654,1,men,Light Heavyweight,A: top-240 WITHOUT is_southpaw~null,0.717391304347826,True
4,[8618-9117],8655,0,men,Bantamweight,A: top-240 WITHOUT is_southpaw~null,0.35294117647058826,True
4,[8618-9117],8656,1,men,Featherweight,A: top-240 WITHOUT is_southpaw~null,0.8333333333333334,True
4,[8618-9117],8657,0,men,Middleweight,A: top-240 WITHOUT is_southpaw~null,0.717391304347826,True
4,[8618-9117],8658,1,men,Flyweight,A: top-240 WITHOUT is_southpaw~null,0.35294117647058826,True
4,[8618-9117],8659,1,men,Lightweight,A: top-240 WITHOUT is_southpaw~null,0.7577639751552795,True
4,[8618-9117],8660,1,men,Welterweight,A: top-240 WITHOUT is_southpaw~null,0.8333333333333334,True
4,[8618-9117],8661,1,men,Flyweight,A: top-240 WITHOUT is_southpaw~null,0.717391304347826,True
4,[8618-9117],8662,1,men,Heavyweight,A: top-240 WITHOUT is_southpaw~null,0.717391304347826,True
4,[8618-9117],8663,0,men,Catch Weight,A: top-240 WITHOUT is_southpaw~null,0.35294117647058826,True
4,[8618-9117],8664,1,men,Light Heavyweight,A: top-240 WITHOUT is_southpaw~null,0.49367088607594944,True
4,[8618-9117],8665,0,men,Lightweight,A: top-240 WITHOUT is_southpaw~null,0.43243243243243246,True
4,[8618-9117],8666,0,men,Lightweight,A: top-240 WITHOUT is_southpaw~null,0.717391304347826,True
4,[8618-9117],8667,1,men,Light Heavyweight,A: top-240 WITHOUT is_southpaw~null,0.7577639751552795,True
4,[8618-9117],8668,1,men,Heavyweight,A: top-240 WITHOUT is_southpaw~null,0.7577639751552795,True
4,[8618-9117],8669,0,men,Middleweight,A: top-240 WITHOUT is_southpaw~null,0.5555555555555556,True
4,[8618-9117],8670,0,men,Featherweight,A: top-240 WITHOUT is_southpaw~null,0.43243243243243246,True
4,[8618-9117],8671,0,men,Welterweight,A: top-240 WITHOUT is_southpaw~null,0.5555555555555556,True
4,[8618-9117],8672,0,men,Middleweight,A: top-240 WITHOUT is_southpaw~null,0.49367088607594944,True
4,[8618-9117],8673,1,men,Lightweight,A: top-240 WITHOUT is_southpaw~null,0.43243243243243246,True
4,[8618-9117],8674,0,men,Flyweight,A: top-240 WITHOUT is_southpaw~null,0.5,True
4,[8618-9117],8675,1,men,Featherweight,A: top-240 WITHOUT is_southpaw~null,0.49367088607594944,True
4,[8618-9117],8676,0,men,Lightweight,A: top-240 WITHOUT is_southpaw~null,0.49367088607594944,True
4,[8618-9117],8677,0,men,Welterweight,A: top-240 WITHOUT is_southpaw~null,0.49367088607594944,True
4,[8618-9117],8678,0,men,Middleweight,A: top-240 WITHOUT is_southpaw~null,0.717391304347826,True
4,[8618-9117],8679,1,men,Welterweight,A: top-240 WITHOUT is_southpaw~null,0.5555555555555556,True
4,[8618-9117],8680,0,women,Women's Strawweight,A: top-240 WITHOUT is_southpaw~null,0.49367088607594944,False
4,[8618-9117],8681,0,men,Heavyweight,A: top-240 WITHOUT is_southpaw~null,0.7577639751552795,True
4,[8618-9117],8682,0,men,Lightweight,A: top-240 WITHOUT is_southpaw~null,0.717391304347826,True
4,[8618-9117],8683,1,men,Featherweight,A: top-240 WITHOUT is_southpaw~null,0.7577639751552795,True
4,[8618-9117],8684,1,men,Welterweight,A: top-240 WITHOUT is_southpaw~null,0.717391304347826,True
4,[8618-9117],8685,1,men,Light Heavyweight,A: top-240 WITHOUT is_southpaw~null,0.7577639751552795,True
4,[8618-9117],8686,1,men,Lightweight,A: top-240 WITHOUT is_southpaw~null,0.49367088607594944,True
4,[8618-9117],8687,1,men,Middleweight,A: top-240 WITHOUT is_southpaw~null,0.43243243243243246,True
4,[8618-9117],8688,1,men,Light Heavyweight,A: top-240 WITHOUT is_southpaw~null,0.7577639751552795,True
4,[8618-9117],8689,0,women,Women's Strawweight,A: top-240 WITHOUT is_southpaw~null,0.7577639751552795,False
4,[8618-9117],8690,0,men,Lightweight,A: top-240 WITHOUT is_southpaw~null,0.49367088607594944,True
4,[8618-9117],8691,0,men,Light Heavyweight,A: top-240 WITHOUT is_southpaw~null,0.7577639751552795,True
4,[8618-9117],8692,0,men,Heavyweight,A: top-240 WITHOUT is_southpaw~null,0.49367088607594944,True
4,[8618-9117],8693,0,men,Featherweight,A: top-240 WITHOUT is_southpaw~null,0.49367088607594944,True
4,[8618-9117],8694,1,women,Women's Strawweight,A: top-240 WITHOUT is_southpaw~null,0.7577639751552795,False
4,[8618-9117],8695,0,men,Welterweight,A: top-240 WITHOUT is_southpaw~null,0.5,True
4,[8618-9117],8696,1,women,Women's Bantamweight,A: top-240 WITHOUT is_southpaw~null,0.35294117647058826,False
4,[8618-9117],8697,0,men,Flyweight,A: top-240 WITHOUT is_southpaw~null,0.717391304347826,True
4,[8618-9117],8698,1,men,Flyweight,A: top-240 WITHOUT is_southpaw~null,0.7577639751552795,True
4,[8618-9117],8699,0,men,Lightweight,A: top-240 WITHOUT is_southpaw~null,0.7577639751552795,True
4,[8618-9117],8700,1,men,Lightweight,A: top-240 WITHOUT is_southpaw~null,0.7577639751552795,True
4,[8618-9117],8701,1,men,Bantamweight,A: top-240 WITHOUT is_southpaw~null,0.7577639751552795,True
4,[8618-9117],8702,1,men,Lightweight,A: top-240 WITHOUT is_southpaw~null,0.7577639751552795,True
4,[8618-9117],8703,1,men,Middleweight,A: top-240 WITHOUT is_southpaw~null,0.7577639751552795,True
4,[8618-9117],8704,0,men,Middleweight,A: top-240 WITHOUT is_southpaw~null,0.24906868337156185,True
4,[8618-9117],8705,0,men,Bantamweight,A: top-240 WITHOUT is_southpaw~null,0.15384615384615385,True
4,[8618-9117],8706,1,men,Featherweight,A: top-240 WITHOUT is_southpaw~null,0.43243243243243246,True
4,[8618-9117],8707,0,men,Middleweight,A: top-240 WITHOUT is_southpaw~null,0.49367088607594944,True
4,[8618-9117],8708,1,men,Lightweight,A: top-240 WITHOUT is_southpaw~null,0.43243243243243246,True
4,[8618-9117],8709,0,men,Bantamweight,A: top-240 WITHOUT is_southpaw~null,0.717391304347826,True
4,[8618-9117],8710,0,men,Bantamweight,A: top-240 WITHOUT is_southpaw~null,0.7577639751552795,True
4,[8618-9117],8711,0,men,Light Heavyweight,A: top-240 WITHOUT is_southpaw~null,0.717391304347826,True
4,[8618-9117],8712,0,men,Middleweight,A: top-240 WITHOUT is_southpaw~null,0.5555555555555556,True
4,[8618-9117],8713,0,men,Featherweight,A: top-240 WITHOUT is_southpaw~null,0.49367088607594944,True
4,[8618-9117],8714,1,women,Women's Flyweight,A: top-240 WITHOUT is_southpaw~null,0.5,False
4,[8618-9117],8715,0,men,Featherweight,A: top-240 WITHOUT is_southpaw~null,0.717391304347826,True
4,[8618-9117],8716,1,men,Light Heavyweight,A: top-240 WITHOUT is_southpaw~null,0.7577639751552795,True
4,[8618-9117],8717,1,men,Lightweight,A: top-240 WITHOUT is_southpaw~null,0.4940159673768458,True
4,[8618-9117],8718,0,women,Women's Strawweight,A: top-240 WITHOUT is_southpaw~null,0.49367088607594944,False
4,[8618-9117],8719,1,men,Heavyweight,A: top-240 WITHOUT is_southpaw~null,0.717391304347826,True
4,[8618-9117],8720,1,women,Women's Bantamweight,A: top-240 WITHOUT is_southpaw~null,0.5555555555555556,False
4,[8618-9117],8721,1,men,Bantamweight,A: top-240 WITHOUT is_southpaw~null,0.717391304347826,True
4,[8618-9117],8722,1,men,Middleweight,A: top-240 WITHOUT is_southpaw~null,0.717391304347826,True
4,[8618-9117],8723,0,men,Welterweight,A: top-240 WITHOUT is_southpaw~null,0.7577639751552795,True
4,[8618-9117],8724,1,men,Lightweight,A: top-240 WITHOUT is_southpaw~null,0.49367088607594944,True
4,[8618-9117],8725,1,men,Featherweight,A: top-240 WITHOUT is_southpaw~null,0.5163330279789738,True
4,[8618-9117],8726,1,men,Light Heavyweight,A: top-240 WITHOUT is_southpaw~null,0.7577639751552795,True
4,[8618-9117],8727,1,men,Light Heavyweight,A: top-240 WITHOUT is_southpaw~null,0.717391304347826,True
4,[8618-9117],8728,1,men,Light Heavyweight,A: top-240 WITHOUT is_southpaw~null,0.7577639751552795,True
4,[8618-9117],8729,1,men,Flyweight,A: top-240 WITHOUT is_southpaw~null,0.43243243243243246,True
4,[8618-9117],8730,0,men,Welterweight,A: top-240 WITHOUT is_southpaw~null,0.5555555555555556,True
4,[8618-9117],8731,1,men,Featherweight,A: top-240 WITHOUT is_southpaw~null,0.7577639751552795,True
4,[8618-9117],8732,0,men,Middleweight,A: top-240 WITHOUT is_southpaw~null,0.49367088607594944,True
4,[8618-9117],8733,1,men,Bantamweight,A: top-240 WITHOUT is_southpaw~null,0.5137027842186629,True
4,[8618-9117],8734,1,men,Middleweight,A: top-240 WITHOUT is_southpaw~null,0.7577639751552795,True
4,[8618-9117],8735,1,women,Women's Flyweight,A: top-240 WITHOUT is_southpaw~null,0.8333333333333334,False
4,[8618-9117],8736,1,men,Welterweight,A: top-240 WITHOUT is_southpaw~null,0.49367088607594944,True
4,[8618-9117],8737,0,men,Bantamweight,A: top-240 WITHOUT is_southpaw~null,0.35294117647058826,True
4,[8618-9117],8738,0,women,Women's Bantamweight,A: top-240 WITHOUT is_southpaw~null,0.5555555555555556,False
4,[8618-9117],8739,1,men,Welterweight,A: top-240 WITHOUT is_southpaw~null,0.7577639751552795,True
4,[8618-9117],8740,0,men,Bantamweight,A: top-240 WITHOUT is_southpaw~null,0.5555555555555556,True
4,[8618-9117],8741,0,men,Middleweight,A: top-240 WITHOUT is_southpaw~null,0.35294117647058826,True
4,[8618-9117],8742,1,men,Middleweight,A: top-240 WITHOUT is_southpaw~null,0.7577639751552795,True
4,[8618-9117],8743,0,men,Featherweight,A: top-240 WITHOUT is_southpaw~null,0.23809523809523808,True
4,[8618-9117],8744,1,men,Light Heavyweight,A: top-240 WITHOUT is_southpaw~null,0.717391304347826,True
4,[8618-9117],8745,1,men,Bantamweight,A: top-240 WITHOUT is_southpaw~null,0.7577639751552795,True
4,[8618-9117],8746,0,men,Light Heavyweight,A: top-240 WITHOUT is_southpaw~null,0.49367088607594944,True
4,[8618-9117],8747,1,men,Catch Weight,A: top-240 WITHOUT is_southpaw~null,0.5,True
4,[8618-9117],8748,0,men,Lightweight,A: top-240 WITHOUT is_southpaw~null,0.717391304347826,True
4,[8618-9117],8749,1,men,Bantamweight,A: top-240 WITHOUT is_southpaw~null,0.49367088607594944,True
4,[8618-9117],8750,1,men,Flyweight,A: top-240 WITHOUT is_southpaw~null,0.5555555555555556,True
4,[8618-9117],8751,1,men,Middleweight,A: top-240 WITHOUT is_southpaw~null,0.5,True
4,[8618-9117],8752,1,men,Light Heavyweight,A: top-240 WITHOUT is_southpaw~null,0.49367088607594944,True
4,[8618-9117],8753,1,men,Bantamweight,A: top-240 WITHOUT is_southpaw~null,0.717391304347826,True
4,[8618-9117],8754,1,women,Women's Strawweight,A: top-240 WITHOUT is_southpaw~null,0.7577639751552795,False
4,[8618-9117],8755,1,men,Flyweight,A: top-240 WITHOUT is_southpaw~null,0.35294117647058826,True
4,[8618-9117],8756,1,women,Women's Bantamweight,A: top-240 WITHOUT is_southpaw~null,0.717391304347826,False
4,[8618-9117],8757,1,men,Heavyweight,A: top-240 WITHOUT is_southpaw~null,0.717391304347826,True
4,[8618-9117],8758,1,men,Flyweight,A: top-240 WITHOUT is_southpaw~null,0.35294117647058826,True
4,[8618-9117],8759,0,men,Featherweight,A: top-240 WITHOUT is_southpaw~null,0.717391304347826,True
4,[8618-9117],8760,0,men,Heavyweight,A: top-240 WITHOUT is_southpaw~null,0.7577639751552795,True
4,[8618-9117],8761,0,men,Welterweight,A: top-240 WITHOUT is_southpaw~null,0.43243243243243246,True
4,[8618-9117],8762,1,men,Bantamweight,A: top-240 WITHOUT is_southpaw~null,0.35294117647058826,True
4,[8618-9117],8763,1,men,Lightweight,A: top-240 WITHOUT is_southpaw~null,0.15384615384615385,True
4,[8618-9117],8764,0,men,Featherweight,A: top-240 WITHOUT is_southpaw~null,0.23809523809523808,True
4,[8618-9117],8765,0,men,Middleweight,A: top-240 WITHOUT is_southpaw~null,0.717391304347826,True
4,[8618-9117],8766,0,men,Heavyweight,A: top-240 WITHOUT is_southpaw~null,0.717391304347826,True
4,[8618-9117],8767,1,men,Welterweight,A: top-240 WITHOUT is_southpaw~null,0.7577639751552795,True
4,[8618-9117],8768,1,men,Featherweight,A: top-240 WITHOUT is_southpaw~null,0.717391304347826,True
4,[8618-9117],8769,0,men,Light Heavyweight,A: top-240 WITHOUT is_southpaw~null,0.717391304347826,True
4,[8618-9117],8770,0,men,Bantamweight,A: top-240 WITHOUT is_southpaw~null,0.5,True
4,[8618-9117],8771,1,men,Flyweight,A: top-240 WITHOUT is_southpaw~null,0.43243243243243246,True
4,[8618-9117],8772,1,women,Women's Bantamweight,A: top-240 WITHOUT is_southpaw~null,0.7577639751552795,False
4,[8618-9117],8773,0,men,Middleweight,A: top-240 WITHOUT is_southpaw~null,0.7577639751552795,True
4,[8618-9117],8774,1,women,Women's Strawweight,A: top-240 WITHOUT is_southpaw~null,0.5555555555555556,False
4,[8618-9117],8775,0,men,Middleweight,A: top-240 WITHOUT is_southpaw~null,0.717391304347826,True
4,[8618-9117],8776,0,men,Bantamweight,A: top-240 WITHOUT is_southpaw~null,0.49367088607594944,True
4,[8618-9117],8777,0,men,Middleweight,A: top-240 WITHOUT is_southpaw~null,0.717391304347826,True
4,[8618-9117],8778,1,men,Lightweight,A: top-240 WITHOUT is_southpaw~null,0.5555555555555556,True
4,[8618-9117],8779,1,men,Bantamweight,A: top-240 WITHOUT is_southpaw~null,0.7577639751552795,True
4,[8618-9117],8780,1,women,Women's Flyweight,A: top-240 WITHOUT is_southpaw~null,0.7577639751552795,False
4,[8618-9117],8781,0,men,Bantamweight,A: top-240 WITHOUT is_southpaw~null,0.49367088607594944,True
4,[8618-9117],8782,0,men,Welterweight,A: top-240 WITHOUT is_southpaw~null,0.49367088607594944,True
4,[8618-9117],8783,0,men,Lightweight,A: top-240 WITHOUT is_southpaw~null,0.5,True
4,[8618-9117],8784,0,women,Women's Strawweight,A: top-240 WITHOUT is_southpaw~null,0.8333333333333334,False
4,[8618-9117],8785,0,men,Flyweight,A: top-240 WITHOUT is_southpaw~null,0.43243243243243246,True
4,[8618-9117],8786,1,men,Heavyweight,A: top-240 WITHOUT is_southpaw~null,0.7577639751552795,True
4,[8618-9117],8787,1,men,Featherweight,A: top-240 WITHOUT is_southpaw~null,0.35294117647058826,True
4,[8618-9117],8788,1,men,Heavyweight,A: top-240 WITHOUT is_southpaw~null,0.875,True
4,[8618-9117],8789,1,men,Lightweight,A: top-240 WITHOUT is_southpaw~null,0.5555555555555556,True
4,[8618-9117],8790,1,men,Middleweight,A: top-240 WITHOUT is_southpaw~null,0.7577639751552795,True
4,[8618-9117],8791,0,men,Lightweight,A: top-240 WITHOUT is_southpaw~null,0.25,True
4,[8618-9117],8792,0,men,Light Heavyweight,A: top-240 WITHOUT is_southpaw~null,0.5555555555555556,True
4,[8618-9117],8793,1,men,Heavyweight,A: top-240 WITHOUT is_southpaw~null,0.49367088607594944,True
4,[8618-9117],8794,1,men,Bantamweight,A: top-240 WITHOUT is_southpaw~null,0.8333333333333334,True
4,[8618-9117],8795,0,women,Women's Strawweight,A: top-240 WITHOUT is_southpaw~null,0.717391304347826,False
4,[8618-9117],8796,1,women,Women's Strawweight,A: top-240 WITHOUT is_southpaw~null,0.7577639751552795,False
4,[8618-9117],8797,0,men,Welterweight,A: top-240 WITHOUT is_southpaw~null,0.15384615384615385,True
4,[8618-9117],8798,1,women,Women's Strawweight,A: top-240 WITHOUT is_southpaw~null,0.7577639751552795,False
4,[8618-9117],8799,0,women,Women's Bantamweight,A: top-240 WITHOUT is_southpaw~null,0.35294117647058826,False
4,[8618-9117],8800,1,men,Middleweight,A: top-240 WITHOUT is_southpaw~null,0.7577639751552795,True
4,[8618-9117],8801,1,men,Bantamweight,A: top-240 WITHOUT is_southpaw~null,0.717391304347826,True
4,[8618-9117],8802,1,men,Featherweight,A: top-240 WITHOUT is_southpaw~null,0.49367088607594944,True
4,[8618-9117],8803,1,men,Catch Weight,A: top-240 WITHOUT is_southpaw~null,0.7577639751552795,True
4,[8618-9117],8804,1,men,Welterweight,A: top-240 WITHOUT is_southpaw~null,0.717391304347826,True
4,[8618-9117],8805,0,men,Featherweight,A: top-240 WITHOUT is_southpaw~null,0.7577639751552795,True
4,[8618-9117],8806,1,men,Welterweight,A: top-240 WITHOUT is_southpaw~null,0.49367088607594944,True
4,[8618-9117],8807,1,men,Heavyweight,A: top-240 WITHOUT is_southpaw~null,0.7577639751552795,True
4,[8618-9117],8808,1,men,Light Heavyweight,A: top-240 WITHOUT is_southpaw~null,0.717391304347826,True
4,[8618-9117],8809,0,women,Women's Bantamweight,A: top-240 WITHOUT is_southpaw~null,0.35294117647058826,False
4,[8618-9117],8810,1,men,Catch Weight,A: top-240 WITHOUT is_southpaw~null,0.717391304347826,True
4,[8618-9117],8811,0,men,Bantamweight,A: top-240 WITHOUT is_southpaw~null,0.43243243243243246,True
4,[8618-9117],8812,0,women,Women's Strawweight,A: top-240 WITHOUT is_southpaw~null,0.35294117647058826,False
4,[8618-9117],8813,1,men,Heavyweight,A: top-240 WITHOUT is_southpaw~null,0.8333333333333334,True
4,[8618-9117],8814,0,men,Bantamweight,A: top-240 WITHOUT is_southpaw~null,0.717391304347826,True
4,[8618-9117],8815,1,men,Welterweight,A: top-240 WITHOUT is_southpaw~null,0.7577639751552795,True
4,[8618-9117],8816,1,men,Middleweight,A: top-240 WITHOUT is_southpaw~null,0.5555555555555556,True
4,[8618-9117],8817,1,men,Lightweight,A: top-240 WITHOUT is_southpaw~null,0.49367088607594944,True
4,[8618-9117],8818,0,men,Welterweight,A: top-240 WITHOUT is_southpaw~null,0.43243243243243246,True
4,[8618-9117],8819,0,men,Flyweight,A: top-240 WITHOUT is_southpaw~null,0.35294117647058826,True
4,[8618-9117],8820,0,men,Featherweight,A: top-240 WITHOUT is_southpaw~null,0.717391304347826,True
4,[8618-9117],8821,0,men,Lightweight,A: top-240 WITHOUT is_southpaw~null,0.35294117647058826,True
4,[8618-9117],8822,1,men,Middleweight,A: top-240 WITHOUT is_southpaw~null,0.999999,True
4,[8618-9117],8823,0,women,Women's Strawweight,A: top-240 WITHOUT is_southpaw~null,0.25,False
4,[8618-9117],8824,1,men,Featherweight,A: top-240 WITHOUT is_southpaw~null,0.35294117647058826,True
4,[8618-9117],8825,1,men,Middleweight,A: top-240 WITHOUT is_southpaw~null,0.5555555555555556,True
4,[8618-9117],8826,0,men,Featherweight,A: top-240 WITHOUT is_southpaw~null,0.717391304347826,True
4,[8618-9117],8827,1,women,Women's Flyweight,A: top-240 WITHOUT is_southpaw~null,0.7577639751552795,False
4,[8618-9117],8828,1,men,Middleweight,A: top-240 WITHOUT is_southpaw~null,0.7577639751552795,True
4,[8618-9117],8829,0,men,Lightweight,A: top-240 WITHOUT is_southpaw~null,0.35294117647058826,True
4,[8618-9117],8830,0,men,Welterweight,A: top-240 WITHOUT is_southpaw~null,0.35294117647058826,True
4,[8618-9117],8831,0,men,Welterweight,A: top-240 WITHOUT is_southpaw~null,0.35294117647058826,True
4,[8618-9117],8832,1,women,Women's Flyweight,A: top-240 WITHOUT is_southpaw~null,0.35294117647058826,False
4,[8618-9117],8833,0,men,Welterweight,A: top-240 WITHOUT is_southpaw~null,0.5555555555555556,True
4,[8618-9117],8834,0,men,Middleweight,A: top-240 WITHOUT is_southpaw~null,0.35294117647058826,True
4,[8618-9117],8835,0,men,Flyweight,A: top-240 WITHOUT is_southpaw~null,0.35294117647058826,True
4,[8618-9117],8836,1,men,Lightweight,A: top-240 WITHOUT is_southpaw~null,0.875,True
4,[8618-9117],8837,1,men,Middleweight,A: top-240 WITHOUT is_southpaw~null,0.7577639751552795,True
4,[8618-9117],8838,0,men,Heavyweight,A: top-240 WITHOUT is_southpaw~null,0.717391304347826,True
4,[8618-9117],8839,0,men,Bantamweight,A: top-240 WITHOUT is_southpaw~null,0.5,True
4,[8618-9117],8840,1,men,Light Heavyweight,A: top-240 WITHOUT is_southpaw~null,0.999999,True
4,[8618-9117],8841,1,men,Welterweight,A: top-240 WITHOUT is_southpaw~null,0.5,True
4,[8618-9117],8842,1,men,Light Heavyweight,A: top-240 WITHOUT is_southpaw~null,0.7577639751552795,True
4,[8618-9117],8843,0,men,Flyweight,A: top-240 WITHOUT is_southpaw~null,0.43243243243243246,True
4,[8618-9117],8844,1,men,Heavyweight,A: top-240 WITHOUT is_southpaw~null,0.7577639751552795,True
4,[8618-9117],8845,0,men,Welterweight,A: top-240 WITHOUT is_southpaw~null,0.23809523809523808,True
4,[8618-9117],8846,0,men,Welterweight,A: top-240 WITHOUT is_southpaw~null,0.23809523809523808,True
4,[8618-9117],8847,1,men,Lightweight,A: top-240 WITHOUT is_southpaw~null,0.8659256580690261,True
4,[8618-9117],8848,0,men,Featherweight,A: top-240 WITHOUT is_southpaw~null,0.49367088607594944,True
4,[8618-9117],8849,1,men,Middleweight,A: top-240 WITHOUT is_southpaw~null,0.999999,True
4,[8618-9117],8850,1,men,Light Heavyweight,A: top-240 WITHOUT is_southpaw~null,0.43243243243243246,True
4,[8618-9117],8851,0,men,Lightweight,A: top-240 WITHOUT is_southpaw~null,0.23809523809523808,True
4,[8618-9117],8852,0,men,Middleweight,A: top-240 WITHOUT is_southpaw~null,0.717391304347826,True
4,[8618-9117],8853,0,men,Lightweight,A: top-240 WITHOUT is_southpaw~null,0.23809523809523808,True
4,[8618-9117],8854,0,men,Featherweight,A: top-240 WITHOUT is_southpaw~null,0.35294117647058826,True
4,[8618-9117],8855,0,men,Lightweight,A: top-240 WITHOUT is_southpaw~null,0.717391304347826,True
4,[8618-9117],8856,0,men,Lightweight,A: top-240 WITHOUT is_southpaw~null,0.7577639751552795,True
4,[8618-9117],8857,0,men,Bantamweight,A: top-240 WITHOUT is_southpaw~null,0.35294117647058826,True
4,[8618-9117],8858,0,men,Flyweight,A: top-240 WITHOUT is_southpaw~null,0.49367088607594944,True
4,[8618-9117],8859,0,men,Flyweight,A: top-240 WITHOUT is_southpaw~null,0.35294117647058826,True
4,[8618-9117],8860,0,men,Bantamweight,A: top-240 WITHOUT is_southpaw~null,0.7577639751552795,True
4,[8618-9117],8861,1,women,Women's Flyweight,A: top-240 WITHOUT is_southpaw~null,0.7577639751552795,False
4,[8618-9117],8862,1,women,Women's Flyweight,A: top-240 WITHOUT is_southpaw~null,0.35294117647058826,False
4,[8618-9117],8863,0,men,Heavyweight,A: top-240 WITHOUT is_southpaw~null,0.7577639751552795,True
4,[8618-9117],8864,0,women,Women's Bantamweight,A: top-240 WITHOUT is_southpaw~null,0.35294117647058826,False
4,[8618-9117],8865,0,men,Heavyweight,A: top-240 WITHOUT is_southpaw~null,0.717391304347826,True
4,[8618-9117],8866,1,men,Featherweight,A: top-240 WITHOUT is_southpaw~null,0.7577639751552795,True
4,[8618-9117],8867,1,men,Catch Weight,A: top-240 WITHOUT is_southpaw~null,0.717391304347826,True
4,[8618-9117],8868,1,men,Featherweight,A: top-240 WITHOUT is_southpaw~null,0.5555555555555556,True
4,[8618-9117],8869,0,men,Middleweight,A: top-240 WITHOUT is_southpaw~null,0.23809523809523808,True
4,[8618-9117],8870,0,men,Featherweight,A: top-240 WITHOUT is_southpaw~null,0.23809523809523808,True
4,[8618-9117],8871,0,men,Flyweight,A: top-240 WITHOUT is_southpaw~null,0.35294117647058826,True
4,[8618-9117],8872,0,men,Welterweight,A: top-240 WITHOUT is_southpaw~null,0.5,True
4,[8618-9117],8873,1,men,Light Heavyweight,A: top-240 WITHOUT is_southpaw~null,0.717391304347826,True
4,[8618-9117],8874,0,men,Welterweight,A: top-240 WITHOUT is_southpaw~null,0.23809523809523808,True
4,[8618-9117],8875,1,men,Heavyweight,A: top-240 WITHOUT is_southpaw~null,0.7577639751552795,True
4,[8618-9117],8876,1,men,Flyweight,A: top-240 WITHOUT is_southpaw~null,0.49367088607594944,True
4,[8618-9117],8877,1,men,Middleweight,A: top-240 WITHOUT is_southpaw~null,0.8333333333333334,True
4,[8618-9117],8878,1,men,Bantamweight,A: top-240 WITHOUT is_southpaw~null,0.875,True
4,[8618-9117],8879,0,men,Featherweight,A: top-240 WITHOUT is_southpaw~null,0.35294117647058826,True
4,[8618-9117],8880,1,women,Women's Flyweight,A: top-240 WITHOUT is_southpaw~null,0.717391304347826,False
4,[8618-9117],8881,1,men,Heavyweight,A: top-240 WITHOUT is_southpaw~null,0.8499558661338941,True
4,[8618-9117],8882,1,men,Bantamweight,A: top-240 WITHOUT is_southpaw~null,0.5555555555555556,True
4,[8618-9117],8883,1,men,Lightweight,A: top-240 WITHOUT is_southpaw~null,0.43243243243243246,True
4,[8618-9117],8884,0,men,Bantamweight,A: top-240 WITHOUT is_southpaw~null,0.7577639751552795,True
4,[8618-9117],8885,1,men,Featherweight,A: top-240 WITHOUT is_southpaw~null,0.7577639751552795,True
4,[8618-9117],8886,0,men,Lightweight,A: top-240 WITHOUT is_southpaw~null,0.43243243243243246,True
4,[8618-9117],8887,1,men,Featherweight,A: top-240 WITHOUT is_southpaw~null,0.43243243243243246,True
4,[8618-9117],8888,1,men,Welterweight,A: top-240 WITHOUT is_southpaw~null,0.49367088607594944,True
4,[8618-9117],8889,1,men,Middleweight,A: top-240 WITHOUT is_southpaw~null,0.5555555555555556,True
4,[8618-9117],8890,1,men,Middleweight,A: top-240 WITHOUT is_southpaw~null,0.7577639751552795,True
4,[8618-9117],8891,0,men,Light Heavyweight,A: top-240 WITHOUT is_southpaw~null,0.717391304347826,True
4,[8618-9117],8892,1,men,Lightweight,A: top-240 WITHOUT is_southpaw~null,0.999999,True
4,[8618-9117],8893,0,men,Heavyweight,A: top-240 WITHOUT is_southpaw~null,0.35294117647058826,True
4,[8618-9117],8894,0,men,Lightweight,A: top-240 WITHOUT is_southpaw~null,0.35294117647058826,True
4,[8618-9117],8895,0,men,Lightweight,A: top-240 WITHOUT is_southpaw~null,0.23809523809523808,True
4,[8618-9117],8896,1,men,Featherweight,A: top-240 WITHOUT is_southpaw~null,0.49367088607594944,True
4,[8618-9117],8897,1,women,Women's Bantamweight,A: top-240 WITHOUT is_southpaw~null,0.8701411414537946,False
4,[8618-9117],8898,0,men,Bantamweight,A: top-240 WITHOUT is_southpaw~null,0.717391304347826,True
4,[8618-9117],8899,1,men,Catch Weight,A: top-240 WITHOUT is_southpaw~null,0.49367088607594944,True
4,[8618-9117],8900,1,men,Bantamweight,A: top-240 WITHOUT is_southpaw~null,0.7577639751552795,True
4,[8618-9117],8901,0,women,Women's Strawweight,A: top-240 WITHOUT is_southpaw~null,0.49367088607594944,False
4,[8618-9117],8902,1,men,Welterweight,A: top-240 WITHOUT is_southpaw~null,0.717391304347826,True
4,[8618-9117],8903,1,men,Bantamweight,A: top-240 WITHOUT is_southpaw~null,0.35294117647058826,True
4,[8618-9117],8904,1,men,Light Heavyweight,A: top-240 WITHOUT is_southpaw~null,0.35294117647058826,True
4,[8618-9117],8905,0,men,Bantamweight,A: top-240 WITHOUT is_southpaw~null,0.43243243243243246,True
4,[8618-9117],8906,1,men,Middleweight,A: top-240 WITHOUT is_southpaw~null,0.8333333333333334,True
4,[8618-9117],8907,0,men,Heavyweight,A: top-240 WITHOUT is_southpaw~null,0.7577639751552795,True
4,[8618-9117],8908,0,men,Flyweight,A: top-240 WITHOUT is_southpaw~null,0.49367088607594944,True
4,[8618-9117],8909,0,men,Welterweight,A: top-240 WITHOUT is_southpaw~null,0.15384615384615385,True
4,[8618-9117],8910,1,men,Flyweight,A: top-240 WITHOUT is_southpaw~null,0.8343024715197027,True
4,[8618-9117],8911,1,men,Featherweight,A: top-240 WITHOUT is_southpaw~null,0.35294117647058826,True
4,[8618-9117],8912,0,women,Women's Flyweight,A: top-240 WITHOUT is_southpaw~null,0.49367088607594944,False
4,[8618-9117],8913,0,men,Welterweight,A: top-240 WITHOUT is_southpaw~null,0.24287148627086846,True
4,[8618-9117],8914,0,men,Welterweight,A: top-240 WITHOUT is_southpaw~null,0.49367088607594944,True
4,[8618-9117],8915,0,women,Women's Bantamweight,A: top-240 WITHOUT is_southpaw~null,0.35294117647058826,False
4,[8618-9117],8916,0,men,Flyweight,A: top-240 WITHOUT is_southpaw~null,0.49367088607594944,True
4,[8618-9117],8917,0,men,Welterweight,A: top-240 WITHOUT is_southpaw~null,0.5555555555555556,True
4,[8618-9117],8918,0,men,Middleweight,A: top-240 WITHOUT is_southpaw~null,0.35294117647058826,True
4,[8618-9117],8919,1,men,Welterweight,A: top-240 WITHOUT is_southpaw~null,0.8333333333333334,True
4,[8618-9117],8920,1,men,Heavyweight,A: top-240 WITHOUT is_southpaw~null,0.7577639751552795,True
4,[8618-9117],8921,0,men,Featherweight,A: top-240 WITHOUT is_southpaw~null,0.35294117647058826,True
4,[8618-9117],8922,1,men,Middleweight,A: top-240 WITHOUT is_southpaw~null,0.43243243243243246,True
4,[8618-9117],8923,0,men,Welterweight,A: top-240 WITHOUT is_southpaw~null,0.49367088607594944,True
4,[8618-9117],8924,0,men,Featherweight,A: top-240 WITHOUT is_southpaw~null,0.23809523809523808,True
4,[8618-9117],8925,1,men,Catch Weight,A: top-240 WITHOUT is_southpaw~null,0.717391304347826,True
4,[8618-9117],8926,0,men,Featherweight,A: top-240 WITHOUT is_southpaw~null,0.15384615384615385,True
4,[8618-9117],8927,1,men,Bantamweight,A: top-240 WITHOUT is_southpaw~null,0.8333333333333334,True
4,[8618-9117],8928,1,women,Women's Bantamweight,A: top-240 WITHOUT is_southpaw~null,0.7577639751552795,False
4,[8618-9117],8929,1,men,Middleweight,A: top-240 WITHOUT is_southpaw~null,0.875,True
4,[8618-9117],8930,1,men,Middleweight,A: top-240 WITHOUT is_southpaw~null,0.717391304347826,True
4,[8618-9117],8931,1,men,Flyweight,A: top-240 WITHOUT is_southpaw~null,0.7577639751552795,True
4,[8618-9117],8932,1,men,Flyweight,A: top-240 WITHOUT is_southpaw~null,0.7577639751552795,True
4,[8618-9117],8933,0,men,Lightweight,A: top-240 WITHOUT is_southpaw~null,0.5555555555555556,True
4,[8618-9117],8934,0,men,Bantamweight,A: top-240 WITHOUT is_southpaw~null,0.15384615384615385,True
4,[8618-9117],8935,0,men,Flyweight,A: top-240 WITHOUT is_southpaw~null,0.717391304347826,True
4,[8618-9117],8936,1,men,Bantamweight,A: top-240 WITHOUT is_southpaw~null,0.7577639751552795,True
4,[8618-9117],8937,0,men,Light Heavyweight,A: top-240 WITHOUT is_southpaw~null,0.5555555555555556,True
4,[8618-9117],8938,0,men,Light Heavyweight,A: top-240 WITHOUT is_southpaw~null,0.7577639751552795,True
4,[8618-9117],8939,1,men,Flyweight,A: top-240 WITHOUT is_southpaw~null,0.7577639751552795,True
4,[8618-9117],8940,0,men,Flyweight,A: top-240 WITHOUT is_southpaw~null,0.35294117647058826,True
4,[8618-9117],8941,0,men,Featherweight,A: top-240 WITHOUT is_southpaw~null,0.49367088607594944,True
4,[8618-9117],8942,1,men,Middleweight,A: top-240 WITHOUT is_southpaw~null,0.7723815791960865,True
4,[8618-9117],8943,1,men,Middleweight,A: top-240 WITHOUT is_southpaw~null,0.7577639751552795,True
4,[8618-9117],8944,1,men,Lightweight,A: top-240 WITHOUT is_southpaw~null,0.43243243243243246,True
4,[8618-9117],8945,0,men,Bantamweight,A: top-240 WITHOUT is_southpaw~null,0.43243243243243246,True
4,[8618-9117],8946,1,men,Middleweight,A: top-240 WITHOUT is_southpaw~null,0.717391304347826,True
4,[8618-9117],8947,0,men,Lightweight,A: top-240 WITHOUT is_southpaw~null,0.7577639751552795,True
4,[8618-9117],8948,1,men,Bantamweight,A: top-240 WITHOUT is_southpaw~null,0.35294117647058826,True
4,[8618-9117],8949,1,men,Bantamweight,A: top-240 WITHOUT is_southpaw~null,0.5555555555555556,True
4,[8618-9117],8950,1,women,Women's Strawweight,A: top-240 WITHOUT is_southpaw~null,0.7577639751552795,False
4,[8618-9117],8951,0,men,Bantamweight,A: top-240 WITHOUT is_southpaw~null,0.15384615384615385,True
4,[8618-9117],8952,1,women,Women's Bantamweight,A: top-240 WITHOUT is_southpaw~null,0.7577639751552795,False
4,[8618-9117],8953,0,men,Middleweight,A: top-240 WITHOUT is_southpaw~null,0.35294117647058826,True
4,[8618-9117],8954,0,men,Lightweight,A: top-240 WITHOUT is_southpaw~null,0.49367088607594944,True
4,[8618-9117],8955,1,men,Heavyweight,A: top-240 WITHOUT is_southpaw~null,0.717391304347826,True
4,[8618-9117],8956,0,men,Featherweight,A: top-240 WITHOUT is_southpaw~null,0.15384615384615385,True
4,[8618-9117],8957,1,men,Flyweight,A: top-240 WITHOUT is_southpaw~null,0.49575175441407554,True
4,[8618-9117],8958,1,men,Light Heavyweight,A: top-240 WITHOUT is_southpaw~null,0.35294117647058826,True
4,[8618-9117],8959,1,men,Featherweight,A: top-240 WITHOUT is_southpaw~null,0.7577639751552795,True
4,[8618-9117],8960,0,men,Featherweight,A: top-240 WITHOUT is_southpaw~null,0.23809523809523808,True
4,[8618-9117],8961,0,women,Women's Strawweight,A: top-240 WITHOUT is_southpaw~null,0.23809523809523808,False
4,[8618-9117],8962,0,men,Welterweight,A: top-240 WITHOUT is_southpaw~null,0.25,True
4,[8618-9117],8963,1,women,Women's Strawweight,A: top-240 WITHOUT is_southpaw~null,0.717391304347826,False
4,[8618-9117],8964,0,men,Lightweight,A: top-240 WITHOUT is_southpaw~null,0.43243243243243246,True
4,[8618-9117],8965,0,men,Heavyweight,A: top-240 WITHOUT is_southpaw~null,0.717391304347826,True
4,[8618-9117],8966,1,men,Middleweight,A: top-240 WITHOUT is_southpaw~null,0.8440882892024311,True
4,[8618-9117],8967,1,men,Heavyweight,A: top-240 WITHOUT is_southpaw~null,0.8333333333333334,True
4,[8618-9117],8968,1,men,Featherweight,A: top-240 WITHOUT is_southpaw~null,0.7577639751552795,True
4,[8618-9117],8969,1,men,Lightweight,A: top-240 WITHOUT is_southpaw~null,0.49367088607594944,True
4,[8618-9117],8970,0,men,Middleweight,A: top-240 WITHOUT is_southpaw~null,0.25,True
4,[8618-9117],8971,1,men,Light Heavyweight,A: top-240 WITHOUT is_southpaw~null,0.7577639751552795,True
4,[8618-9117],8972,1,men,Welterweight,A: top-240 WITHOUT is_southpaw~null,0.49367088607594944,True
4,[8618-9117],8973,1,men,Featherweight,A: top-240 WITHOUT is_southpaw~null,0.49367088607594944,True
4,[8618-9117],8974,1,men,Featherweight,A: top-240 WITHOUT is_southpaw~null,0.7577639751552795,True
4,[8618-9117],8975,0,men,Featherweight,A: top-240 WITHOUT is_southpaw~null,0.7577639751552795,True
4,[8618-9117],8976,1,women,Women's Strawweight,A: top-240 WITHOUT is_southpaw~null,0.875,False
4,[8618-9117],8977,1,men,Light Heavyweight,A: top-240 WITHOUT is_southpaw~null,0.7577639751552795,True
4,[8618-9117],8978,1,women,Women's Flyweight,A: top-240 WITHOUT is_southpaw~null,0.7577639751552795,False
4,[8618-9117],8979,0,men,Heavyweight,A: top-240 WITHOUT is_southpaw~null,0.717391304347826,True
4,[8618-9117],8980,0,men,Lightweight,A: top-240 WITHOUT is_southpaw~null,0.7577639751552795,True
4,[8618-9117],8981,0,men,Middleweight,A: top-240 WITHOUT is_southpaw~null,0.7577639751552795,True
4,[8618-9117],8982,1,men,Lightweight,A: top-240 WITHOUT is_southpaw~null,0.5555555555555556,True
4,[8618-9117],8983,0,men,Featherweight,A: top-240 WITHOUT is_southpaw~null,0.5,True
4,[8618-9117],8984,1,men,Welterweight,A: top-240 WITHOUT is_southpaw~null,0.7577639751552795,True
4,[8618-9117],8985,1,women,Women's Flyweight,A: top-240 WITHOUT is_southpaw~null,0.35294117647058826,False
4,[8618-9117],8986,0,men,Middleweight,A: top-240 WITHOUT is_southpaw~null,0.43243243243243246,True
4,[8618-9117],8987,0,men,Lightweight,A: top-240 WITHOUT is_southpaw~null,0.8621540620134648,True
4,[8618-9117],8988,1,men,Lightweight,A: top-240 WITHOUT is_southpaw~null,0.5,True
4,[8618-9117],8989,1,women,Women's Flyweight,A: top-240 WITHOUT is_southpaw~null,0.49367088607594944,False
4,[8618-9117],8990,0,men,Middleweight,A: top-240 WITHOUT is_southpaw~null,0.7577639751552795,True
4,[8618-9117],8991,1,women,Women's Bantamweight,A: top-240 WITHOUT is_southpaw~null,0.7577639751552795,False
4,[8618-9117],8992,0,men,Lightweight,A: top-240 WITHOUT is_southpaw~null,0.717391304347826,True
4,[8618-9117],8993,1,men,Flyweight,A: top-240 WITHOUT is_southpaw~null,0.7577639751552795,True
4,[8618-9117],8994,1,men,Featherweight,A: top-240 WITHOUT is_southpaw~null,0.5,True
4,[8618-9117],8995,1,men,Featherweight,A: top-240 WITHOUT is_southpaw~null,0.7577639751552795,True
4,[8618-9117],8996,1,men,Bantamweight,A: top-240 WITHOUT is_southpaw~null,0.35294117647058826,True
4,[8618-9117],8997,1,men,Light Heavyweight,A: top-240 WITHOUT is_southpaw~null,0.8333333333333334,True
4,[8618-9117],8998,1,women,Women's Strawweight,A: top-240 WITHOUT is_southpaw~null,0.5,False
4,[8618-9117],8999,1,men,Lightweight,A: top-240 WITHOUT is_southpaw~null,0.49367088607594944,True
4,[8618-9117],9000,0,men,Heavyweight,A: top-240 WITHOUT is_southpaw~null,0.717391304347826,True
4,[8618-9117],9001,1,men,Lightweight,A: top-240 WITHOUT is_southpaw~null,0.7577639751552795,True
4,[8618-9117],9002,0,men,Middleweight,A: top-240 WITHOUT is_southpaw~null,0.5555555555555556,True
4,[8618-9117],9003,1,women,Women's Strawweight,A: top-240 WITHOUT is_southpaw~null,0.7577639751552795,False
4,[8618-9117],9004,1,men,Welterweight,A: top-240 WITHOUT is_southpaw~null,0.7577639751552795,True
4,[8618-9117],9005,1,men,Welterweight,A: top-240 WITHOUT is_southpaw~null,0.5555555555555556,True
4,[8618-9117],9006,1,men,Featherweight,A: top-240 WITHOUT is_southpaw~null,0.43243243243243246,True
4,[8618-9117],9007,1,men,Light Heavyweight,A: top-240 WITHOUT is_southpaw~null,0.717391304347826,True
4,[8618-9117],9008,0,men,Heavyweight,A: top-240 WITHOUT is_southpaw~null,0.35294117647058826,True
4,[8618-9117],9009,0,men,Light Heavyweight,A: top-240 WITHOUT is_southpaw~null,0.7577639751552795,True
4,[8618-9117],9010,0,men,Light Heavyweight,A: top-240 WITHOUT is_southpaw~null,0.49367088607594944,True
4,[8618-9117],9011,0,men,Featherweight,A: top-240 WITHOUT is_southpaw~null,0.49367088607594944,True
4,[8618-9117],9012,0,men,Bantamweight,A: top-240 WITHOUT is_southpaw~null,0.717391304347826,True
4,[8618-9117],9013,1,women,Women's Flyweight,A: top-240 WITHOUT is_southpaw~null,0.5,False
4,[8618-9117],9014,1,women,Women's Bantamweight,A: top-240 WITHOUT is_southpaw~null,0.5,False
4,[8618-9117],9015,0,men,Heavyweight,A: top-240 WITHOUT is_southpaw~null,0.7577639751552795,True
4,[8618-9117],9016,0,men,Middleweight,A: top-240 WITHOUT is_southpaw~null,0.7577639751552795,True
4,[8618-9117],9017,0,men,Featherweight,A: top-240 WITHOUT is_southpaw~null,0.49367088607594944,True
4,[8618-9117],9018,0,men,Lightweight,A: top-240 WITHOUT is_southpaw~null,0.43243243243243246,True
4,[8618-9117],9019,1,women,Women's Flyweight,A: top-240 WITHOUT is_southpaw~null,0.717391304347826,False
4,[8618-9117],9020,0,men,Lightweight,A: top-240 WITHOUT is_southpaw~null,0.7577639751552795,True
4,[8618-9117],9021,0,men,Bantamweight,A: top-240 WITHOUT is_southpaw~null,0.5555555555555556,True
4,[8618-9117],9022,0,men,Welterweight,A: top-240 WITHOUT is_southpaw~null,0.15384615384615385,True
4,[8618-9117],9023,1,women,Women's Strawweight,A: top-240 WITHOUT is_southpaw~null,0.49367088607594944,False
4,[8618-9117],9024,0,men,Welterweight,A: top-240 WITHOUT is_southpaw~null,0.7577639751552795,True
4,[8618-9117],9025,1,men,Lightweight,A: top-240 WITHOUT is_southpaw~null,0.5208536921479583,True
4,[8618-9117],9026,0,men,Bantamweight,A: top-240 WITHOUT is_southpaw~null,0.7577639751552795,True
4,[8618-9117],9027,0,women,Women's Bantamweight,A: top-240 WITHOUT is_southpaw~null,0.43243243243243246,False
4,[8618-9117],9028,1,men,Middleweight,A: top-240 WITHOUT is_southpaw~null,0.5555555555555556,True
4,[8618-9117],9029,1,men,Featherweight,A: top-240 WITHOUT is_southpaw~null,0.35294117647058826,True
4,[8618-9117],9030,0,men,Heavyweight,A: top-240 WITHOUT is_southpaw~null,0.7577639751552795,True
4,[8618-9117],9031,0,men,Bantamweight,A: top-240 WITHOUT is_southpaw~null,0.7577639751552795,True
4,[8618-9117],9032,1,men,Bantamweight,A: top-240 WITHOUT is_southpaw~null,0.35294117647058826,True
4,[8618-9117],9033,1,men,Lightweight,A: top-240 WITHOUT is_southpaw~null,0.717391304347826,True
4,[8618-9117],9034,0,women,Women's Bantamweight,A: top-240 WITHOUT is_southpaw~null,0.7577639751552795,False
4,[8618-9117],9035,0,men,Middleweight,A: top-240 WITHOUT is_southpaw~null,0.7577639751552795,True
4,[8618-9117],9036,1,men,Light Heavyweight,A: top-240 WITHOUT is_southpaw~null,0.717391304347826,True
4,[8618-9117],9037,1,men,Welterweight,A: top-240 WITHOUT is_southpaw~null,0.717391304347826,True
4,[8618-9117],9038,0,men,Middleweight,A: top-240 WITHOUT is_southpaw~null,0.5555555555555556,True
4,[8618-9117],9039,1,men,Bantamweight,A: top-240 WITHOUT is_southpaw~null,0.7577639751552795,True
4,[8618-9117],9040,1,men,Middleweight,A: top-240 WITHOUT is_southpaw~null,0.875,True
4,[8618-9117],9041,1,men,Middleweight,A: top-240 WITHOUT is_southpaw~null,0.7577639751552795,True
4,[8618-9117],9042,0,men,Lightweight,A: top-240 WITHOUT is_southpaw~null,0.7577639751552795,True
4,[8618-9117],9043,0,men,Heavyweight,A: top-240 WITHOUT is_southpaw~null,0.717391304347826,True
4,[8618-9117],9044,0,men,Welterweight,A: top-240 WITHOUT is_southpaw~null,0.7577639751552795,True
4,[8618-9117],9045,0,men,Lightweight,A: top-240 WITHOUT is_southpaw~null,0.15384615384615385,True
4,[8618-9117],9046,0,men,Heavyweight,A: top-240 WITHOUT is_southpaw~null,0.7577639751552795,True
4,[8618-9117],9047,1,men,Featherweight,A: top-240 WITHOUT is_southpaw~null,0.717391304347826,True
4,[8618-9117],9048,0,men,Flyweight,A: top-240 WITHOUT is_southpaw~null,0.35294117647058826,True
4,[8618-9117],9049,1,men,Middleweight,A: top-240 WITHOUT is_southpaw~null,0.7577639751552795,True
4,[8618-9117],9050,1,men,Featherweight,A: top-240 WITHOUT is_southpaw~null,0.49367088607594944,True
4,[8618-9117],9051,1,men,Middleweight,A: top-240 WITHOUT is_southpaw~null,0.35294117647058826,True
4,[8618-9117],9052,1,men,Lightweight,A: top-240 WITHOUT is_southpaw~null,0.35294117647058826,True
4,[8618-9117],9053,1,men,Lightweight,A: top-240 WITHOUT is_southpaw~null,0.7577639751552795,True
4,[8618-9117],9054,0,men,Welterweight,A: top-240 WITHOUT is_southpaw~null,0.49367088607594944,True
4,[8618-9117],9055,0,men,Flyweight,A: top-240 WITHOUT is_southpaw~null,0.49367088607594944,True
4,[8618-9117],9056,1,men,Lightweight,A: top-240 WITHOUT is_southpaw~null,0.7577639751552795,True
4,[8618-9117],9057,1,men,Welterweight,A: top-240 WITHOUT is_southpaw~null,0.49900887005924954,True
4,[8618-9117],9058,1,men,Heavyweight,A: top-240 WITHOUT is_southpaw~null,0.5374569219192585,True
4,[8618-9117],9059,1,men,Flyweight,A: top-240 WITHOUT is_southpaw~null,0.43243243243243246,True
4,[8618-9117],9060,0,men,Middleweight,A: top-240 WITHOUT is_southpaw~null,0.7577639751552795,True
4,[8618-9117],9061,1,men,Middleweight,A: top-240 WITHOUT is_southpaw~null,0.9921235458845782,True
4,[8618-9117],9062,0,women,Women's Strawweight,A: top-240 WITHOUT is_southpaw~null,0.35294117647058826,False
4,[8618-9117],9063,0,men,Flyweight,A: top-240 WITHOUT is_southpaw~null,0.43243243243243246,True
4,[8618-9117],9064,1,women,Women's Strawweight,A: top-240 WITHOUT is_southpaw~null,0.5555555555555556,False
4,[8618-9117],9065,1,men,Middleweight,A: top-240 WITHOUT is_southpaw~null,0.5,True
4,[8618-9117],9066,1,women,Women's Bantamweight,A: top-240 WITHOUT is_southpaw~null,0.35294117647058826,False
4,[8618-9117],9067,1,men,Lightweight,A: top-240 WITHOUT is_southpaw~null,0.7577639751552795,True
4,[8618-9117],9068,0,men,Light Heavyweight,A: top-240 WITHOUT is_southpaw~null,0.49367088607594944,True
4,[8618-9117],9069,0,men,Bantamweight,A: top-240 WITHOUT is_southpaw~null,0.49367088607594944,True
4,[8618-9117],9070,1,men,Catch Weight,A: top-240 WITHOUT is_southpaw~null,0.717391304347826,True
4,[8618-9117],9071,0,men,Bantamweight,A: top-240 WITHOUT is_southpaw~null,0.5,True
4,[8618-9117],9072,1,men,Featherweight,A: top-240 WITHOUT is_southpaw~null,0.35294117647058826,True
4,[8618-9117],9073,0,men,Welterweight,A: top-240 WITHOUT is_southpaw~null,0.43243243243243246,True
4,[8618-9117],9074,1,men,Featherweight,A: top-240 WITHOUT is_southpaw~null,0.35294117647058826,True
4,[8618-9117],9075,0,women,Women's Strawweight,A: top-240 WITHOUT is_southpaw~null,0.49367088607594944,False
4,[8618-9117],9076,0,men,Welterweight,A: top-240 WITHOUT is_southpaw~null,0.35294117647058826,True
4,[8618-9117],9077,0,men,Featherweight,A: top-240 WITHOUT is_southpaw~null,0.7577639751552795,True
4,[8618-9117],9078,1,women,Women's Strawweight,A: top-240 WITHOUT is_southpaw~null,0.43243243243243246,False
4,[8618-9117],9079,1,men,Bantamweight,A: top-240 WITHOUT is_southpaw~null,0.875,True
4,[8618-9117],9080,0,men,Bantamweight,A: top-240 WITHOUT is_southpaw~null,0.35294117647058826,True
4,[8618-9117],9081,0,men,Middleweight,A: top-240 WITHOUT is_southpaw~null,0.717391304347826,True
4,[8618-9117],9082,1,men,Bantamweight,A: top-240 WITHOUT is_southpaw~null,0.35294117647058826,True
4,[8618-9117],9083,1,men,Heavyweight,A: top-240 WITHOUT is_southpaw~null,0.717391304347826,True
4,[8618-9117],9084,0,men,Light Heavyweight,A: top-240 WITHOUT is_southpaw~null,0.7577639751552795,True
4,[8618-9117],9085,1,men,Bantamweight,A: top-240 WITHOUT is_southpaw~null,0.7577639751552795,True
4,[8618-9117],9086,1,men,Welterweight,A: top-240 WITHOUT is_southpaw~null,0.7577639751552795,True
4,[8618-9117],9087,1,women,Women's Strawweight,A: top-240 WITHOUT is_southpaw~null,0.7577639751552795,False
4,[8618-9117],9088,1,women,Women's Flyweight,A: top-240 WITHOUT is_southpaw~null,0.7577639751552795,False
4,[8618-9117],9089,0,men,Featherweight,A: top-240 WITHOUT is_southpaw~null,0.7577639751552795,True
4,[8618-9117],9090,0,women,Women's Bantamweight,A: top-240 WITHOUT is_southpaw~null,0.35294117647058826,False
4,[8618-9117],9091,0,men,Flyweight,A: top-240 WITHOUT is_southpaw~null,0.717391304347826,True
4,[8618-9117],9092,1,men,Bantamweight,A: top-240 WITHOUT is_southpaw~null,0.5555555555555556,True
4,[8618-9117],9093,1,men,Light Heavyweight,A: top-240 WITHOUT is_southpaw~null,0.7577639751552795,True
4,[8618-9117],9094,1,men,Bantamweight,A: top-240 WITHOUT is_southpaw~null,0.35294117647058826,True
4,[8618-9117],9095,0,men,Lightweight,A: top-240 WITHOUT is_southpaw~null,0.7577639751552795,True
4,[8618-9117],9096,1,men,Middleweight,A: top-240 WITHOUT is_southpaw~null,0.5544521461793633,True
4,[8618-9117],9097,0,men,Welterweight,A: top-240 WITHOUT is_southpaw~null,0.15384615384615385,True
4,[8618-9117],9098,0,men,Catch Weight,A: top-240 WITHOUT is_southpaw~null,0.35294117647058826,True
4,[8618-9117],9099,1,men,Middleweight,A: top-240 WITHOUT is_southpaw~null,0.7577639751552795,True
4,[8618-9117],9100,1,men,Featherweight,A: top-240 WITHOUT is_southpaw~null,0.5555555555555556,True
4,[8618-9117],9101,1,men,Lightweight,A: top-240 WITHOUT is_southpaw~null,0.7577639751552795,True
4,[8618-9117],9102,0,men,Lightweight,A: top-240 WITHOUT is_southpaw~null,0.7577639751552795,True
4,[8618-9117],9103,1,men,Bantamweight,A: top-240 WITHOUT is_southpaw~null,0.8333333333333334,True
4,[8618-9117],9104,0,men,Heavyweight,A: top-240 WITHOUT is_southpaw~null,0.23809523809523808,True
4,[8618-9117],9105,1,men,Heavyweight,A: top-240 WITHOUT is_southpaw~null,0.8333333333333334,True
4,[8618-9117],9106,0,women,Women's Bantamweight,A: top-240 WITHOUT is_southpaw~null,0.35294117647058826,False
4,[8618-9117],9107,1,men,Flyweight,A: top-240 WITHOUT is_southpaw~null,0.5555555555555556,True
4,[8618-9117],9108,0,men,Light Heavyweight,A: top-240 WITHOUT is_southpaw~null,0.43243243243243246,True
4,[8618-9117],9109,0,men,Featherweight,A: top-240 WITHOUT is_southpaw~null,0.23809523809523808,True
4,[8618-9117],9110,0,men,Featherweight,A: top-240 WITHOUT is_southpaw~null,0.35294117647058826,True
4,[8618-9117],9111,1,men,Featherweight,A: top-240 WITHOUT is_southpaw~null,0.8553690036254905,True
4,[8618-9117],9112,0,men,Flyweight,A: top-240 WITHOUT is_southpaw~null,0.875,True
4,[8618-9117],9113,1,women,Women's Bantamweight,A: top-240 WITHOUT is_southpaw~null,0.8482146102322675,False
4,[8618-9117],9114,0,men,Flyweight,A: top-240 WITHOUT is_southpaw~null,0.717391304347826,True
4,[8618-9117],9115,1,men,Featherweight,A: top-240 WITHOUT is_southpaw~null,0.35294117647058826,True
4,[8618-9117],9116,0,men,Welterweight,A: top-240 WITHOUT is_southpaw~null,0.717391304347826,True
4,[8618-9117],9117,1,men,Featherweight,A: top-240 WITHOUT is_southpaw~null,0.717391304347826,True
