gym,fighter_count,example_fighters,google_search_url,google_places_query,resolved_address,latitude,longitude,elevation_m,elevation_ft,google_place_id,lookup_status,notes
011 MMA TEAM,1,Marcos Rogerio de Lima,https://www.google.com/search?q=011+MMA+TEAM+MMA+gym+location+elevation,011 MMA TEAM,,,,,,,pending_google_api_lookup,Elevation intentionally left blank until Google Maps API lookup is run; avoid guessing for ambiguous gym names.
1-2-40 yoshimachi soukashi saitamaken,1,Shinsho Anzai,https://www.google.com/search?q=1-2-40+yoshimachi+soukashi+saitamaken+MMA+gym+location+elevation,1-2-40 yoshimachi soukashi saitamaken,,,,,,,pending_google_api_lookup,Elevation intentionally left blank until Google Maps API lookup is run; avoid guessing for ambiguous gym names.
10th Planet Jiu-Jitsu,1,Daniel Rodriguez,https://www.google.com/search?q=10th+Planet+Jiu-Jitsu+MMA+gym+location+elevation,10th Planet Jiu-Jitsu,,,,,,,pending_google_api_lookup,Elevation intentionally left blank until Google Maps API lookup is run; avoid guessing for ambiguous gym names.
4oz Fight Club,5,Dakota Hope; Daniel Pineda; Derrick Lewis; Joshua Van; Michael Aswell Jr.,https://www.google.com/search?q=4oz+Fight+Club+MMA+gym+location+elevation,4oz Fight Club,,,,,,,pending_google_api_lookup,Elevation intentionally left blank until Google Maps API lookup is run; avoid guessing for ambiguous gym names.
"4oz Fight Club, Aztlan Boxing",1,Alden Coria,https://www.google.com/search?q=4oz+Fight+Club%2C+Aztlan+Boxing+MMA+gym+location+elevation,"4oz Fight Club, Aztlan Boxing",,,,,,,pending_google_api_lookup,Elevation intentionally left blank until Google Maps API lookup is run; avoid guessing for ambiguous gym names.
971 MMA,1,Mounir Lazzez,https://www.google.com/search?q=971+MMA+MMA+gym+location+elevation,971 MMA,,,,,,,pending_google_api_lookup,Elevation intentionally left blank until Google Maps API lookup is run; avoid guessing for ambiguous gym names.
Abdulmanap Nurmagomedov School,1,Muslim Salikhov,https://www.google.com/search?q=Abdulmanap+Nurmagomedov+School+MMA+gym+location+elevation,Abdulmanap Nurmagomedov School,,,,,,,pending_google_api_lookup,Elevation intentionally left blank until Google Maps API lookup is run; avoid guessing for ambiguous gym names.
ABJJ + Gracie Barra Alaska,1,Jared Cannonier,https://www.google.com/search?q=ABJJ+%2B+Gracie+Barra+Alaska+MMA+gym+location+elevation,ABJJ + Gracie Barra Alaska,,,,,,,pending_google_api_lookup,Elevation intentionally left blank until Google Maps API lookup is run; avoid guessing for ambiguous gym names.
Absolute MMA,1,Kaan Ofli,https://www.google.com/search?q=Absolute+MMA+MMA+gym+location+elevation,Absolute MMA,,,,,,,pending_google_api_lookup,Elevation intentionally left blank until Google Maps API lookup is run; avoid guessing for ambiguous gym names.
Absolute MMA and Fitness,1,Ricky Glenn,https://www.google.com/search?q=Absolute+MMA+and+Fitness+MMA+gym+location+elevation,Absolute MMA and Fitness,,,,,,,pending_google_api_lookup,Elevation intentionally left blank until Google Maps API lookup is run; avoid guessing for ambiguous gym names.
Absoluto Fighting Center,1,Cristina Stanciu,https://www.google.com/search?q=Absoluto+Fighting+Center+MMA+gym+location+elevation,Absoluto Fighting Center,,,,,,,pending_google_api_lookup,Elevation intentionally left blank until Google Maps API lookup is run; avoid guessing for ambiguous gym names.
Academa CM System,1,Elizeu Zaleski dos Santos,https://www.google.com/search?q=Academa+CM+System+MMA+gym+location+elevation,Academa CM System,,,,,,,pending_google_api_lookup,Elevation intentionally left blank until Google Maps API lookup is run; avoid guessing for ambiguous gym names.
Academia Corinthians - Sao Paulo,1,Douglas Silva de Andrade,https://www.google.com/search?q=Academia+Corinthians+-+Sao+Paulo+MMA+gym+location+elevation,Academia Corinthians - Sao Paulo,,,,,,,pending_google_api_lookup,Elevation intentionally left blank until Google Maps API lookup is run; avoid guessing for ambiguous gym names.
Academia Fight House,1,Virna Jandiroba,https://www.google.com/search?q=Academia+Fight+House+MMA+gym+location+elevation,Academia Fight House,,,,,,,pending_google_api_lookup,Elevation intentionally left blank until Google Maps API lookup is run; avoid guessing for ambiguous gym names.
Academia Octógono,1,Manoel Sousa,https://www.google.com/search?q=Academia+Oct%C3%B3gono+MMA+gym+location+elevation,Academia Octógono,,,,,,,pending_google_api_lookup,Elevation intentionally left blank until Google Maps API lookup is run; avoid guessing for ambiguous gym names.
Academia Ribas Family / Team LJ combat,1,Alexia Thainara,https://www.google.com/search?q=Academia+Ribas+Family+%2F+Team+LJ+combat+MMA+gym+location+elevation,Academia Ribas Family / Team LJ combat,,,,,,,pending_google_api_lookup,Elevation intentionally left blank until Google Maps API lookup is run; avoid guessing for ambiguous gym names.
"Academia Sidney, Sao Paulo",1,Reginaldo Vieira,https://www.google.com/search?q=Academia+Sidney%2C+Sao+Paulo+MMA+gym+location+elevation,"Academia Sidney, Sao Paulo",,,,,,,pending_google_api_lookup,Elevation intentionally left blank until Google Maps API lookup is run; avoid guessing for ambiguous gym names.
"Academy of Combat Arts (ACA) Fargo, ND",1,Timothy Johnson,https://www.google.com/search?q=Academy+of+Combat+Arts+%28ACA%29+Fargo%2C+ND+MMA+gym+location+elevation,"Academy of Combat Arts (ACA) Fargo, ND",,,,,,,pending_google_api_lookup,Elevation intentionally left blank until Google Maps API lookup is run; avoid guessing for ambiguous gym names.
AFC VILLALBA / BJJ GANDO,1,Hecher Sosa,https://www.google.com/search?q=AFC+VILLALBA+%2F+BJJ+GANDO+MMA+gym+location+elevation,AFC VILLALBA / BJJ GANDO,,,,,,,pending_google_api_lookup,Elevation intentionally left blank until Google Maps API lookup is run; avoid guessing for ambiguous gym names.
Agema Jiu-Jitsu,1,Court McGee,https://www.google.com/search?q=Agema+Jiu-Jitsu+MMA+gym+location+elevation,Agema Jiu-Jitsu,,,,,,,pending_google_api_lookup,Elevation intentionally left blank until Google Maps API lookup is run; avoid guessing for ambiguous gym names.
AKA (American Kickboxing Academy) San Jose,7,Alejandro Pérez; Cain Velasquez; Daniel Cormier; Gabriel Benitez; Islam Makhachev,https://www.google.com/search?q=AKA+%28American+Kickboxing+Academy%29+San+Jose+MMA+gym+location+elevation,AKA (American Kickboxing Academy) San Jose,,,,,,,pending_google_api_lookup,Elevation intentionally left blank until Google Maps API lookup is run; avoid guessing for ambiguous gym names.
AKA - Thailand,1,Mark Hunt,https://www.google.com/search?q=AKA+-+Thailand+MMA+gym+location+elevation,AKA - Thailand,,,,,,,pending_google_api_lookup,Elevation intentionally left blank until Google Maps API lookup is run; avoid guessing for ambiguous gym names.
AKA / Eagles MMA,1,Tagir Ulanbekov,https://www.google.com/search?q=AKA+%2F+Eagles+MMA+MMA+gym+location+elevation,AKA / Eagles MMA,,,,,,,pending_google_api_lookup,Elevation intentionally left blank until Google Maps API lookup is run; avoid guessing for ambiguous gym names.
Akhmat Fight Club,1,Ruslan Magomedov,https://www.google.com/search?q=Akhmat+Fight+Club+MMA+gym+location+elevation,Akhmat Fight Club,,,,,,,pending_google_api_lookup,Elevation intentionally left blank until Google Maps API lookup is run; avoid guessing for ambiguous gym names.
"Alan Belcher MMA - Diberville, MS",1,Jason Knight,https://www.google.com/search?q=Alan+Belcher+MMA+-+Diberville%2C+MS+MMA+gym+location+elevation,"Alan Belcher MMA - Diberville, MS",,,,,,,pending_google_api_lookup,Elevation intentionally left blank until Google Maps API lookup is run; avoid guessing for ambiguous gym names.
Alavanca,1,Melissa Croden,https://www.google.com/search?q=Alavanca+MMA+gym+location+elevation,Alavanca,,,,,,,pending_google_api_lookup,Elevation intentionally left blank until Google Maps API lookup is run; avoid guessing for ambiguous gym names.
Aligatores Fight Club,1,Iwo Baraniewski,https://www.google.com/search?q=Aligatores+Fight+Club+MMA+gym+location+elevation,Aligatores Fight Club,,,,,,,pending_google_api_lookup,Elevation intentionally left blank until Google Maps API lookup is run; avoid guessing for ambiguous gym names.
All In MMA,1,Francisco Rivera,https://www.google.com/search?q=All+In+MMA+MMA+gym+location+elevation,All In MMA,,,,,,,pending_google_api_lookup,Elevation intentionally left blank until Google Maps API lookup is run; avoid guessing for ambiguous gym names.
Alliance MMA,2,Dwight Grant; Matt Sayles,https://www.google.com/search?q=Alliance+MMA+MMA+gym+location+elevation,Alliance MMA,,,,,,,pending_google_api_lookup,Elevation intentionally left blank until Google Maps API lookup is run; avoid guessing for ambiguous gym names.
Alliance MMA - Chula Vista,8,Angela Magana; Bec Rawlings; Erik Perez; Jeremy Stephens; Jessica Penne,https://www.google.com/search?q=Alliance+MMA+-+Chula+Vista+MMA+gym+location+elevation,Alliance MMA - Chula Vista,,,,,,,pending_google_api_lookup,Elevation intentionally left blank until Google Maps API lookup is run; avoid guessing for ambiguous gym names.
Alliance Training Center East -Santee,2,Dominick Cruz; Myles Jury,https://www.google.com/search?q=Alliance+Training+Center+East+-Santee+MMA+gym+location+elevation,Alliance Training Center East -Santee,,,,,,,pending_google_api_lookup,Elevation intentionally left blank until Google Maps API lookup is run; avoid guessing for ambiguous gym names.
Allstars Training Center,6,Alexander Gustafsson; David Teymur; Josefine Knutsson; Mark Vologdin; Reza Madadi,https://www.google.com/search?q=Allstars+Training+Center+MMA+gym+location+elevation,Allstars Training Center,,,,,,,pending_google_api_lookup,Elevation intentionally left blank until Google Maps API lookup is run; avoid guessing for ambiguous gym names.
"Allstars Training Center - Stockholm, Sweden",1,Ilir Latifi,https://www.google.com/search?q=Allstars+Training+Center+-+Stockholm%2C+Sweden+MMA+gym+location+elevation,"Allstars Training Center - Stockholm, Sweden",,,,,,,pending_google_api_lookup,Elevation intentionally left blank until Google Maps API lookup is run; avoid guessing for ambiguous gym names.
Allstarts Gym,3,Benardo Sopaj; Guram Kutateladze; Makwan Amirkhani,https://www.google.com/search?q=Allstarts+Gym+MMA+gym+location+elevation,Allstarts Gym,,,,,,,pending_google_api_lookup,Elevation intentionally left blank until Google Maps API lookup is run; avoid guessing for ambiguous gym names.
"AMC Pankration, Kirkland, WA",1,Demetrious Johnson,https://www.google.com/search?q=AMC+Pankration%2C+Kirkland%2C+WA+MMA+gym+location+elevation,"AMC Pankration, Kirkland, WA",,,,,,,pending_google_api_lookup,Elevation intentionally left blank until Google Maps API lookup is run; avoid guessing for ambiguous gym names.
American Kickboxing Academy (AKA),1,Deron Winn,https://www.google.com/search?q=American+Kickboxing+Academy+%28AKA%29+MMA+gym+location+elevation,American Kickboxing Academy (AKA),,,,,,,pending_google_api_lookup,Elevation intentionally left blank until Google Maps API lookup is run; avoid guessing for ambiguous gym names.
American Top Team,38,Alexandre Pantoja; Austin Vanderford; Azamat Bekoev; Bia Mesquita; Bo Nickal,https://www.google.com/search?q=American+Top+Team+MMA+gym+location+elevation,American Top Team,,,,,,,pending_google_api_lookup,Elevation intentionally left blank until Google Maps API lookup is run; avoid guessing for ambiguous gym names.
"American Top Team - Atlanta, GA",2,Dhiego Lima; Roan Carneiro,https://www.google.com/search?q=American+Top+Team+-+Atlanta%2C+GA+MMA+gym+location+elevation,"American Top Team - Atlanta, GA",,,,,,,pending_google_api_lookup,Elevation intentionally left blank until Google Maps API lookup is run; avoid guessing for ambiguous gym names.
"American Top Team - OKC, OK",1,Jerrod Sanders,https://www.google.com/search?q=American+Top+Team+-+OKC%2C+OK+MMA+gym+location+elevation,"American Top Team - OKC, OK",,,,,,,pending_google_api_lookup,Elevation intentionally left blank until Google Maps API lookup is run; avoid guessing for ambiguous gym names.
"American Top Team - Orlando, FL",1,Alex Nicholson,https://www.google.com/search?q=American+Top+Team+-+Orlando%2C+FL+MMA+gym+location+elevation,"American Top Team - Orlando, FL",,,,,,,pending_google_api_lookup,Elevation intentionally left blank until Google Maps API lookup is run; avoid guessing for ambiguous gym names.
"American Top Team ATT Coconut Creek, FL",31,Adriano Martins; Andrei Arlovski; Antonio Carlos Junior; Antonio Silva; Brad Pickett,https://www.google.com/search?q=American+Top+Team+ATT+Coconut+Creek%2C+FL+MMA+gym+location+elevation,"American Top Team ATT Coconut Creek, FL",,,,,,,pending_google_api_lookup,Elevation intentionally left blank until Google Maps API lookup is run; avoid guessing for ambiguous gym names.
American Top Team Europe - Zagreb,1,Igor Pokrajac,https://www.google.com/search?q=American+Top+Team+Europe+-+Zagreb+MMA+gym+location+elevation,American Top Team Europe - Zagreb,,,,,,,pending_google_api_lookup,Elevation intentionally left blank until Google Maps API lookup is run; avoid guessing for ambiguous gym names.
American Top Team Zagreb,1,Aleksandar Rakić,https://www.google.com/search?q=American+Top+Team+Zagreb+MMA+gym+location+elevation,American Top Team Zagreb,,,,,,,pending_google_api_lookup,Elevation intentionally left blank until Google Maps API lookup is run; avoid guessing for ambiguous gym names.
"American Top Team, Grappling Kraków",1,Robert Ruchala,https://www.google.com/search?q=American+Top+Team%2C+Grappling+Krak%C3%B3w+MMA+gym+location+elevation,"American Top Team, Grappling Kraków",,,,,,,pending_google_api_lookup,Elevation intentionally left blank until Google Maps API lookup is run; avoid guessing for ambiguous gym names.
Anchorage Brazilian Jiu Jitsu,1,Uroš Medić,https://www.google.com/search?q=Anchorage+Brazilian+Jiu+Jitsu+MMA+gym+location+elevation,Anchorage Brazilian Jiu Jitsu,,,,,,,pending_google_api_lookup,Elevation intentionally left blank until Google Maps API lookup is run; avoid guessing for ambiguous gym names.
Ankos MMA,1,Klaudia Sygula,https://www.google.com/search?q=Ankos+MMA+MMA+gym+location+elevation,Ankos MMA,,,,,,,pending_google_api_lookup,Elevation intentionally left blank until Google Maps API lookup is run; avoid guessing for ambiguous gym names.
"Ankos MMA - Zabikowska 66, Lubon",1,Veronica Hardy,https://www.google.com/search?q=Ankos+MMA+-+Zabikowska+66%2C+Lubon+MMA+gym+location+elevation,"Ankos MMA - Zabikowska 66, Lubon",,,,,,,pending_google_api_lookup,Elevation intentionally left blank until Google Maps API lookup is run; avoid guessing for ambiguous gym names.
"Ankos MMA - Zapaśniczy 67, Warszawa",1,Jan Błachowicz,https://www.google.com/search?q=Ankos+MMA+-+Zapa%C5%9Bniczy+67%2C+Warszawa+MMA+gym+location+elevation,"Ankos MMA - Zapaśniczy 67, Warszawa",,,,,,,pending_google_api_lookup,Elevation intentionally left blank until Google Maps API lookup is run; avoid guessing for ambiguous gym names.
Ankos Zapasy Warszwa-Wcawarszawa,1,Daniel Omielanczuk,https://www.google.com/search?q=Ankos+Zapasy+Warszwa-Wcawarszawa+MMA+gym+location+elevation,Ankos Zapasy Warszwa-Wcawarszawa,,,,,,,pending_google_api_lookup,Elevation intentionally left blank until Google Maps API lookup is run; avoid guessing for ambiguous gym names.
Apex MMA,1,Andre Ewell,https://www.google.com/search?q=Apex+MMA+MMA+gym+location+elevation,Apex MMA,,,,,,,pending_google_api_lookup,Elevation intentionally left blank until Google Maps API lookup is run; avoid guessing for ambiguous gym names.
Arizona Combat Sports,1,Tyrell Fortune,https://www.google.com/search?q=Arizona+Combat+Sports+MMA+gym+location+elevation,Arizona Combat Sports,,,,,,,pending_google_api_lookup,Elevation intentionally left blank until Google Maps API lookup is run; avoid guessing for ambiguous gym names.
"Arizona combat sports/mma lab phoenix, az",1,John Moraga,https://www.google.com/search?q=Arizona+combat+sports%2Fmma+lab+phoenix%2C+az+MMA+gym+location+elevation,"Arizona combat sports/mma lab phoenix, az",,,,,,,pending_google_api_lookup,Elevation intentionally left blank until Google Maps API lookup is run; avoid guessing for ambiguous gym names.
ARRACHION OLSZTYN,1,Joanna Jędrzejczyk,https://www.google.com/search?q=ARRACHION+OLSZTYN+MMA+gym+location+elevation,ARRACHION OLSZTYN,,,,,,,pending_google_api_lookup,Elevation intentionally left blank until Google Maps API lookup is run; avoid guessing for ambiguous gym names.
Ascensino MMA,1,Raphael Assunção,https://www.google.com/search?q=Ascensino+MMA+MMA+gym+location+elevation,Ascensino MMA,,,,,,,pending_google_api_lookup,Elevation intentionally left blank until Google Maps API lookup is run; avoid guessing for ambiguous gym names.
Astra Fight Team,2,Darren Till; Glaico Franca,https://www.google.com/search?q=Astra+Fight+Team+MMA+gym+location+elevation,Astra Fight Team,,,,,,,pending_google_api_lookup,Elevation intentionally left blank until Google Maps API lookup is run; avoid guessing for ambiguous gym names.
ASW (Manchester),1,Scott Askham,https://www.google.com/search?q=ASW+%28Manchester%29+MMA+gym+location+elevation,ASW (Manchester),,,,,,,pending_google_api_lookup,Elevation intentionally left blank until Google Maps API lookup is run; avoid guessing for ambiguous gym names.
Atreus MMA,1,Amir Albazi,https://www.google.com/search?q=Atreus+MMA+MMA+gym+location+elevation,Atreus MMA,,,,,,,pending_google_api_lookup,Elevation intentionally left blank until Google Maps API lookup is run; avoid guessing for ambiguous gym names.
Austin Kickboxing Academy,1,Daniel Jolly,https://www.google.com/search?q=Austin+Kickboxing+Academy+MMA+gym+location+elevation,Austin Kickboxing Academy,,,,,,,pending_google_api_lookup,Elevation intentionally left blank until Google Maps API lookup is run; avoid guessing for ambiguous gym names.
"Ban Team, Vila Velebita 1G Zagreb",1,Filip Pejic,https://www.google.com/search?q=Ban+Team%2C+Vila+Velebita+1G+Zagreb+MMA+gym+location+elevation,"Ban Team, Vila Velebita 1G Zagreb",,,,,,,pending_google_api_lookup,Elevation intentionally left blank until Google Maps API lookup is run; avoid guessing for ambiguous gym names.
Bang Muay Thai,1,Trevor Peek,https://www.google.com/search?q=Bang+Muay+Thai+MMA+gym+location+elevation,Bang Muay Thai,,,,,,,pending_google_api_lookup,Elevation intentionally left blank until Google Maps API lookup is run; avoid guessing for ambiguous gym names.
Bangtao Muay Thai,1,Casey O'Neill,https://www.google.com/search?q=Bangtao+Muay+Thai+MMA+gym+location+elevation,Bangtao Muay Thai,,,,,,,pending_google_api_lookup,Elevation intentionally left blank until Google Maps API lookup is run; avoid guessing for ambiguous gym names.
Bangtao Muay Thai and MMA,1,Zhang Mingyang,https://www.google.com/search?q=Bangtao+Muay+Thai+and+MMA+MMA+gym+location+elevation,Bangtao Muay Thai and MMA,,,,,,,pending_google_api_lookup,Elevation intentionally left blank until Google Maps API lookup is run; avoid guessing for ambiguous gym names.
"Banks MMA - Tampa, FL",1,Geane Herrera,https://www.google.com/search?q=Banks+MMA+-+Tampa%2C+FL+MMA+gym+location+elevation,"Banks MMA - Tampa, FL",,,,,,,pending_google_api_lookup,Elevation intentionally left blank until Google Maps API lookup is run; avoid guessing for ambiguous gym names.
Beijing Black Tiger,1,Song Kenan,https://www.google.com/search?q=Beijing+Black+Tiger+MMA+gym+location+elevation,Beijing Black Tiger,,,,,,,pending_google_api_lookup,Elevation intentionally left blank until Google Maps API lookup is run; avoid guessing for ambiguous gym names.
Bellmore Kickboxing (NY),2,Gian Villante; Gregor Gillespie,https://www.google.com/search?q=Bellmore+Kickboxing+%28NY%29+MMA+gym+location+elevation,Bellmore Kickboxing (NY),,,,,,,pending_google_api_lookup,Elevation intentionally left blank until Google Maps API lookup is run; avoid guessing for ambiguous gym names.
BK MMA,1,Timmy Cuamba,https://www.google.com/search?q=BK+MMA+MMA+gym+location+elevation,BK MMA,,,,,,,pending_google_api_lookup,Elevation intentionally left blank until Google Maps API lookup is run; avoid guessing for ambiguous gym names.
BKK / Tristar,1,Arnold Allen,https://www.google.com/search?q=BKK+%2F+Tristar+MMA+gym+location+elevation,BKK / Tristar,,,,,,,pending_google_api_lookup,Elevation intentionally left blank until Google Maps API lookup is run; avoid guessing for ambiguous gym names.
Black Combat,1,SuYoung You,https://www.google.com/search?q=Black+Combat+MMA+gym+location+elevation,Black Combat,,,,,,,pending_google_api_lookup,Elevation intentionally left blank until Google Maps API lookup is run; avoid guessing for ambiguous gym names.
Black House MMA,7,Alan Jouban; James Moontasri; Justine Kish; Kevin Casey; Lyoto Machida,https://www.google.com/search?q=Black+House+MMA+MMA+gym+location+elevation,Black House MMA,,,,,,,pending_google_api_lookup,Elevation intentionally left blank until Google Maps API lookup is run; avoid guessing for ambiguous gym names.
"Blackzilians - Boca Raton, FL",9,Abel Trujillo; Anthony Johnson; Cezar Ferreira; Danny Roberts; Kamaru Usman,https://www.google.com/search?q=Blackzilians+-+Boca+Raton%2C+FL+MMA+gym+location+elevation,"Blackzilians - Boca Raton, FL",,,,,,,pending_google_api_lookup,Elevation intentionally left blank until Google Maps API lookup is run; avoid guessing for ambiguous gym names.
Bloodline Combat Sports,1,Rafa Garcia,https://www.google.com/search?q=Bloodline+Combat+Sports+MMA+gym+location+elevation,Bloodline Combat Sports,,,,,,,pending_google_api_lookup,Elevation intentionally left blank until Google Maps API lookup is run; avoid guessing for ambiguous gym names.
Bloodline CSA,1,Lerryan Douglas,https://www.google.com/search?q=Bloodline+CSA+MMA+gym+location+elevation,Bloodline CSA,,,,,,,pending_google_api_lookup,Elevation intentionally left blank until Google Maps API lookup is run; avoid guessing for ambiguous gym names.
BMF Ranch,1,Donald Cerrone,https://www.google.com/search?q=BMF+Ranch+MMA+gym+location+elevation,BMF Ranch,,,,,,,pending_google_api_lookup,Elevation intentionally left blank until Google Maps API lookup is run; avoid guessing for ambiguous gym names.
Bonebreakers Central,1,Augusto Montano,https://www.google.com/search?q=Bonebreakers+Central+MMA+gym+location+elevation,Bonebreakers Central,,,,,,,pending_google_api_lookup,Elevation intentionally left blank until Google Maps API lookup is run; avoid guessing for ambiguous gym names.
Bonfim Brothers Academy,1,Gabriel Bonfim,https://www.google.com/search?q=Bonfim+Brothers+Academy+MMA+gym+location+elevation,Bonfim Brothers Academy,,,,,,,pending_google_api_lookup,Elevation intentionally left blank until Google Maps API lookup is run; avoid guessing for ambiguous gym names.
Brazilian TKO,1,Brunno Ferreira,https://www.google.com/search?q=Brazilian+TKO+MMA+gym+location+elevation,Brazilian TKO,,,,,,,pending_google_api_lookup,Elevation intentionally left blank until Google Maps API lookup is run; avoid guessing for ambiguous gym names.
Brazilian Top Team,2,Charles Jourdain; Jose Delano,https://www.google.com/search?q=Brazilian+Top+Team+MMA+gym+location+elevation,Brazilian Top Team,,,,,,,pending_google_api_lookup,Elevation intentionally left blank until Google Maps API lookup is run; avoid guessing for ambiguous gym names.
Brazilian Warriors / Lobo Gym,1,Diego Lopes,https://www.google.com/search?q=Brazilian+Warriors+%2F+Lobo+Gym+MMA+gym+location+elevation,Brazilian Warriors / Lobo Gym,,,,,,,pending_google_api_lookup,Elevation intentionally left blank until Google Maps API lookup is run; avoid guessing for ambiguous gym names.
Brett Mason's Elite Combat Academy,1,Victoria Leonardo,https://www.google.com/search?q=Brett+Mason%27s+Elite+Combat+Academy+MMA+gym+location+elevation,Brett Mason's Elite Combat Academy,,,,,,,pending_google_api_lookup,Elevation intentionally left blank until Google Maps API lookup is run; avoid guessing for ambiguous gym names.
Bronx's Gold Team,1,Charles Oliveira,https://www.google.com/search?q=Bronx%27s+Gold+Team+MMA+gym+location+elevation,Bronx's Gold Team,,,,,,,pending_google_api_lookup,Elevation intentionally left blank until Google Maps API lookup is run; avoid guessing for ambiguous gym names.
Brunsons MMA and Fitness,1,Allen Frye Jr.,https://www.google.com/search?q=Brunsons+MMA+and+Fitness+MMA+gym+location+elevation,Brunsons MMA and Fitness,,,,,,,pending_google_api_lookup,Elevation intentionally left blank until Google Maps API lookup is run; avoid guessing for ambiguous gym names.
BST Academy,1,Jordan Vucenic,https://www.google.com/search?q=BST+Academy+MMA+gym+location+elevation,BST Academy,,,,,,,pending_google_api_lookup,Elevation intentionally left blank until Google Maps API lookup is run; avoid guessing for ambiguous gym names.
BTT Canada,1,Patrick Cote,https://www.google.com/search?q=BTT+Canada+MMA+gym+location+elevation,BTT Canada,,,,,,,pending_google_api_lookup,Elevation intentionally left blank until Google Maps API lookup is run; avoid guessing for ambiguous gym names.
Budokan Martial Arts,1,Randy Brown,https://www.google.com/search?q=Budokan+Martial+Arts+MMA+gym+location+elevation,Budokan Martial Arts,,,,,,,pending_google_api_lookup,Elevation intentionally left blank until Google Maps API lookup is run; avoid guessing for ambiguous gym names.
Bulgarian Top Team,1,Oumar Sy,https://www.google.com/search?q=Bulgarian+Top+Team+MMA+gym+location+elevation,Bulgarian Top Team,,,,,,,pending_google_api_lookup,Elevation intentionally left blank until Google Maps API lookup is run; avoid guessing for ambiguous gym names.
Bulldog Boxing,1,Ramon Taveras,https://www.google.com/search?q=Bulldog+Boxing+MMA+gym+location+elevation,Bulldog Boxing,,,,,,,pending_google_api_lookup,Elevation intentionally left blank until Google Maps API lookup is run; avoid guessing for ambiguous gym names.
Bulldozer MMA,1,Tanner Boser,https://www.google.com/search?q=Bulldozer+MMA+MMA+gym+location+elevation,Bulldozer MMA,,,,,,,pending_google_api_lookup,Elevation intentionally left blank until Google Maps API lookup is run; avoid guessing for ambiguous gym names.
Bushido Academy Avignon,1,Cyril Asker,https://www.google.com/search?q=Bushido+Academy+Avignon+MMA+gym+location+elevation,Bushido Academy Avignon,,,,,,,pending_google_api_lookup,Elevation intentionally left blank until Google Maps API lookup is run; avoid guessing for ambiguous gym names.
California Mixed Martial Arts,1,Chris Padilla,https://www.google.com/search?q=California+Mixed+Martial+Arts+MMA+gym+location+elevation,California Mixed Martial Arts,,,,,,,pending_google_api_lookup,Elevation intentionally left blank until Google Maps API lookup is run; avoid guessing for ambiguous gym names.
Carioca Academy,1,Ketlen Souza,https://www.google.com/search?q=Carioca+Academy+MMA+gym+location+elevation,Carioca Academy,,,,,,,pending_google_api_lookup,Elevation intentionally left blank until Google Maps API lookup is run; avoid guessing for ambiguous gym names.
Carolina Combat Sports and Fitness,1,Bryan Battle,https://www.google.com/search?q=Carolina+Combat+Sports+and+Fitness+MMA+gym+location+elevation,Carolina Combat Sports and Fitness,,,,,,,pending_google_api_lookup,Elevation intentionally left blank until Google Maps API lookup is run; avoid guessing for ambiguous gym names.
Cave MMA Academy,1,Mizuto Hirota,https://www.google.com/search?q=Cave+MMA+Academy+MMA+gym+location+elevation,Cave MMA Academy,,,,,,,pending_google_api_lookup,Elevation intentionally left blank until Google Maps API lookup is run; avoid guessing for ambiguous gym names.
Central Coast MMA,1,Jamie Mullarkey,https://www.google.com/search?q=Central+Coast+MMA+MMA+gym+location+elevation,Central Coast MMA,,,,,,,pending_google_api_lookup,Elevation intentionally left blank until Google Maps API lookup is run; avoid guessing for ambiguous gym names.
Central Valley Combat Academy,1,Joe Soto,https://www.google.com/search?q=Central+Valley+Combat+Academy+MMA+gym+location+elevation,Central Valley Combat Academy,,,,,,,pending_google_api_lookup,Elevation intentionally left blank until Google Maps API lookup is run; avoid guessing for ambiguous gym names.
Centro Deportivo Tíbet,1,Joel Álvarez,https://www.google.com/search?q=Centro+Deportivo+T%C3%ADbet+MMA+gym+location+elevation,Centro Deportivo Tíbet,,,,,,,pending_google_api_lookup,Elevation intentionally left blank until Google Maps API lookup is run; avoid guessing for ambiguous gym names.
Cerrado MMA,1,Ismael Bonfim,https://www.google.com/search?q=Cerrado+MMA+MMA+gym+location+elevation,Cerrado MMA,,,,,,,pending_google_api_lookup,Elevation intentionally left blank until Google Maps API lookup is run; avoid guessing for ambiguous gym names.
Cesar Gracie Fight Team,1,Nick Diaz,https://www.google.com/search?q=Cesar+Gracie+Fight+Team+MMA+gym+location+elevation,Cesar Gracie Fight Team,,,,,,,pending_google_api_lookup,Elevation intentionally left blank until Google Maps API lookup is run; avoid guessing for ambiguous gym names.
Champions Creed MMA,2,Chad Anheliger; Hakeem Dawodu,https://www.google.com/search?q=Champions+Creed+MMA+MMA+gym+location+elevation,Champions Creed MMA,,,,,,,pending_google_api_lookup,Elevation intentionally left blank until Google Maps API lookup is run; avoid guessing for ambiguous gym names.
Checkmat Vancouver,1,Tristan Connelly,https://www.google.com/search?q=Checkmat+Vancouver+MMA+gym+location+elevation,Checkmat Vancouver,,,,,,,pending_google_api_lookup,Elevation intentionally left blank until Google Maps API lookup is run; avoid guessing for ambiguous gym names.
"Chicago Fight Team - Chicago, IL",1,Horacio Gutierrez,https://www.google.com/search?q=Chicago+Fight+Team+-+Chicago%2C+IL+MMA+gym+location+elevation,"Chicago Fight Team - Chicago, IL",,,,,,,pending_google_api_lookup,Elevation intentionally left blank until Google Maps API lookup is run; avoid guessing for ambiguous gym names.
China Team,1,Bruno Lopes,https://www.google.com/search?q=China+Team+MMA+gym+location+elevation,China Team,,,,,,,pending_google_api_lookup,Elevation intentionally left blank until Google Maps API lookup is run; avoid guessing for ambiguous gym names.
China Top Team Beijing,2,Li Jingliang; Yan Xiaonan,https://www.google.com/search?q=China+Top+Team+Beijing+MMA+gym+location+elevation,China Top Team Beijing,,,,,,,pending_google_api_lookup,Elevation intentionally left blank until Google Maps API lookup is run; avoid guessing for ambiguous gym names.
"China Top Team SidDaoKou Street, Haidian Diserice",1,Yao Zhikui,https://www.google.com/search?q=China+Top+Team+SidDaoKou+Street%2C+Haidian+Diserice+MMA+gym+location+elevation,"China Top Team SidDaoKou Street, Haidian Diserice",,,,,,,pending_google_api_lookup,Elevation intentionally left blank until Google Maps API lookup is run; avoid guessing for ambiguous gym names.
Church St Boxing Gym,1,Phillipe Nover,https://www.google.com/search?q=Church+St+Boxing+Gym+MMA+gym+location+elevation,Church St Boxing Gym,,,,,,,pending_google_api_lookup,Elevation intentionally left blank until Google Maps API lookup is run; avoid guessing for ambiguous gym names.
Chute Boxe,9,Allan Nascimento; Andre Lima; Daniel Santos; Elves Brener; Jose Ochoa,https://www.google.com/search?q=Chute+Boxe+MMA+gym+location+elevation,Chute Boxe,,,,,,,pending_google_api_lookup,Elevation intentionally left blank until Google Maps API lookup is run; avoid guessing for ambiguous gym names.
Chute Boxe - Sao Paulo,1,Thomas Almeida,https://www.google.com/search?q=Chute+Boxe+-+Sao+Paulo+MMA+gym+location+elevation,Chute Boxe - Sao Paulo,,,,,,,pending_google_api_lookup,Elevation intentionally left blank until Google Maps API lookup is run; avoid guessing for ambiguous gym names.
Chute Boxe Monstro,1,Rafael Tobias,https://www.google.com/search?q=Chute+Boxe+Monstro+MMA+gym+location+elevation,Chute Boxe Monstro,,,,,,,pending_google_api_lookup,Elevation intentionally left blank until Google Maps API lookup is run; avoid guessing for ambiguous gym names.
CIT MMA,1,Dricus Du Plessis,https://www.google.com/search?q=CIT+MMA+MMA+gym+location+elevation,CIT MMA,,,,,,,pending_google_api_lookup,Elevation intentionally left blank until Google Maps API lookup is run; avoid guessing for ambiguous gym names.
City Kickboxing,12,Blood Diamond; Brad Riddell; Brando Peričić; Cam Rowston; Carlos Ulberg,https://www.google.com/search?q=City+Kickboxing+MMA+gym+location+elevation,City Kickboxing,,,,,,,pending_google_api_lookup,Elevation intentionally left blank until Google Maps API lookup is run; avoid guessing for ambiguous gym names.
"Classic Fight Team, Costa Mesa CA",2,Kay Hansen; Matthew Lopez,https://www.google.com/search?q=Classic+Fight+Team%2C+Costa+Mesa+CA+MMA+gym+location+elevation,"Classic Fight Team, Costa Mesa CA",,,,,,,pending_google_api_lookup,Elevation intentionally left blank until Google Maps API lookup is run; avoid guessing for ambiguous gym names.
Cloud Akiyama,1,Yoshihiro Akiyama,https://www.google.com/search?q=Cloud+Akiyama+MMA+gym+location+elevation,Cloud Akiyama,,,,,,,pending_google_api_lookup,Elevation intentionally left blank until Google Maps API lookup is run; avoid guessing for ambiguous gym names.
CM System,2,Felipe Silva; Vitor Petrino,https://www.google.com/search?q=CM+System+MMA+gym+location+elevation,CM System,,,,,,,pending_google_api_lookup,Elevation intentionally left blank until Google Maps API lookup is run; avoid guessing for ambiguous gym names.
"Coalizao - Belem, Brazil",1,Michel Prazeres,https://www.google.com/search?q=Coalizao+-+Belem%2C+Brazil+MMA+gym+location+elevation,"Coalizao - Belem, Brazil",,,,,,,pending_google_api_lookup,Elevation intentionally left blank until Google Maps API lookup is run; avoid guessing for ambiguous gym names.
Cobra Kai Victorville,1,Dominick Reyes,https://www.google.com/search?q=Cobra+Kai+Victorville+MMA+gym+location+elevation,Cobra Kai Victorville,,,,,,,pending_google_api_lookup,Elevation intentionally left blank until Google Maps API lookup is run; avoid guessing for ambiguous gym names.
"Cobra Team, The Q MMA",1,Shane Collins,https://www.google.com/search?q=Cobra+Team%2C+The+Q+MMA+MMA+gym+location+elevation,"Cobra Team, The Q MMA",,,,,,,pending_google_api_lookup,Elevation intentionally left blank until Google Maps API lookup is run; avoid guessing for ambiguous gym names.
"Cobra-Kai- Osaka, Japan",1,Kiichi Kunimoto,https://www.google.com/search?q=Cobra-Kai-+Osaka%2C+Japan+MMA+gym+location+elevation,"Cobra-Kai- Osaka, Japan",,,,,,,pending_google_api_lookup,Elevation intentionally left blank until Google Maps API lookup is run; avoid guessing for ambiguous gym names.
Colorado Springs BJJ,1,Raquel Pennington,https://www.google.com/search?q=Colorado+Springs+BJJ+MMA+gym+location+elevation,Colorado Springs BJJ,,,,,,,pending_google_api_lookup,Elevation intentionally left blank until Google Maps API lookup is run; avoid guessing for ambiguous gym names.
Combat 1 MMA / Australian Elite Team,1,Jonathan Micallef,https://www.google.com/search?q=Combat+1+MMA+%2F+Australian+Elite+Team+MMA+gym+location+elevation,Combat 1 MMA / Australian Elite Team,,,,,,,pending_google_api_lookup,Elevation intentionally left blank until Google Maps API lookup is run; avoid guessing for ambiguous gym names.
Combat Sports & Fitness,1,Elisha Ellison,https://www.google.com/search?q=Combat+Sports+%26+Fitness+MMA+gym+location+elevation,Combat Sports & Fitness,,,,,,,pending_google_api_lookup,Elevation intentionally left blank until Google Maps API lookup is run; avoid guessing for ambiguous gym names.
Combat Sports Academy,1,Gaston Bolanos,https://www.google.com/search?q=Combat+Sports+Academy+MMA+gym+location+elevation,Combat Sports Academy,,,,,,,pending_google_api_lookup,Elevation intentionally left blank until Google Maps API lookup is run; avoid guessing for ambiguous gym names.
Combat Submission Wrestling,2,Jessamyn Duke; Josh Barnett,https://www.google.com/search?q=Combat+Submission+Wrestling+MMA+gym+location+elevation,Combat Submission Wrestling,,,,,,,pending_google_api_lookup,Elevation intentionally left blank until Google Maps API lookup is run; avoid guessing for ambiguous gym names.
"Complete Fitness & Martial Arts - St. Albert, Alberta",1,Sheldon Westcott,https://www.google.com/search?q=Complete+Fitness+%26+Martial+Arts+-+St.+Albert%2C+Alberta+MMA+gym+location+elevation,"Complete Fitness & Martial Arts - St. Albert, Alberta",,,,,,,pending_google_api_lookup,Elevation intentionally left blank until Google Maps API lookup is run; avoid guessing for ambiguous gym names.
"Complete Fitness- St, Alberta/ MMA Lab- Glendale, AZ",1,Mitch Clarke,https://www.google.com/search?q=Complete+Fitness-+St%2C+Alberta%2F+MMA+Lab-+Glendale%2C+AZ+MMA+gym+location+elevation,"Complete Fitness- St, Alberta/ MMA Lab- Glendale, AZ",,,,,,,pending_google_api_lookup,Elevation intentionally left blank until Google Maps API lookup is run; avoid guessing for ambiguous gym names.
Constrictor Team Brazilia,1,Rani Yahya,https://www.google.com/search?q=Constrictor+Team+Brazilia+MMA+gym+location+elevation,Constrictor Team Brazilia,,,,,,,pending_google_api_lookup,Elevation intentionally left blank until Google Maps API lookup is run; avoid guessing for ambiguous gym names.
Cosme Junior Team,1,Kevin Christian,https://www.google.com/search?q=Cosme+Junior+Team+MMA+gym+location+elevation,Cosme Junior Team,,,,,,,pending_google_api_lookup,Elevation intentionally left blank until Google Maps API lookup is run; avoid guessing for ambiguous gym names.
Countershot Guam / Son BJJ Las Vegas,1,Jon Delos Reyes,https://www.google.com/search?q=Countershot+Guam+%2F+Son+BJJ+Las+Vegas+MMA+gym+location+elevation,Countershot Guam / Son BJJ Las Vegas,,,,,,,pending_google_api_lookup,Elevation intentionally left blank until Google Maps API lookup is run; avoid guessing for ambiguous gym names.
Country Club,1,Roy Nelson,https://www.google.com/search?q=Country+Club+MMA+gym+location+elevation,Country Club,,,,,,,pending_google_api_lookup,Elevation intentionally left blank until Google Maps API lookup is run; avoid guessing for ambiguous gym names.
cross Fight paris,1,Taylor Lapilus,https://www.google.com/search?q=cross+Fight+paris+MMA+gym+location+elevation,cross Fight paris,,,,,,,pending_google_api_lookup,Elevation intentionally left blank until Google Maps API lookup is run; avoid guessing for ambiguous gym names.
CSA Team Moldova,1,Ion Cutelaba,https://www.google.com/search?q=CSA+Team+Moldova+MMA+gym+location+elevation,CSA Team Moldova,,,,,,,pending_google_api_lookup,Elevation intentionally left blank until Google Maps API lookup is run; avoid guessing for ambiguous gym names.
Culture of Jiu Jitsu,1,Max Gimenis,https://www.google.com/search?q=Culture+of+Jiu+Jitsu+MMA+gym+location+elevation,Culture of Jiu Jitsu,,,,,,,pending_google_api_lookup,Elevation intentionally left blank until Google Maps API lookup is run; avoid guessing for ambiguous gym names.
Czech Monster Gym,1,Makhmud Muradov,https://www.google.com/search?q=Czech+Monster+Gym+MMA+gym+location+elevation,Czech Monster Gym,,,,,,,pending_google_api_lookup,Elevation intentionally left blank until Google Maps API lookup is run; avoid guessing for ambiguous gym names.
Dag Fighter Team,1,Omari Akhmedov,https://www.google.com/search?q=Dag+Fighter+Team+MMA+gym+location+elevation,Dag Fighter Team,,,,,,,pending_google_api_lookup,Elevation intentionally left blank until Google Maps API lookup is run; avoid guessing for ambiguous gym names.
Dan Henderson's Athletic Fitness Center,1,Dan Henderson,https://www.google.com/search?q=Dan+Henderson%27s+Athletic+Fitness+Center+MMA+gym+location+elevation,Dan Henderson's Athletic Fitness Center,,,,,,,pending_google_api_lookup,Elevation intentionally left blank until Google Maps API lookup is run; avoid guessing for ambiguous gym names.
Daniel Gracie Team,1,Jeremiah Wells,https://www.google.com/search?q=Daniel+Gracie+Team+MMA+gym+location+elevation,Daniel Gracie Team,,,,,,,pending_google_api_lookup,Elevation intentionally left blank until Google Maps API lookup is run; avoid guessing for ambiguous gym names.
Dante Rivera BJJ,2,Eric Nolan; Luke Fernandez,https://www.google.com/search?q=Dante+Rivera+BJJ+MMA+gym+location+elevation,Dante Rivera BJJ,,,,,,,pending_google_api_lookup,Elevation intentionally left blank until Google Maps API lookup is run; avoid guessing for ambiguous gym names.
Dar Team,1,Asu Almabayev,https://www.google.com/search?q=Dar+Team+MMA+gym+location+elevation,Dar Team,,,,,,,pending_google_api_lookup,Elevation intentionally left blank until Google Maps API lookup is run; avoid guessing for ambiguous gym names.
Destruction MMA- Park Hills,1,Alex White,https://www.google.com/search?q=Destruction+MMA-+Park+Hills+MMA+gym+location+elevation,Destruction MMA- Park Hills,,,,,,,pending_google_api_lookup,Elevation intentionally left blank until Google Maps API lookup is run; avoid guessing for ambiguous gym names.
Diaz Combat Sports,1,Jamie Siraj,https://www.google.com/search?q=Diaz+Combat+Sports+MMA+gym+location+elevation,Diaz Combat Sports,,,,,,,pending_google_api_lookup,Elevation intentionally left blank until Google Maps API lookup is run; avoid guessing for ambiguous gym names.
"Dinky Ninja Fight Team, Fife Scotland",2,Joanne Wood; Stevie Ray,https://www.google.com/search?q=Dinky+Ninja+Fight+Team%2C+Fife+Scotland+MMA+gym+location+elevation,"Dinky Ninja Fight Team, Fife Scotland",,,,,,,pending_google_api_lookup,Elevation intentionally left blank until Google Maps API lookup is run; avoid guessing for ambiguous gym names.
Dragons Den Fight Club,1,Marek Bujlo,https://www.google.com/search?q=Dragons+Den+Fight+Club+MMA+gym+location+elevation,Dragons Den Fight Club,,,,,,,pending_google_api_lookup,Elevation intentionally left blank until Google Maps API lookup is run; avoid guessing for ambiguous gym names.
Dutch Style MMA/ UFC Gym Lombard IL,1,Curtis Blaydes,https://www.google.com/search?q=Dutch+Style+MMA%2F+UFC+Gym+Lombard+IL+MMA+gym+location+elevation,Dutch Style MMA/ UFC Gym Lombard IL,,,,,,,pending_google_api_lookup,Elevation intentionally left blank until Google Maps API lookup is run; avoid guessing for ambiguous gym names.
Dynamix MMA,1,Jordan Wright,https://www.google.com/search?q=Dynamix+MMA+MMA+gym+location+elevation,Dynamix MMA,,,,,,,pending_google_api_lookup,Elevation intentionally left blank until Google Maps API lookup is run; avoid guessing for ambiguous gym names.
ECR Fight Center,1,Montse Rendon,https://www.google.com/search?q=ECR+Fight+Center+MMA+gym+location+elevation,ECR Fight Center,,,,,,,pending_google_api_lookup,Elevation intentionally left blank until Google Maps API lookup is run; avoid guessing for ambiguous gym names.
Eduardo Full House,1,Antonio Trocoli,https://www.google.com/search?q=Eduardo+Full+House+MMA+gym+location+elevation,Eduardo Full House,,,,,,,pending_google_api_lookup,Elevation intentionally left blank until Google Maps API lookup is run; avoid guessing for ambiguous gym names.
"El Nino Training Center - San Francisco, CA",3,Gilbert Melendez; Hyder Amil; Leslie Smith,https://www.google.com/search?q=El+Nino+Training+Center+-+San+Francisco%2C+CA+MMA+gym+location+elevation,"El Nino Training Center - San Francisco, CA",,,,,,,pending_google_api_lookup,Elevation intentionally left blank until Google Maps API lookup is run; avoid guessing for ambiguous gym names.
"Elevation Fight Team - Denver, CO",6,Bojan Velickovic; Brandon Thatch; Cat Zingano; Drew Dober; Neil Magny,https://www.google.com/search?q=Elevation+Fight+Team+-+Denver%2C+CO+MMA+gym+location+elevation,"Elevation Fight Team - Denver, CO",,,,,,,pending_google_api_lookup,Elevation intentionally left blank until Google Maps API lookup is run; avoid guessing for ambiguous gym names.
Elite MMA Gym,1,Bas Rutten,https://www.google.com/search?q=Elite+MMA+Gym+MMA+gym+location+elevation,Elite MMA Gym,,,,,,,pending_google_api_lookup,Elevation intentionally left blank until Google Maps API lookup is run; avoid guessing for ambiguous gym names.
Elite Training Center,1,Josias Musasa,https://www.google.com/search?q=Elite+Training+Center+MMA+gym+location+elevation,Elite Training Center,,,,,,,pending_google_api_lookup,Elevation intentionally left blank until Google Maps API lookup is run; avoid guessing for ambiguous gym names.
Entram Gym,3,Daniel Barez; Jesus Aguilar; Silvana Gomez Juarez,https://www.google.com/search?q=Entram+Gym+MMA+gym+location+elevation,Entram Gym,,,,,,,pending_google_api_lookup,Elevation intentionally left blank until Google Maps API lookup is run; avoid guessing for ambiguous gym names.
"Entram Gym (Tijuana, Mexico) and Alliance MMA (San Diego, CA)",1,Henry Briones,https://www.google.com/search?q=Entram+Gym+%28Tijuana%2C+Mexico%29+and+Alliance+MMA+%28San+Diego%2C+CA%29+MMA+gym+location+elevation,"Entram Gym (Tijuana, Mexico) and Alliance MMA (San Diego, CA)",,,,,,,pending_google_api_lookup,Elevation intentionally left blank until Google Maps API lookup is run; avoid guessing for ambiguous gym names.
"Entram Gym - Tijuana, Baja CA",3,Akbarh Arreola; Marcelo Rojo; Marco Polo Reyes,https://www.google.com/search?q=Entram+Gym+-+Tijuana%2C+Baja+CA+MMA+gym+location+elevation,"Entram Gym - Tijuana, Baja CA",,,,,,,pending_google_api_lookup,Elevation intentionally left blank until Google Maps API lookup is run; avoid guessing for ambiguous gym names.
Epic MMA Club - Hong Kong,1,Alberto Mina,https://www.google.com/search?q=Epic+MMA+Club+-+Hong+Kong+MMA+gym+location+elevation,Epic MMA Club - Hong Kong,,,,,,,pending_google_api_lookup,Elevation intentionally left blank until Google Maps API lookup is run; avoid guessing for ambiguous gym names.
Evolucao Thai - Curitiba,5,Bruno Silva; Cesar Arzamendia; Francisco Trinaldo; Rony Jason; Sergio Moraes,https://www.google.com/search?q=Evolucao+Thai+-+Curitiba+MMA+gym+location+elevation,Evolucao Thai - Curitiba,,,,,,,pending_google_api_lookup,Elevation intentionally left blank until Google Maps API lookup is run; avoid guessing for ambiguous gym names.
Evolve mma Singapore,1,Leandro Issa,https://www.google.com/search?q=Evolve+mma+Singapore+MMA+gym+location+elevation,Evolve mma Singapore,,,,,,,pending_google_api_lookup,Elevation intentionally left blank until Google Maps API lookup is run; avoid guessing for ambiguous gym names.
EXFIGHT,2,Keiichiro Nakamura; Rinya Nakamura,https://www.google.com/search?q=EXFIGHT+MMA+gym+location+elevation,EXFIGHT,,,,,,,pending_google_api_lookup,Elevation intentionally left blank until Google Maps API lookup is run; avoid guessing for ambiguous gym names.
Extreme Combat,1,ChangHo Lee,https://www.google.com/search?q=Extreme+Combat+MMA+gym+location+elevation,Extreme Combat,,,,,,,pending_google_api_lookup,Elevation intentionally left blank until Google Maps API lookup is run; avoid guessing for ambiguous gym names.
Factory X,11,AJ Cunningham; Cody Brundage; David Onama; Elijah Smith; Isaac Dulgarian,https://www.google.com/search?q=Factory+X+MMA+gym+location+elevation,Factory X,,,,,,,pending_google_api_lookup,Elevation intentionally left blank until Google Maps API lookup is run; avoid guessing for ambiguous gym names.
"Factory X - Englewood, CO",2,Chris Camozzi; Collin Anglin,https://www.google.com/search?q=Factory+X+-+Englewood%2C+CO+MMA+gym+location+elevation,"Factory X - Englewood, CO",,,,,,,pending_google_api_lookup,Elevation intentionally left blank until Google Maps API lookup is run; avoid guessing for ambiguous gym names.
Faglier’s MMA,1,Malcolm Wellmaker,https://www.google.com/search?q=Faglier%E2%80%99s+MMA+MMA+gym+location+elevation,Faglier’s MMA,,,,,,,pending_google_api_lookup,Elevation intentionally left blank until Google Maps API lookup is run; avoid guessing for ambiguous gym names.
"Family Fight Team (Novi Sad, SERBIA)",1,Bojan Mihajlovic,https://www.google.com/search?q=Family+Fight+Team+%28Novi+Sad%2C+SERBIA%29+MMA+gym+location+elevation,"Family Fight Team (Novi Sad, SERBIA)",,,,,,,pending_google_api_lookup,Elevation intentionally left blank until Google Maps API lookup is run; avoid guessing for ambiguous gym names.
"Fifty/50 - Falls Church, VA",1,Ryan Hall,https://www.google.com/search?q=Fifty%2F50+-+Falls+Church%2C+VA+MMA+gym+location+elevation,"Fifty/50 - Falls Church, VA",,,,,,,pending_google_api_lookup,Elevation intentionally left blank until Google Maps API lookup is run; avoid guessing for ambiguous gym names.
"Fight Club No1 - Moscow, Russia",1,Nikita Krylov,https://www.google.com/search?q=Fight+Club+No1+-+Moscow%2C+Russia+MMA+gym+location+elevation,"Fight Club No1 - Moscow, Russia",,,,,,,pending_google_api_lookup,Elevation intentionally left blank until Google Maps API lookup is run; avoid guessing for ambiguous gym names.
"Fight Fit Militia- Sunnighill, Johannesburg",1,Garreth McLellan,https://www.google.com/search?q=Fight+Fit+Militia-+Sunnighill%2C+Johannesburg+MMA+gym+location+elevation,"Fight Fit Militia- Sunnighill, Johannesburg",,,,,,,pending_google_api_lookup,Elevation intentionally left blank until Google Maps API lookup is run; avoid guessing for ambiguous gym names.
"Fight Fitness - Montequinto, Sevilla, Spain",1,Enrique Marin,https://www.google.com/search?q=Fight+Fitness+-+Montequinto%2C+Sevilla%2C+Spain+MMA+gym+location+elevation,"Fight Fitness - Montequinto, Sevilla, Spain",,,,,,,pending_google_api_lookup,Elevation intentionally left blank until Google Maps API lookup is run; avoid guessing for ambiguous gym names.
Fight House,1,Eduarda Moura,https://www.google.com/search?q=Fight+House+MMA+gym+location+elevation,Fight House,,,,,,,pending_google_api_lookup,Elevation intentionally left blank until Google Maps API lookup is run; avoid guessing for ambiguous gym names.
"Fight Nights Gym - Moscow, RU",2,Ali Bagautinov; Konstantin Erokhin,https://www.google.com/search?q=Fight+Nights+Gym+-+Moscow%2C+RU+MMA+gym+location+elevation,"Fight Nights Gym - Moscow, RU",,,,,,,pending_google_api_lookup,Elevation intentionally left blank until Google Maps API lookup is run; avoid guessing for ambiguous gym names.
Fight Ready,4,Adam Fugitt; Bruno Silva; JeongYeong Lee; Tracy Cortez,https://www.google.com/search?q=Fight+Ready+MMA+gym+location+elevation,Fight Ready,,,,,,,pending_google_api_lookup,Elevation intentionally left blank until Google Maps API lookup is run; avoid guessing for ambiguous gym names.
"Fight Ready - Scottsdale, AZ",9,Alatengheili; Chan Sung Jung; Frankie Saenz; Henry Cejudo; Hunter Azure,https://www.google.com/search?q=Fight+Ready+-+Scottsdale%2C+AZ+MMA+gym+location+elevation,"Fight Ready - Scottsdale, AZ",,,,,,,pending_google_api_lookup,Elevation intentionally left blank until Google Maps API lookup is run; avoid guessing for ambiguous gym names.
Fighting Eagle,1,Shamil Abdurakhimov,https://www.google.com/search?q=Fighting+Eagle+MMA+gym+location+elevation,Fighting Eagle,,,,,,,pending_google_api_lookup,Elevation intentionally left blank until Google Maps API lookup is run; avoid guessing for ambiguous gym names.
FightMe Combat Sports,1,Niko Price,https://www.google.com/search?q=FightMe+Combat+Sports+MMA+gym+location+elevation,FightMe Combat Sports,,,,,,,pending_google_api_lookup,Elevation intentionally left blank until Google Maps API lookup is run; avoid guessing for ambiguous gym names.
Fightzone & Durrant’s Gym London,1,Louie Sutherland,https://www.google.com/search?q=Fightzone+%26+Durrant%E2%80%99s+Gym+London+MMA+gym+location+elevation,Fightzone & Durrant’s Gym London,,,,,,,pending_google_api_lookup,Elevation intentionally left blank until Google Maps API lookup is run; avoid guessing for ambiguous gym names.
Fightzone London,1,Mario Pinto,https://www.google.com/search?q=Fightzone+London+MMA+gym+location+elevation,Fightzone London,,,,,,,pending_google_api_lookup,Elevation intentionally left blank until Google Maps API lookup is run; avoid guessing for ambiguous gym names.
"FinnFighters Gym - Turku, Finland",1,Teemu Packalen,https://www.google.com/search?q=FinnFighters+Gym+-+Turku%2C+Finland+MMA+gym+location+elevation,"FinnFighters Gym - Turku, Finland",,,,,,,pending_google_api_lookup,Elevation intentionally left blank until Google Maps API lookup is run; avoid guessing for ambiguous gym names.
"FIT NHB Albuquerque, NM",2,Tim Means; Ty Miller,https://www.google.com/search?q=FIT+NHB+Albuquerque%2C+NM+MMA+gym+location+elevation,"FIT NHB Albuquerque, NM",,,,,,,pending_google_api_lookup,Elevation intentionally left blank until Google Maps API lookup is run; avoid guessing for ambiguous gym names.
"Fit NHB, Albuquerque, NM",1,Ray Borg,https://www.google.com/search?q=Fit+NHB%2C+Albuquerque%2C+NM+MMA+gym+location+elevation,"Fit NHB, Albuquerque, NM",,,,,,,pending_google_api_lookup,Elevation intentionally left blank until Google Maps API lookup is run; avoid guessing for ambiguous gym names.
Fit plus martial arts / cole harbour Nova Scotia,1,TJ Grant,https://www.google.com/search?q=Fit+plus+martial+arts+%2F+cole+harbour+Nova+Scotia+MMA+gym+location+elevation,Fit plus martial arts / cole harbour Nova Scotia,,,,,,,pending_google_api_lookup,Elevation intentionally left blank until Google Maps API lookup is run; avoid guessing for ambiguous gym names.
Five Rounds Academy,1,Vinicius Moreira,https://www.google.com/search?q=Five+Rounds+Academy+MMA+gym+location+elevation,Five Rounds Academy,,,,,,,pending_google_api_lookup,Elevation intentionally left blank until Google Maps API lookup is run; avoid guessing for ambiguous gym names.
Floid Dnepropetrovsk,1,Maryna Moroz,https://www.google.com/search?q=Floid+Dnepropetrovsk+MMA+gym+location+elevation,Floid Dnepropetrovsk,,,,,,,pending_google_api_lookup,Elevation intentionally left blank until Google Maps API lookup is run; avoid guessing for ambiguous gym names.
Fortis MMA,10,Austin Lingo; Damon Jackson; Fernie Garcia; Geoff Neal; Jacobe Smith,https://www.google.com/search?q=Fortis+MMA+MMA+gym+location+elevation,Fortis MMA,,,,,,,pending_google_api_lookup,Elevation intentionally left blank until Google Maps API lookup is run; avoid guessing for ambiguous gym names.
Freestyle Fighting Gym,1,Alexander Volkanovski,https://www.google.com/search?q=Freestyle+Fighting+Gym+MMA+gym+location+elevation,Freestyle Fighting Gym,,,,,,,pending_google_api_lookup,Elevation intentionally left blank until Google Maps API lookup is run; avoid guessing for ambiguous gym names.
Freestyle MMA,2,Colby Thicknesse; Leon Shahbazyan,https://www.google.com/search?q=Freestyle+MMA+MMA+gym+location+elevation,Freestyle MMA,,,,,,,pending_google_api_lookup,Elevation intentionally left blank until Google Maps API lookup is run; avoid guessing for ambiguous gym names.
Frontline Academy - Oslo,2,Emil Meek; Jack Hermansson,https://www.google.com/search?q=Frontline+Academy+-+Oslo+MMA+gym+location+elevation,Frontline Academy - Oslo,,,,,,,pending_google_api_lookup,Elevation intentionally left blank until Google Maps API lookup is run; avoid guessing for ambiguous gym names.
Fusion X-Cel,3,Alice Ardelean; Charles Johnson; Mauricio Ruffy,https://www.google.com/search?q=Fusion+X-Cel+MMA+gym+location+elevation,Fusion X-Cel,,,,,,,pending_google_api_lookup,Elevation intentionally left blank until Google Maps API lookup is run; avoid guessing for ambiguous gym names.
Fusion Xcel,3,Hannah Goldy; Mike Davis; Phil Rowe,https://www.google.com/search?q=Fusion+Xcel+MMA+gym+location+elevation,Fusion Xcel,,,,,,,pending_google_api_lookup,Elevation intentionally left blank until Google Maps API lookup is run; avoid guessing for ambiguous gym names.
Gaea Project MMA,1,Karol Rosa,https://www.google.com/search?q=Gaea+Project+MMA+MMA+gym+location+elevation,Gaea Project MMA,,,,,,,pending_google_api_lookup,Elevation intentionally left blank until Google Maps API lookup is run; avoid guessing for ambiguous gym names.
Galpao da Luta / CTJ,1,Rafael Cerqueira,https://www.google.com/search?q=Galpao+da+Luta+%2F+CTJ+MMA+gym+location+elevation,Galpao da Luta / CTJ,,,,,,,pending_google_api_lookup,Elevation intentionally left blank until Google Maps API lookup is run; avoid guessing for ambiguous gym names.
"Gamebred Combat Club, Brisbane",1,Brendan O'Reilly,https://www.google.com/search?q=Gamebred+Combat+Club%2C+Brisbane+MMA+gym+location+elevation,"Gamebred Combat Club, Brisbane",,,,,,,pending_google_api_lookup,Elevation intentionally left blank until Google Maps API lookup is run; avoid guessing for ambiguous gym names.
GB Top Team,1,Lone’er Kavanagh,https://www.google.com/search?q=GB+Top+Team+MMA+gym+location+elevation,GB Top Team,,,,,,,pending_google_api_lookup,Elevation intentionally left blank until Google Maps API lookup is run; avoid guessing for ambiguous gym names.
Genesis Training Center,1,Justin Gaethje,https://www.google.com/search?q=Genesis+Training+Center+MMA+gym+location+elevation,Genesis Training Center,,,,,,,pending_google_api_lookup,Elevation intentionally left blank until Google Maps API lookup is run; avoid guessing for ambiguous gym names.
Ghost Arena,1,Farès Ziam,https://www.google.com/search?q=Ghost+Arena+MMA+gym+location+elevation,Ghost Arena,,,,,,,pending_google_api_lookup,Elevation intentionally left blank until Google Maps API lookup is run; avoid guessing for ambiguous gym names.
Giants Team,1,Marcio Barbosa,https://www.google.com/search?q=Giants+Team+MMA+gym+location+elevation,Giants Team,,,,,,,pending_google_api_lookup,Elevation intentionally left blank until Google Maps API lookup is run; avoid guessing for ambiguous gym names.
Gibson MMA,1,Lance Gibson Jr.,https://www.google.com/search?q=Gibson+MMA+MMA+gym+location+elevation,Gibson MMA,,,,,,,pending_google_api_lookup,Elevation intentionally left blank until Google Maps API lookup is run; avoid guessing for ambiguous gym names.
"Gile Ribeiro - Curitiba, Brazil",2,Augusto Sakai; Luan Chagas,https://www.google.com/search?q=Gile+Ribeiro+-+Curitiba%2C+Brazil+MMA+gym+location+elevation,"Gile Ribeiro - Curitiba, Brazil",,,,,,,pending_google_api_lookup,Elevation intentionally left blank until Google Maps API lookup is run; avoid guessing for ambiguous gym names.
Gintas Combat / BST Academy,1,Modestas Bukauskas,https://www.google.com/search?q=Gintas+Combat+%2F+BST+Academy+MMA+gym+location+elevation,Gintas Combat / BST Academy,,,,,,,pending_google_api_lookup,Elevation intentionally left blank until Google Maps API lookup is run; avoid guessing for ambiguous gym names.
Glendale Fighting Club,1,Melsik Baghdasaryan,https://www.google.com/search?q=Glendale+Fighting+Club+MMA+gym+location+elevation,Glendale Fighting Club,,,,,,,pending_google_api_lookup,Elevation intentionally left blank until Google Maps API lookup is run; avoid guessing for ambiguous gym names.
Glendale Fighting Club CA,2,Ronda Rousey; Travis Browne,https://www.google.com/search?q=Glendale+Fighting+Club+CA+MMA+gym+location+elevation,Glendale Fighting Club CA,,,,,,,pending_google_api_lookup,Elevation intentionally left blank until Google Maps API lookup is run; avoid guessing for ambiguous gym names.
Global Fight Gym,1,Alexander Volkov,https://www.google.com/search?q=Global+Fight+Gym+MMA+gym+location+elevation,Global Fight Gym,,,,,,,pending_google_api_lookup,Elevation intentionally left blank until Google Maps API lookup is run; avoid guessing for ambiguous gym names.
Glory MMA & Fitness,9,Dakota Bush; Darrick Minner; Gina Mazany; James Krause; Jason Witt,https://www.google.com/search?q=Glory+MMA+%26+Fitness+MMA+gym+location+elevation,Glory MMA & Fitness,,,,,,,pending_google_api_lookup,Elevation intentionally left blank until Google Maps API lookup is run; avoid guessing for ambiguous gym names.
Glover Teixeira Training Center,1,Keith Berish,https://www.google.com/search?q=Glover+Teixeira+Training+Center+MMA+gym+location+elevation,Glover Teixeira Training Center,,,,,,,pending_google_api_lookup,Elevation intentionally left blank until Google Maps API lookup is run; avoid guessing for ambiguous gym names.
Gnosis Combat Sports,1,Donte Johnson,https://www.google.com/search?q=Gnosis+Combat+Sports+MMA+gym+location+elevation,Gnosis Combat Sports,,,,,,,pending_google_api_lookup,Elevation intentionally left blank until Google Maps API lookup is run; avoid guessing for ambiguous gym names.
Goat Shed,1,Alberto Montes,https://www.google.com/search?q=Goat+Shed+MMA+gym+location+elevation,Goat Shed,,,,,,,pending_google_api_lookup,Elevation intentionally left blank until Google Maps API lookup is run; avoid guessing for ambiguous gym names.
Goat Shed Academy,1,Ailin Perez,https://www.google.com/search?q=Goat+Shed+Academy+MMA+gym+location+elevation,Goat Shed Academy,,,,,,,pending_google_api_lookup,Elevation intentionally left blank until Google Maps API lookup is run; avoid guessing for ambiguous gym names.
Gomes Fight Team,1,Jeisla Chaves,https://www.google.com/search?q=Gomes+Fight+Team+MMA+gym+location+elevation,Gomes Fight Team,,,,,,,pending_google_api_lookup,Elevation intentionally left blank until Google Maps API lookup is run; avoid guessing for ambiguous gym names.
Good Guys MMA,1,Luis Gurule,https://www.google.com/search?q=Good+Guys+MMA+MMA+gym+location+elevation,Good Guys MMA,,,,,,,pending_google_api_lookup,Elevation intentionally left blank until Google Maps API lookup is run; avoid guessing for ambiguous gym names.
Gor MMA,1,Bogdan Guskov,https://www.google.com/search?q=Gor+MMA+MMA+gym+location+elevation,Gor MMA,,,,,,,pending_google_api_lookup,Elevation intentionally left blank until Google Maps API lookup is run; avoid guessing for ambiguous gym names.
Goret’s Gym,1,Murtazali Magomedov,https://www.google.com/search?q=Goret%E2%80%99s+Gym+MMA+gym+location+elevation,Goret’s Gym,,,,,,,pending_google_api_lookup,Elevation intentionally left blank until Google Maps API lookup is run; avoid guessing for ambiguous gym names.
Gracie barra BH Belo Horizonte / Gracie barra Tx Texas,1,Juliana Lima,https://www.google.com/search?q=Gracie+barra+BH+Belo+Horizonte+%2F+Gracie+barra+Tx+Texas+MMA+gym+location+elevation,Gracie barra BH Belo Horizonte / Gracie barra Tx Texas,,,,,,,pending_google_api_lookup,Elevation intentionally left blank until Google Maps API lookup is run; avoid guessing for ambiguous gym names.
"Gracie Barra Holbrooks, Faber Jiu-Jitsu",1,Melissa Mullins,https://www.google.com/search?q=Gracie+Barra+Holbrooks%2C+Faber+Jiu-Jitsu+MMA+gym+location+elevation,"Gracie Barra Holbrooks, Faber Jiu-Jitsu",,,,,,,pending_google_api_lookup,Elevation intentionally left blank until Google Maps API lookup is run; avoid guessing for ambiguous gym names.
Gracie Barra Katy,1,Sage Northcutt,https://www.google.com/search?q=Gracie+Barra+Katy+MMA+gym+location+elevation,Gracie Barra Katy,,,,,,,pending_google_api_lookup,Elevation intentionally left blank until Google Maps API lookup is run; avoid guessing for ambiguous gym names.
Gracie Barra Lodz,1,Karolina Kowalkiewicz,https://www.google.com/search?q=Gracie+Barra+Lodz+MMA+gym+location+elevation,Gracie Barra Lodz,,,,,,,pending_google_api_lookup,Elevation intentionally left blank until Google Maps API lookup is run; avoid guessing for ambiguous gym names.
Gracie Barra The Woodlands,1,Alex Morono,https://www.google.com/search?q=Gracie+Barra+The+Woodlands+MMA+gym+location+elevation,Gracie Barra The Woodlands,,,,,,,pending_google_api_lookup,Elevation intentionally left blank until Google Maps API lookup is run; avoid guessing for ambiguous gym names.
"Gracie Fighter / Nick Diaz Academy - Lodi, CA",1,Nate Diaz,https://www.google.com/search?q=Gracie+Fighter+%2F+Nick+Diaz+Academy+-+Lodi%2C+CA+MMA+gym+location+elevation,"Gracie Fighter / Nick Diaz Academy - Lodi, CA",,,,,,,pending_google_api_lookup,Elevation intentionally left blank until Google Maps API lookup is run; avoid guessing for ambiguous gym names.
Gracie Fighter Stockton,1,Chelsea Chandler,https://www.google.com/search?q=Gracie+Fighter+Stockton+MMA+gym+location+elevation,Gracie Fighter Stockton,,,,,,,pending_google_api_lookup,Elevation intentionally left blank until Google Maps API lookup is run; avoid guessing for ambiguous gym names.
Gracie Jiu Jitsu Smeaton Grange,1,Jacob Malkoun,https://www.google.com/search?q=Gracie+Jiu+Jitsu+Smeaton+Grange+MMA+gym+location+elevation,Gracie Jiu Jitsu Smeaton Grange,,,,,,,pending_google_api_lookup,Elevation intentionally left blank until Google Maps API lookup is run; avoid guessing for ambiguous gym names.
Gracie New Jersey,1,Mickey Gall,https://www.google.com/search?q=Gracie+New+Jersey+MMA+gym+location+elevation,Gracie New Jersey,,,,,,,pending_google_api_lookup,Elevation intentionally left blank until Google Maps API lookup is run; avoid guessing for ambiguous gym names.
Gracie United,1,Kurt Holobaugh,https://www.google.com/search?q=Gracie+United+MMA+gym+location+elevation,Gracie United,,,,,,,pending_google_api_lookup,Elevation intentionally left blank until Google Maps API lookup is run; avoid guessing for ambiguous gym names.
Great Britain Top Team,1,Shanelle Dyer,https://www.google.com/search?q=Great+Britain+Top+Team+MMA+gym+location+elevation,Great Britain Top Team,,,,,,,pending_google_api_lookup,Elevation intentionally left blank until Google Maps API lookup is run; avoid guessing for ambiguous gym names.
Grove City BJJ,1,Josiah Harrell,https://www.google.com/search?q=Grove+City+BJJ+MMA+gym+location+elevation,Grove City BJJ,,,,,,,pending_google_api_lookup,Elevation intentionally left blank until Google Maps API lookup is run; avoid guessing for ambiguous gym names.
Grudge Training Center,1,Rose Namajunas,https://www.google.com/search?q=Grudge+Training+Center+MMA+gym+location+elevation,Grudge Training Center,,,,,,,pending_google_api_lookup,Elevation intentionally left blank until Google Maps API lookup is run; avoid guessing for ambiguous gym names.
Guam,1,Jon Tuck,https://www.google.com/search?q=Guam+MMA+gym+location+elevation,Guam,,,,,,,pending_google_api_lookup,Elevation intentionally left blank until Google Maps API lookup is run; avoid guessing for ambiguous gym names.
Gumi MMA,1,Dooho Choi,https://www.google.com/search?q=Gumi+MMA+MMA+gym+location+elevation,Gumi MMA,,,,,,,pending_google_api_lookup,Elevation intentionally left blank until Google Maps API lookup is run; avoid guessing for ambiguous gym names.
Guram Fight Club,1,Otari Tanzilovi,https://www.google.com/search?q=Guram+Fight+Club+MMA+gym+location+elevation,Guram Fight Club,,,,,,,pending_google_api_lookup,Elevation intentionally left blank until Google Maps API lookup is run; avoid guessing for ambiguous gym names.
"Hakkei Gym Kanagawa, Japan",1,Takeya Mizugaki,https://www.google.com/search?q=Hakkei+Gym+Kanagawa%2C+Japan+MMA+gym+location+elevation,"Hakkei Gym Kanagawa, Japan",,,,,,,pending_google_api_lookup,Elevation intentionally left blank until Google Maps API lookup is run; avoid guessing for ambiguous gym names.
"Hammers Team - Nuremberg, BY Germany",2,Jarjis Danho; Jessin Ayari,https://www.google.com/search?q=Hammers+Team+-+Nuremberg%2C+BY+Germany+MMA+gym+location+elevation,"Hammers Team - Nuremberg, BY Germany",,,,,,,pending_google_api_lookup,Elevation intentionally left blank until Google Maps API lookup is run; avoid guessing for ambiguous gym names.
Haosheng Fight Gym / Guangzhou Sport University,1,Zhu Kangjie,https://www.google.com/search?q=Haosheng+Fight+Gym+%2F+Guangzhou+Sport+University+MMA+gym+location+elevation,Haosheng Fight Gym / Guangzhou Sport University,,,,,,,pending_google_api_lookup,Elevation intentionally left blank until Google Maps API lookup is run; avoid guessing for ambiguous gym names.
HAVAS MMA,1,Seokhyeon Ko,https://www.google.com/search?q=HAVAS+MMA+MMA+gym+location+elevation,HAVAS MMA,,,,,,,pending_google_api_lookup,Elevation intentionally left blank until Google Maps API lookup is run; avoid guessing for ambiguous gym names.
Hawaii Elite MMA - Hawaii,4,Louis Smolka; Max Holloway; Russell Doane; Tyson Nam,https://www.google.com/search?q=Hawaii+Elite+MMA+-+Hawaii+MMA+gym+location+elevation,Hawaii Elite MMA - Hawaii,,,,,,,pending_google_api_lookup,Elevation intentionally left blank until Google Maps API lookup is run; avoid guessing for ambiguous gym names.
"Hayastan - North Hollywood, CA",1,Manny Gamburyan,https://www.google.com/search?q=Hayastan+-+North+Hollywood%2C+CA+MMA+gym+location+elevation,"Hayastan - North Hollywood, CA",,,,,,,pending_google_api_lookup,Elevation intentionally left blank until Google Maps API lookup is run; avoid guessing for ambiguous gym names.
Headkicks MMA,1,Aaron Phillips,https://www.google.com/search?q=Headkicks+MMA+MMA+gym+location+elevation,Headkicks MMA,,,,,,,pending_google_api_lookup,Elevation intentionally left blank until Google Maps API lookup is run; avoid guessing for ambiguous gym names.
High Altitude Martial Arts,2,Lauren Murphy; Maycee Barber,https://www.google.com/search?q=High+Altitude+Martial+Arts+MMA+gym+location+elevation,High Altitude Martial Arts,,,,,,,pending_google_api_lookup,Elevation intentionally left blank until Google Maps API lookup is run; avoid guessing for ambiguous gym names.
Higher Level MMA,1,Paul Craig,https://www.google.com/search?q=Higher+Level+MMA+MMA+gym+location+elevation,Higher Level MMA,,,,,,,pending_google_api_lookup,Elevation intentionally left blank until Google Maps API lookup is run; avoid guessing for ambiguous gym names.
Holohan Martial Arts,1,Shauna Bannon,https://www.google.com/search?q=Holohan+Martial+Arts+MMA+gym+location+elevation,Holohan Martial Arts,,,,,,,pending_google_api_lookup,Elevation intentionally left blank until Google Maps API lookup is run; avoid guessing for ambiguous gym names.
House of Champions,2,Diana Belbita; Kyle Nelson,https://www.google.com/search?q=House+of+Champions+MMA+gym+location+elevation,House of Champions,,,,,,,pending_google_api_lookup,Elevation intentionally left blank until Google Maps API lookup is run; avoid guessing for ambiguous gym names.
"Hung Mun, Rome, Italy",1,Alessio Di Chirico,https://www.google.com/search?q=Hung+Mun%2C+Rome%2C+Italy+MMA+gym+location+elevation,"Hung Mun, Rome, Italy",,,,,,,pending_google_api_lookup,Elevation intentionally left blank until Google Maps API lookup is run; avoid guessing for ambiguous gym names.
Ignite Jiu Jitsu & MMA,1,Gauge Young,https://www.google.com/search?q=Ignite+Jiu+Jitsu+%26+MMA+MMA+gym+location+elevation,Ignite Jiu Jitsu & MMA,,,,,,,pending_google_api_lookup,Elevation intentionally left blank until Google Maps API lookup is run; avoid guessing for ambiguous gym names.
Igor MMA,1,Josh Culibao,https://www.google.com/search?q=Igor+MMA+MMA+gym+location+elevation,Igor MMA,,,,,,,pending_google_api_lookup,Elevation intentionally left blank until Google Maps API lookup is run; avoid guessing for ambiguous gym names.
"IHP, American Combat Gym, Los Perros Sarnosos",1,Daniel Marcos,https://www.google.com/search?q=IHP%2C+American+Combat+Gym%2C+Los+Perros+Sarnosos+MMA+gym+location+elevation,"IHP, American Combat Gym, Los Perros Sarnosos",,,,,,,pending_google_api_lookup,Elevation intentionally left blank until Google Maps API lookup is run; avoid guessing for ambiguous gym names.
"Impact Fight Team - East Liverpool, OH",1,Joshua Stansbury,https://www.google.com/search?q=Impact+Fight+Team+-+East+Liverpool%2C+OH+MMA+gym+location+elevation,"Impact Fight Team - East Liverpool, OH",,,,,,,pending_google_api_lookup,Elevation intentionally left blank until Google Maps API lookup is run; avoid guessing for ambiguous gym names.
"Indy Boxing and Grappling - Indianapolis, IN",1,Andrew Holbrook,https://www.google.com/search?q=Indy+Boxing+and+Grappling+-+Indianapolis%2C+IN+MMA+gym+location+elevation,"Indy Boxing and Grappling - Indianapolis, IN",,,,,,,pending_google_api_lookup,Elevation intentionally left blank until Google Maps API lookup is run; avoid guessing for ambiguous gym names.
Infinity Martial Arts,1,Yusuke Kasuya,https://www.google.com/search?q=Infinity+Martial+Arts+MMA+gym+location+elevation,Infinity Martial Arts,,,,,,,pending_google_api_lookup,Elevation intentionally left blank until Google Maps API lookup is run; avoid guessing for ambiguous gym names.
Inside Muay Thai,1,Ariane Carnelossi,https://www.google.com/search?q=Inside+Muay+Thai+MMA+gym+location+elevation,Inside Muay Thai,,,,,,,pending_google_api_lookup,Elevation intentionally left blank until Google Maps API lookup is run; avoid guessing for ambiguous gym names.
"Intergated MMA, Brisbane Australia",1,Ben Nguyen,https://www.google.com/search?q=Intergated+MMA%2C+Brisbane+Australia+MMA+gym+location+elevation,"Intergated MMA, Brisbane Australia",,,,,,,pending_google_api_lookup,Elevation intentionally left blank until Google Maps API lookup is run; avoid guessing for ambiguous gym names.
Izzy Style School Wrestling - IL,1,Erick Montano,https://www.google.com/search?q=Izzy+Style+School+Wrestling+-+IL+MMA+gym+location+elevation,Izzy Style School Wrestling - IL,,,,,,,pending_google_api_lookup,Elevation intentionally left blank until Google Maps API lookup is run; avoid guessing for ambiguous gym names.
Izzystyle wrestling & VFS Chicago,1,Yair Rodriguez,https://www.google.com/search?q=Izzystyle+wrestling+%26+VFS+Chicago+MMA+gym+location+elevation,Izzystyle wrestling & VFS Chicago,,,,,,,pending_google_api_lookup,Elevation intentionally left blank until Google Maps API lookup is run; avoid guessing for ambiguous gym names.
Jackson Wink MMA Academy - NM,10,Aaron Pico; Antonio Arroyo; Batgerel Danaa; Christian Edwards; Don'Tale Mayes,https://www.google.com/search?q=Jackson+Wink+MMA+Academy+-+NM+MMA+gym+location+elevation,Jackson Wink MMA Academy - NM,,,,,,,pending_google_api_lookup,Elevation intentionally left blank until Google Maps API lookup is run; avoid guessing for ambiguous gym names.
Jaco Hybrid Training Center,3,Eddie Alvarez; Gilbert Burns; Michael Johnson,https://www.google.com/search?q=Jaco+Hybrid+Training+Center+MMA+gym+location+elevation,Jaco Hybrid Training Center,,,,,,,pending_google_api_lookup,Elevation intentionally left blank until Google Maps API lookup is run; avoid guessing for ambiguous gym names.
Japan Top Team,1,Kai Asakura,https://www.google.com/search?q=Japan+Top+Team+MMA+gym+location+elevation,Japan Top Team,,,,,,,pending_google_api_lookup,Elevation intentionally left blank until Google Maps API lookup is run; avoid guessing for ambiguous gym names.
Jeremy Horn's Elite Performance MMA,1,Sean O'Connell,https://www.google.com/search?q=Jeremy+Horn%27s+Elite+Performance+MMA+MMA+gym+location+elevation,Jeremy Horn's Elite Performance MMA,,,,,,,pending_google_api_lookup,Elevation intentionally left blank until Google Maps API lookup is run; avoid guessing for ambiguous gym names.
JETSAAM GYM,1,Jiří Procházka,https://www.google.com/search?q=JETSAAM+GYM+MMA+gym+location+elevation,JETSAAM GYM,,,,,,,pending_google_api_lookup,Elevation intentionally left blank until Google Maps API lookup is run; avoid guessing for ambiguous gym names.
Joel Diaz Boxing,18,Alistair Overeem; Alvaro Herrera; Anthony Birchak; Anthony Hamilton; Carlos Condit,https://www.google.com/search?q=Joel+Diaz+Boxing+MMA+gym+location+elevation,Joel Diaz Boxing,,,,,,,pending_google_api_lookup,Elevation intentionally left blank until Google Maps API lookup is run; avoid guessing for ambiguous gym names.
"Joker Chute Boxe/C1-MMA - Brooklyn, NY",1,Oluwale Bamgbose,https://www.google.com/search?q=Joker+Chute+Boxe%2FC1-MMA+-+Brooklyn%2C+NY+MMA+gym+location+elevation,"Joker Chute Boxe/C1-MMA - Brooklyn, NY",,,,,,,pending_google_api_lookup,Elevation intentionally left blank until Google Maps API lookup is run; avoid guessing for ambiguous gym names.
K Dojo Warrior Tribe,3,Albert Tumenov; Alexander Yakovlev; Azamat Murzakanov,https://www.google.com/search?q=K+Dojo+Warrior+Tribe+MMA+gym+location+elevation,K Dojo Warrior Tribe,,,,,,,pending_google_api_lookup,Elevation intentionally left blank until Google Maps API lookup is run; avoid guessing for ambiguous gym names.
"K-Taro Dojo, Tokyo",1,Keita Nakamura,https://www.google.com/search?q=K-Taro+Dojo%2C+Tokyo+MMA+gym+location+elevation,"K-Taro Dojo, Tokyo",,,,,,,pending_google_api_lookup,Elevation intentionally left blank until Google Maps API lookup is run; avoid guessing for ambiguous gym names.
KageFit / Top Pressure Fight Team,1,Tre’ston Vines,https://www.google.com/search?q=KageFit+%2F+Top+Pressure+Fight+Team+MMA+gym+location+elevation,KageFit / Top Pressure Fight Team,,,,,,,pending_google_api_lookup,Elevation intentionally left blank until Google Maps API lookup is run; avoid guessing for ambiguous gym names.
Kaizen MMA,1,Zviad Lazishvili,https://www.google.com/search?q=Kaizen+MMA+MMA+gym+location+elevation,Kaizen MMA,,,,,,,pending_google_api_lookup,Elevation intentionally left blank until Google Maps API lookup is run; avoid guessing for ambiguous gym names.
"KC Fight Base, Liverpool Combat Academy, The MMA Academy",1,Kurtis Campbell,https://www.google.com/search?q=KC+Fight+Base%2C+Liverpool+Combat+Academy%2C+The+MMA+Academy+MMA+gym+location+elevation,"KC Fight Base, Liverpool Combat Academy, The MMA Academy",,,,,,,pending_google_api_lookup,Elevation intentionally left blank until Google Maps API lookup is run; avoid guessing for ambiguous gym names.
Kelly Davis MMA,1,Jared Gooden,https://www.google.com/search?q=Kelly+Davis+MMA+MMA+gym+location+elevation,Kelly Davis MMA,,,,,,,pending_google_api_lookup,Elevation intentionally left blank until Google Maps API lookup is run; avoid guessing for ambiguous gym names.
Kiboju Mannheim,1,Dennis Siver,https://www.google.com/search?q=Kiboju+Mannheim+MMA+gym+location+elevation,Kiboju Mannheim,,,,,,,pending_google_api_lookup,Elevation intentionally left blank until Google Maps API lookup is run; avoid guessing for ambiguous gym names.
Kickass MMA,1,Steven Kennedy,https://www.google.com/search?q=Kickass+MMA+MMA+gym+location+elevation,Kickass MMA,,,,,,,pending_google_api_lookup,Elevation intentionally left blank until Google Maps API lookup is run; avoid guessing for ambiguous gym names.
Kill Cliff FC,12,Baisangur Susurkaev; Brendan Allen; Da'Mon Blackshear; Esteban Ribovics; Gregory Rodrigues,https://www.google.com/search?q=Kill+Cliff+FC+MMA+gym+location+elevation,Kill Cliff FC,,,,,,,pending_google_api_lookup,Elevation intentionally left blank until Google Maps API lookup is run; avoid guessing for ambiguous gym names.
Kill Cliff FC / Brazilian Warriors,1,Claudio Puelles,https://www.google.com/search?q=Kill+Cliff+FC+%2F+Brazilian+Warriors+MMA+gym+location+elevation,Kill Cliff FC / Brazilian Warriors,,,,,,,pending_google_api_lookup,Elevation intentionally left blank until Google Maps API lookup is run; avoid guessing for ambiguous gym names.
"Kimura-Natal, Nova Uniao RJ",1,Jussier Formiga,https://www.google.com/search?q=Kimura-Natal%2C+Nova+Uniao+RJ+MMA+gym+location+elevation,"Kimura-Natal, Nova Uniao RJ",,,,,,,pending_google_api_lookup,Elevation intentionally left blank until Google Maps API lookup is run; avoid guessing for ambiguous gym names.
Kings MMA,2,Jared Vanderaa; Nikolay Veretennikov,https://www.google.com/search?q=Kings+MMA+MMA+gym+location+elevation,Kings MMA,,,,,,,pending_google_api_lookup,Elevation intentionally left blank until Google Maps API lookup is run; avoid guessing for ambiguous gym names.
"Kings MMA - Huntington Beach, CA",5,Beneil Dariush; Marvin Vettori; Mauricio Rua; Rafael Dos Anjos; Ricardo Abreu,https://www.google.com/search?q=Kings+MMA+-+Huntington+Beach%2C+CA+MMA+gym+location+elevation,"Kings MMA - Huntington Beach, CA",,,,,,,pending_google_api_lookup,Elevation intentionally left blank until Google Maps API lookup is run; avoid guessing for ambiguous gym names.
Kings MMA El Paso,1,Montserrat Conejo Ruiz,https://www.google.com/search?q=Kings+MMA+El+Paso+MMA+gym+location+elevation,Kings MMA El Paso,,,,,,,pending_google_api_lookup,Elevation intentionally left blank until Google Maps API lookup is run; avoid guessing for ambiguous gym names.
KKS Sparta Achen,1,Gokhan Saricam,https://www.google.com/search?q=KKS+Sparta+Achen+MMA+gym+location+elevation,KKS Sparta Achen,,,,,,,pending_google_api_lookup,Elevation intentionally left blank until Google Maps API lookup is run; avoid guessing for ambiguous gym names.
Kleber Repolho Jiujitsu MMA,1,Manel Kape,https://www.google.com/search?q=Kleber+Repolho+Jiujitsu+MMA+MMA+gym+location+elevation,Kleber Repolho Jiujitsu MMA,,,,,,,pending_google_api_lookup,Elevation intentionally left blank until Google Maps API lookup is run; avoid guessing for ambiguous gym names.
"Knoxville Martial Arts Academy- Knoxville, TN",1,Ovince Saint Preux,https://www.google.com/search?q=Knoxville+Martial+Arts+Academy-+Knoxville%2C+TN+MMA+gym+location+elevation,"Knoxville Martial Arts Academy- Knoxville, TN",,,,,,,pending_google_api_lookup,Elevation intentionally left blank until Google Maps API lookup is run; avoid guessing for ambiguous gym names.
Knuckleheadz Boxing & MMA,1,Chris Beal,https://www.google.com/search?q=Knuckleheadz+Boxing+%26+MMA+MMA+gym+location+elevation,Knuckleheadz Boxing & MMA,,,,,,,pending_google_api_lookup,Elevation intentionally left blank until Google Maps API lookup is run; avoid guessing for ambiguous gym names.
KO Squad,1,Melissa Gatto,https://www.google.com/search?q=KO+Squad+MMA+gym+location+elevation,KO Squad,,,,,,,pending_google_api_lookup,Elevation intentionally left blank until Google Maps API lookup is run; avoid guessing for ambiguous gym names.
KO Zone,1,Daniel Frunza,https://www.google.com/search?q=KO+Zone+MMA+gym+location+elevation,KO Zone,,,,,,,pending_google_api_lookup,Elevation intentionally left blank until Google Maps API lookup is run; avoid guessing for ambiguous gym names.
"Korean Top Team - Seoul, South Korea",6,Da Woon Jung; Dongi Yang; Hyun Gyu Lim; JunYong Park; Tae Hyun Bang,https://www.google.com/search?q=Korean+Top+Team+-+Seoul%2C+South+Korea+MMA+gym+location+elevation,"Korean Top Team - Seoul, South Korea",,,,,,,pending_google_api_lookup,Elevation intentionally left blank until Google Maps API lookup is run; avoid guessing for ambiguous gym names.
Korean Zombie MMA,1,SeungGuk Choi,https://www.google.com/search?q=Korean+Zombie+MMA+MMA+gym+location+elevation,Korean Zombie MMA,,,,,,,pending_google_api_lookup,Elevation intentionally left blank until Google Maps API lookup is run; avoid guessing for ambiguous gym names.
La Bodega,1,Alvin Hines,https://www.google.com/search?q=La+Bodega+MMA+gym+location+elevation,La Bodega,,,,,,,pending_google_api_lookup,Elevation intentionally left blank until Google Maps API lookup is run; avoid guessing for ambiguous gym names.
Lamiro Fight Club,1,Losene Keita,https://www.google.com/search?q=Lamiro+Fight+Club+MMA+gym+location+elevation,Lamiro Fight Club,,,,,,,pending_google_api_lookup,Elevation intentionally left blank until Google Maps API lookup is run; avoid guessing for ambiguous gym names.
Last Stand Fight Team,1,Michael McDonald,https://www.google.com/search?q=Last+Stand+Fight+Team+MMA+gym+location+elevation,Last Stand Fight Team,,,,,,,pending_google_api_lookup,Elevation intentionally left blank until Google Maps API lookup is run; avoid guessing for ambiguous gym names.
"Lauzon MMA - Easton, MA",2,Joe Lauzon; Joe Proctor,https://www.google.com/search?q=Lauzon+MMA+-+Easton%2C+MA+MMA+gym+location+elevation,"Lauzon MMA - Easton, MA",,,,,,,pending_google_api_lookup,Elevation intentionally left blank until Google Maps API lookup is run; avoid guessing for ambiguous gym names.
LAW MMA,3,Charlie Campbell; Chris Weidman; Matt Frevola,https://www.google.com/search?q=LAW+MMA+MMA+gym+location+elevation,LAW MMA,,,,,,,pending_google_api_lookup,Elevation intentionally left blank until Google Maps API lookup is run; avoid guessing for ambiguous gym names.
Law School MMA,1,Danny Barlow,https://www.google.com/search?q=Law+School+MMA+MMA+gym+location+elevation,Law School MMA,,,,,,,pending_google_api_lookup,Elevation intentionally left blank until Google Maps API lookup is run; avoid guessing for ambiguous gym names.
Legion Gym,1,Ramazan Temirov,https://www.google.com/search?q=Legion+Gym+MMA+gym+location+elevation,Legion Gym,,,,,,,pending_google_api_lookup,Elevation intentionally left blank until Google Maps API lookup is run; avoid guessing for ambiguous gym names.
Life MMA / Portugal Top Team,1,Alice Pereira,https://www.google.com/search?q=Life+MMA+%2F+Portugal+Top+Team+MMA+gym+location+elevation,Life MMA / Portugal Top Team,,,,,,,pending_google_api_lookup,Elevation intentionally left blank until Google Maps API lookup is run; avoid guessing for ambiguous gym names.
Lil’ Monster’s Academy of Pain,1,Vanessa Demopoulos,https://www.google.com/search?q=Lil%E2%80%99+Monster%E2%80%99s+Academy+of+Pain+MMA+gym+location+elevation,Lil’ Monster’s Academy of Pain,,,,,,,pending_google_api_lookup,Elevation intentionally left blank until Google Maps API lookup is run; avoid guessing for ambiguous gym names.
Lioness Studio,1,Priscila Cachoeira,https://www.google.com/search?q=Lioness+Studio+MMA+gym+location+elevation,Lioness Studio,,,,,,,pending_google_api_lookup,Elevation intentionally left blank until Google Maps API lookup is run; avoid guessing for ambiguous gym names.
"Lions High Performance Centre - Sydney, Australia",2,James Te Huna; Tyson Pedro,https://www.google.com/search?q=Lions+High+Performance+Centre+-+Sydney%2C+Australia+MMA+gym+location+elevation,"Lions High Performance Centre - Sydney, Australia",,,,,,,pending_google_api_lookup,Elevation intentionally left blank until Google Maps API lookup is run; avoid guessing for ambiguous gym names.
Lions MMA,1,Rodrigo Sezinando,https://www.google.com/search?q=Lions+MMA+MMA+gym+location+elevation,Lions MMA,,,,,,,pending_google_api_lookup,Elevation intentionally left blank until Google Maps API lookup is run; avoid guessing for ambiguous gym names.
Lions Pride MMA,1,Jimi Manuwa,https://www.google.com/search?q=Lions+Pride+MMA+MMA+gym+location+elevation,Lions Pride MMA,,,,,,,pending_google_api_lookup,Elevation intentionally left blank until Google Maps API lookup is run; avoid guessing for ambiguous gym names.
Lion’s Den Academy,1,Marwan Rahiki,https://www.google.com/search?q=Lion%E2%80%99s+Den+Academy+MMA+gym+location+elevation,Lion’s Den Academy,,,,,,,pending_google_api_lookup,Elevation intentionally left blank until Google Maps API lookup is run; avoid guessing for ambiguous gym names.
"Lloyd Irving's MMA Temple Hills, MD",1,James Vick,https://www.google.com/search?q=Lloyd+Irving%27s+MMA+Temple+Hills%2C+MD+MMA+gym+location+elevation,"Lloyd Irving's MMA Temple Hills, MD",,,,,,,pending_google_api_lookup,Elevation intentionally left blank until Google Maps API lookup is run; avoid guessing for ambiguous gym names.
Lobo Gym MMA,1,Alexa Grasso,https://www.google.com/search?q=Lobo+Gym+MMA+MMA+gym+location+elevation,Lobo Gym MMA,,,,,,,pending_google_api_lookup,Elevation intentionally left blank until Google Maps API lookup is run; avoid guessing for ambiguous gym names.
"London Shootfighters, London, UK",3,David Dvorak; John Hathaway; Michael Venom Page,https://www.google.com/search?q=London+Shootfighters%2C+London%2C+UK+MMA+gym+location+elevation,"London Shootfighters, London, UK",,,,,,,pending_google_api_lookup,Elevation intentionally left blank until Google Maps API lookup is run; avoid guessing for ambiguous gym names.
Long Island MMA,3,Brian Kelleher; Chris Wade; Dennis Bermudez,https://www.google.com/search?q=Long+Island+MMA+MMA+gym+location+elevation,Long Island MMA,,,,,,,pending_google_api_lookup,Elevation intentionally left blank until Google Maps API lookup is run; avoid guessing for ambiguous gym names.
Lotus MMA,1,Guilherme Pat,https://www.google.com/search?q=Lotus+MMA+MMA+gym+location+elevation,Lotus MMA,,,,,,,pending_google_api_lookup,Elevation intentionally left blank until Google Maps API lookup is run; avoid guessing for ambiguous gym names.
Luistro Combat Academy,2,Cody Haddon; Quillan Salkilld,https://www.google.com/search?q=Luistro+Combat+Academy+MMA+gym+location+elevation,Luistro Combat Academy,,,,,,,pending_google_api_lookup,Elevation intentionally left blank until Google Maps API lookup is run; avoid guessing for ambiguous gym names.
Machida Martial Arts,1,Rodolfo Vieira,https://www.google.com/search?q=Machida+Martial+Arts+MMA+gym+location+elevation,Machida Martial Arts,,,,,,,pending_google_api_lookup,Elevation intentionally left blank until Google Maps API lookup is run; avoid guessing for ambiguous gym names.
Main Street Boxing & Muay Thai,1,Rayanne Dos Santos,https://www.google.com/search?q=Main+Street+Boxing+%26+Muay+Thai+MMA+gym+location+elevation,Main Street Boxing & Muay Thai,,,,,,,pending_google_api_lookup,Elevation intentionally left blank until Google Maps API lookup is run; avoid guessing for ambiguous gym names.
Main Street Boxing and Muay Thai,2,Mike Jackson; Yadier del Valle,https://www.google.com/search?q=Main+Street+Boxing+and+Muay+Thai+MMA+gym+location+elevation,Main Street Boxing and Muay Thai,,,,,,,pending_google_api_lookup,Elevation intentionally left blank until Google Maps API lookup is run; avoid guessing for ambiguous gym names.
Mammadaliyev Team,1,Tofiq Musayev,https://www.google.com/search?q=Mammadaliyev+Team+MMA+gym+location+elevation,Mammadaliyev Team,,,,,,,pending_google_api_lookup,Elevation intentionally left blank until Google Maps API lookup is run; avoid guessing for ambiguous gym names.
Manchester Top Team,2,Ateba Gautier; Lerone Murphy,https://www.google.com/search?q=Manchester+Top+Team+MMA+gym+location+elevation,Manchester Top Team,,,,,,,pending_google_api_lookup,Elevation intentionally left blank until Google Maps API lookup is run; avoid guessing for ambiguous gym names.
Marajo Brothers,2,Amanda Lemos; Iuri Alcantara,https://www.google.com/search?q=Marajo+Brothers+MMA+gym+location+elevation,Marajo Brothers,,,,,,,pending_google_api_lookup,Elevation intentionally left blank until Google Maps API lookup is run; avoid guessing for ambiguous gym names.
Marathon MMA,4,Garrett Armfield; Miles Johns; Trey Ogden; Zach Scroggin,https://www.google.com/search?q=Marathon+MMA+MMA+gym+location+elevation,Marathon MMA,,,,,,,pending_google_api_lookup,Elevation intentionally left blank until Google Maps API lookup is run; avoid guessing for ambiguous gym names.
"Marinobles Kickboxing - Roseville, CA",1,Max Griffin,https://www.google.com/search?q=Marinobles+Kickboxing+-+Roseville%2C+CA+MMA+gym+location+elevation,"Marinobles Kickboxing - Roseville, CA",,,,,,,pending_google_api_lookup,Elevation intentionally left blank until Google Maps API lookup is run; avoid guessing for ambiguous gym names.
"Mark Chericos Martial Arts, Pittsburgh PA",1,Adam Milstead,https://www.google.com/search?q=Mark+Chericos+Martial+Arts%2C+Pittsburgh+PA+MMA+gym+location+elevation,"Mark Chericos Martial Arts, Pittsburgh PA",,,,,,,pending_google_api_lookup,Elevation intentionally left blank until Google Maps API lookup is run; avoid guessing for ambiguous gym names.
Marquez MMA,3,Andre Petroski; Pat Sabatini; Sean Brady,https://www.google.com/search?q=Marquez+MMA+MMA+gym+location+elevation,Marquez MMA,,,,,,,pending_google_api_lookup,Elevation intentionally left blank until Google Maps API lookup is run; avoid guessing for ambiguous gym names.
Marquez MMA Gym,1,Mashrabjon Ruzibaev,https://www.google.com/search?q=Marquez+MMA+Gym+MMA+gym+location+elevation,Marquez MMA Gym,,,,,,,pending_google_api_lookup,Elevation intentionally left blank until Google Maps API lookup is run; avoid guessing for ambiguous gym names.
Martinez BJJ,1,Chris Daukaus,https://www.google.com/search?q=Martinez+BJJ+MMA+gym+location+elevation,Martinez BJJ,,,,,,,pending_google_api_lookup,Elevation intentionally left blank until Google Maps API lookup is run; avoid guessing for ambiguous gym names.
McBride MMA,1,Michael McBride,https://www.google.com/search?q=McBride+MMA+MMA+gym+location+elevation,McBride MMA,,,,,,,pending_google_api_lookup,Elevation intentionally left blank until Google Maps API lookup is run; avoid guessing for ambiguous gym names.
Megaton Dias BJJ,1,Mackenzie Dern,https://www.google.com/search?q=Megaton+Dias+BJJ+MMA+gym+location+elevation,Megaton Dias BJJ,,,,,,,pending_google_api_lookup,Elevation intentionally left blank until Google Maps API lookup is run; avoid guessing for ambiguous gym names.
Metro Fight Club,3,Adrian Yanez; Cameron Smotherman; Mana Martinez,https://www.google.com/search?q=Metro+Fight+Club+MMA+gym+location+elevation,Metro Fight Club,,,,,,,pending_google_api_lookup,Elevation intentionally left blank until Google Maps API lookup is run; avoid guessing for ambiguous gym names.
Mi Thai Boxing System; Parabellum MMA,1,Alessandro Ricci,https://www.google.com/search?q=Mi+Thai+Boxing+System%3B+Parabellum+MMA+MMA+gym+location+elevation,Mi Thai Boxing System; Parabellum MMA,,,,,,,pending_google_api_lookup,Elevation intentionally left blank until Google Maps API lookup is run; avoid guessing for ambiguous gym names.
Michigan Top Team,1,Randa Markos,https://www.google.com/search?q=Michigan+Top+Team+MMA+gym+location+elevation,Michigan Top Team,,,,,,,pending_google_api_lookup,Elevation intentionally left blank until Google Maps API lookup is run; avoid guessing for ambiguous gym names.
"Mick Doyle's Kickboxing - Omaha, NE",1,Anthony Smith,https://www.google.com/search?q=Mick+Doyle%27s+Kickboxing+-+Omaha%2C+NE+MMA+gym+location+elevation,"Mick Doyle's Kickboxing - Omaha, NE",,,,,,,pending_google_api_lookup,Elevation intentionally left blank until Google Maps API lookup is run; avoid guessing for ambiguous gym names.
Middlesbrough Fight Academy,1,Harry Hardwick,https://www.google.com/search?q=Middlesbrough+Fight+Academy+MMA+gym+location+elevation,Middlesbrough Fight Academy,,,,,,,pending_google_api_lookup,Elevation intentionally left blank until Google Maps API lookup is run; avoid guessing for ambiguous gym names.
Mighty Bulls Gdynia,1,Lukasz Sajewski,https://www.google.com/search?q=Mighty+Bulls+Gdynia+MMA+gym+location+elevation,Mighty Bulls Gdynia,,,,,,,pending_google_api_lookup,Elevation intentionally left blank until Google Maps API lookup is run; avoid guessing for ambiguous gym names.
Mile High Militia,1,Brandon Royval,https://www.google.com/search?q=Mile+High+Militia+MMA+gym+location+elevation,Mile High Militia,,,,,,,pending_google_api_lookup,Elevation intentionally left blank until Google Maps API lookup is run; avoid guessing for ambiguous gym names.
Millennia MMA - Chino Hills,1,Jonathan Wilson,https://www.google.com/search?q=Millennia+MMA+-+Chino+Hills+MMA+gym+location+elevation,Millennia MMA - Chino Hills,,,,,,,pending_google_api_lookup,Elevation intentionally left blank until Google Maps API lookup is run; avoid guessing for ambiguous gym names.
"Millennia MMA - Rancho Cucamonga, CA",2,Jason Gonzalez; Tatiana Suarez,https://www.google.com/search?q=Millennia+MMA+-+Rancho+Cucamonga%2C+CA+MMA+gym+location+elevation,"Millennia MMA - Rancho Cucamonga, CA",,,,,,,pending_google_api_lookup,Elevation intentionally left blank until Google Maps API lookup is run; avoid guessing for ambiguous gym names.
Millennia MMA - Riverside,1,Lorenz Larkin,https://www.google.com/search?q=Millennia+MMA+-+Riverside+MMA+gym+location+elevation,Millennia MMA - Riverside,,,,,,,pending_google_api_lookup,Elevation intentionally left blank until Google Maps API lookup is run; avoid guessing for ambiguous gym names.
"Millennia MMA, Rancho, CA",1,Sean Strickland,https://www.google.com/search?q=Millennia+MMA%2C+Rancho%2C+CA+MMA+gym+location+elevation,"Millennia MMA, Rancho, CA",,,,,,,pending_google_api_lookup,Elevation intentionally left blank until Google Maps API lookup is run; avoid guessing for ambiguous gym names.
"Miller Brothers MMA, Nick Catone MMA, Ricardo Almeida BJJ",1,Sean Santella,https://www.google.com/search?q=Miller+Brothers+MMA%2C+Nick+Catone+MMA%2C+Ricardo+Almeida+BJJ+MMA+gym+location+elevation,"Miller Brothers MMA, Nick Catone MMA, Ricardo Almeida BJJ",,,,,,,pending_google_api_lookup,Elevation intentionally left blank until Google Maps API lookup is run; avoid guessing for ambiguous gym names.
"Miller Brothers MMA- Sparta, NJ",1,Jim Miller,https://www.google.com/search?q=Miller+Brothers+MMA-+Sparta%2C+NJ+MMA+gym+location+elevation,"Miller Brothers MMA- Sparta, NJ",,,,,,,pending_google_api_lookup,Elevation intentionally left blank until Google Maps API lookup is run; avoid guessing for ambiguous gym names.
Minnesota Top Team,1,Steven Asplund,https://www.google.com/search?q=Minnesota+Top+Team+MMA+gym+location+elevation,Minnesota Top Team,,,,,,,pending_google_api_lookup,Elevation intentionally left blank until Google Maps API lookup is run; avoid guessing for ambiguous gym names.
"Mjölnir, Reykjavik Iceland",1,Gunnar Nelson,https://www.google.com/search?q=Mj%C3%B6lnir%2C+Reykjavik+Iceland+MMA+gym+location+elevation,"Mjölnir, Reykjavik Iceland",,,,,,,pending_google_api_lookup,Elevation intentionally left blank until Google Maps API lookup is run; avoid guessing for ambiguous gym names.
MK Muay Thai,1,Fatima Kline,https://www.google.com/search?q=MK+Muay+Thai+MMA+gym+location+elevation,MK Muay Thai,,,,,,,pending_google_api_lookup,Elevation intentionally left blank until Google Maps API lookup is run; avoid guessing for ambiguous gym names.
"MMA Factory - Paris, France",3,Alan Baudot; Ciryl Gane; Gadzhi Omargadzhiev,https://www.google.com/search?q=MMA+Factory+-+Paris%2C+France+MMA+gym+location+elevation,"MMA Factory - Paris, France",,,,,,,pending_google_api_lookup,Elevation intentionally left blank until Google Maps API lookup is run; avoid guessing for ambiguous gym names.
MMA Gold,1,Aspen Ladd,https://www.google.com/search?q=MMA+Gold+MMA+gym+location+elevation,MMA Gold,,,,,,,pending_google_api_lookup,Elevation intentionally left blank until Google Maps API lookup is run; avoid guessing for ambiguous gym names.
"MMA LAB - Glendale, AZ",9,Alex Caceres; Benson Henderson; Bryan Barberena; Chris Gruetzemacher; Efrain Escudero,https://www.google.com/search?q=MMA+LAB+-+Glendale%2C+AZ+MMA+gym+location+elevation,"MMA LAB - Glendale, AZ",,,,,,,pending_google_api_lookup,Elevation intentionally left blank until Google Maps API lookup is run; avoid guessing for ambiguous gym names.
MMA Lab- USA/Dragonslair-UK,1,Bradley Scott,https://www.google.com/search?q=MMA+Lab-+USA%2FDragonslair-UK+MMA+gym+location+elevation,MMA Lab- USA/Dragonslair-UK,,,,,,,pending_google_api_lookup,Elevation intentionally left blank until Google Maps API lookup is run; avoid guessing for ambiguous gym names.
"MMA Masters - Miami, FL",6,Colby Covington; Gabriella Fernandes; Leonardo Augusto Leleco; Nate Landwehr; Themba Gorimbo,https://www.google.com/search?q=MMA+Masters+-+Miami%2C+FL+MMA+gym+location+elevation,"MMA Masters - Miami, FL",,,,,,,pending_google_api_lookup,Elevation intentionally left blank until Google Maps API lookup is run; avoid guessing for ambiguous gym names.
MMA Nuemberg,1,Abdul Rakhman Yakhyaev,https://www.google.com/search?q=MMA+Nuemberg+MMA+gym+location+elevation,MMA Nuemberg,,,,,,,pending_google_api_lookup,Elevation intentionally left blank until Google Maps API lookup is run; avoid guessing for ambiguous gym names.
MMA Temple,1,Robelis Despaigne,https://www.google.com/search?q=MMA+Temple+MMA+gym+location+elevation,MMA Temple,,,,,,,pending_google_api_lookup,Elevation intentionally left blank until Google Maps API lookup is run; avoid guessing for ambiguous gym names.
Murcielago MMA,1,Khaos Williams,https://www.google.com/search?q=Murcielago+MMA+MMA+gym+location+elevation,Murcielago MMA,,,,,,,pending_google_api_lookup,Elevation intentionally left blank until Google Maps API lookup is run; avoid guessing for ambiguous gym names.
Nashville MMA,1,Luke Sanders,https://www.google.com/search?q=Nashville+MMA+MMA+gym+location+elevation,Nashville MMA,,,,,,,pending_google_api_lookup,Elevation intentionally left blank until Google Maps API lookup is run; avoid guessing for ambiguous gym names.
New Breed - Chicago & Vale Tudo - Duneland,1,Eddie Wineland,https://www.google.com/search?q=New+Breed+-+Chicago+%26+Vale+Tudo+-+Duneland+MMA+gym+location+elevation,New Breed - Chicago & Vale Tudo - Duneland,,,,,,,pending_google_api_lookup,Elevation intentionally left blank until Google Maps API lookup is run; avoid guessing for ambiguous gym names.
New England Cartel,3,Brendon Marotte; Mitch Raposo; Nick Fiore,https://www.google.com/search?q=New+England+Cartel+MMA+gym+location+elevation,New England Cartel,,,,,,,pending_google_api_lookup,Elevation intentionally left blank until Google Maps API lookup is run; avoid guessing for ambiguous gym names.
New England MMA,1,Calvin Kattar,https://www.google.com/search?q=New+England+MMA+MMA+gym+location+elevation,New England MMA,,,,,,,pending_google_api_lookup,Elevation intentionally left blank until Google Maps API lookup is run; avoid guessing for ambiguous gym names.
Next Edge Academy,1,Devin Clark,https://www.google.com/search?q=Next+Edge+Academy+MMA+gym+location+elevation,Next Edge Academy,,,,,,,pending_google_api_lookup,Elevation intentionally left blank until Google Maps API lookup is run; avoid guessing for ambiguous gym names.
Next Generation Gym,1,Tim Elliott,https://www.google.com/search?q=Next+Generation+Gym+MMA+gym+location+elevation,Next Generation Gym,,,,,,,pending_google_api_lookup,Elevation intentionally left blank until Google Maps API lookup is run; avoid guessing for ambiguous gym names.
NEXT Generation MMA,5,Luke Riley; Molly McCann; Nathan Fletcher; Paddy Pimblett; Shem Rock,https://www.google.com/search?q=NEXT+Generation+MMA+MMA+gym+location+elevation,NEXT Generation MMA,,,,,,,pending_google_api_lookup,Elevation intentionally left blank until Google Maps API lookup is run; avoid guessing for ambiguous gym names.
Niagara Top Team,2,Jasmine Jasudavicius; Mike Malott,https://www.google.com/search?q=Niagara+Top+Team+MMA+gym+location+elevation,Niagara Top Team,,,,,,,pending_google_api_lookup,Elevation intentionally left blank until Google Maps API lookup is run; avoid guessing for ambiguous gym names.
Nick Diaz Academy,1,Yancy Medeiros,https://www.google.com/search?q=Nick+Diaz+Academy+MMA+gym+location+elevation,Nick Diaz Academy,,,,,,,pending_google_api_lookup,Elevation intentionally left blank until Google Maps API lookup is run; avoid guessing for ambiguous gym names.
Nicks Fight Club Amarillo Texas,1,Cody Pfister,https://www.google.com/search?q=Nicks+Fight+Club+Amarillo+Texas+MMA+gym+location+elevation,Nicks Fight Club Amarillo Texas,,,,,,,pending_google_api_lookup,Elevation intentionally left blank until Google Maps API lookup is run; avoid guessing for ambiguous gym names.
None,2,Matt Brown; Patrick Williams,https://www.google.com/search?q=None+MMA+gym+location+elevation,None,,,,,,,pending_google_api_lookup,Elevation intentionally left blank until Google Maps API lookup is run; avoid guessing for ambiguous gym names.
none (he is freelance),1,Michinori Tanaka,https://www.google.com/search?q=none+%28he+is+freelance%29+MMA+gym+location+elevation,none (he is freelance),,,,,,,pending_google_api_lookup,Elevation intentionally left blank until Google Maps API lookup is run; avoid guessing for ambiguous gym names.
"Nor-Cal Fighting Alliance - Santa Rosa, CA",1,Dominic Waters,https://www.google.com/search?q=Nor-Cal+Fighting+Alliance+-+Santa+Rosa%2C+CA+MMA+gym+location+elevation,"Nor-Cal Fighting Alliance - Santa Rosa, CA",,,,,,,pending_google_api_lookup,Elevation intentionally left blank until Google Maps API lookup is run; avoid guessing for ambiguous gym names.
Nottingham MMA,1,Marcin Wrzosek,https://www.google.com/search?q=Nottingham+MMA+MMA+gym+location+elevation,Nottingham MMA,,,,,,,pending_google_api_lookup,Elevation intentionally left blank until Google Maps API lookup is run; avoid guessing for ambiguous gym names.
Nova Unia - Manaus,1,Dileno Lopes,https://www.google.com/search?q=Nova+Unia+-+Manaus+MMA+gym+location+elevation,Nova Unia - Manaus,,,,,,,pending_google_api_lookup,Elevation intentionally left blank until Google Maps API lookup is run; avoid guessing for ambiguous gym names.
Nova Uniae - Barro Flamingo,1,Francimar Barroso,https://www.google.com/search?q=Nova+Uniae+-+Barro+Flamingo+MMA+gym+location+elevation,Nova Uniae - Barro Flamingo,,,,,,,pending_google_api_lookup,Elevation intentionally left blank until Google Maps API lookup is run; avoid guessing for ambiguous gym names.
Nova Uniao - Rio de Janeiro,13,Claudia Gadelha; Hacran Dias; Johnny Eduardo; Lara Procopio; Leonardo Santos,https://www.google.com/search?q=Nova+Uniao+-+Rio+de+Janeiro+MMA+gym+location+elevation,Nova Uniao - Rio de Janeiro,,,,,,,pending_google_api_lookup,Elevation intentionally left blank until Google Maps API lookup is run; avoid guessing for ambiguous gym names.
Nova União,7,Damian Pinas; Jafel Filho; José Aldo; José Souza; Ketlen Vieira,https://www.google.com/search?q=Nova+Uni%C3%A3o+MMA+gym+location+elevation,Nova União,,,,,,,pending_google_api_lookup,Elevation intentionally left blank until Google Maps API lookup is run; avoid guessing for ambiguous gym names.
NTG Fight & Fitness,1,Junior Tafa,https://www.google.com/search?q=NTG+Fight+%26+Fitness+MMA+gym+location+elevation,NTG Fight & Fitness,,,,,,,pending_google_api_lookup,Elevation intentionally left blank until Google Maps API lookup is run; avoid guessing for ambiguous gym names.
Ocatgon MMA - Bagota,1,Fredy Serrano,https://www.google.com/search?q=Ocatgon+MMA+-+Bagota+MMA+gym+location+elevation,Ocatgon MMA - Bagota,,,,,,,pending_google_api_lookup,Elevation intentionally left blank until Google Maps API lookup is run; avoid guessing for ambiguous gym names.
OCS - Paranagua,1,John Lineker,https://www.google.com/search?q=OCS+-+Paranagua+MMA+gym+location+elevation,OCS - Paranagua,,,,,,,pending_google_api_lookup,Elevation intentionally left blank until Google Maps API lookup is run; avoid guessing for ambiguous gym names.
Octagon MMA,1,Sean Spencer,https://www.google.com/search?q=Octagon+MMA+MMA+gym+location+elevation,Octagon MMA,,,,,,,pending_google_api_lookup,Elevation intentionally left blank until Google Maps API lookup is run; avoid guessing for ambiguous gym names.
"Octagon MMA - Dallas, TX",1,Matt Hobar,https://www.google.com/search?q=Octagon+MMA+-+Dallas%2C+TX+MMA+gym+location+elevation,"Octagon MMA - Dallas, TX",,,,,,,pending_google_api_lookup,Elevation intentionally left blank until Google Maps API lookup is run; avoid guessing for ambiguous gym names.
OF MMA,1,Antonio Braga Neto,https://www.google.com/search?q=OF+MMA+MMA+gym+location+elevation,OF MMA,,,,,,,pending_google_api_lookup,Elevation intentionally left blank until Google Maps API lookup is run; avoid guessing for ambiguous gym names.
Ohana Academy,1,Jonathan Martinez,https://www.google.com/search?q=Ohana+Academy+MMA+gym+location+elevation,Ohana Academy,,,,,,,pending_google_api_lookup,Elevation intentionally left blank until Google Maps API lookup is run; avoid guessing for ambiguous gym names.
Osman's Gym,1,Gaetano Pirrello,https://www.google.com/search?q=Osman%27s+Gym+MMA+gym+location+elevation,Osman's Gym,,,,,,,pending_google_api_lookup,Elevation intentionally left blank until Google Maps API lookup is run; avoid guessing for ambiguous gym names.
"Ottawa Academy of Martial Arts. Ottawa, ON",1,Adam Hunter,https://www.google.com/search?q=Ottawa+Academy+of+Martial+Arts.+Ottawa%2C+ON+MMA+gym+location+elevation,"Ottawa Academy of Martial Arts. Ottawa, ON",,,,,,,pending_google_api_lookup,Elevation intentionally left blank until Google Maps API lookup is run; avoid guessing for ambiguous gym names.
Outsiders Combat Club,1,Julia Avila,https://www.google.com/search?q=Outsiders+Combat+Club+MMA+gym+location+elevation,Outsiders Combat Club,,,,,,,pending_google_api_lookup,Elevation intentionally left blank until Google Maps API lookup is run; avoid guessing for ambiguous gym names.
"OXYgym Stavanger, Norway",1,Krzysztof Jotko,https://www.google.com/search?q=OXYgym+Stavanger%2C+Norway+MMA+gym+location+elevation,"OXYgym Stavanger, Norway",,,,,,,pending_google_api_lookup,Elevation intentionally left blank until Google Maps API lookup is run; avoid guessing for ambiguous gym names.
"Pancrase gym, Stockholm",1,Magnus Cedenblad,https://www.google.com/search?q=Pancrase+gym%2C+Stockholm+MMA+gym+location+elevation,"Pancrase gym, Stockholm",,,,,,,pending_google_api_lookup,Elevation intentionally left blank until Google Maps API lookup is run; avoid guessing for ambiguous gym names.
Paragon BJJ / Knuckleheadz Boxing,1,Tabatha Ricci,https://www.google.com/search?q=Paragon+BJJ+%2F+Knuckleheadz+Boxing+MMA+gym+location+elevation,Paragon BJJ / Knuckleheadz Boxing,,,,,,,pending_google_api_lookup,Elevation intentionally left blank until Google Maps API lookup is run; avoid guessing for ambiguous gym names.
Parillo Boxing,1,Santiago Luna,https://www.google.com/search?q=Parillo+Boxing+MMA+gym+location+elevation,Parillo Boxing,,,,,,,pending_google_api_lookup,Elevation intentionally left blank until Google Maps API lookup is run; avoid guessing for ambiguous gym names.
"Patenaude Martial Arts, Kill Cliff FC",1,Julien Leblanc,https://www.google.com/search?q=Patenaude+Martial+Arts%2C+Kill+Cliff+FC+MMA+gym+location+elevation,"Patenaude Martial Arts, Kill Cliff FC",,,,,,,pending_google_api_lookup,Elevation intentionally left blank until Google Maps API lookup is run; avoid guessing for ambiguous gym names.
"Pellegrino MMA - Belmar, NJ",1,George Sullivan,https://www.google.com/search?q=Pellegrino+MMA+-+Belmar%2C+NJ+MMA+gym+location+elevation,"Pellegrino MMA - Belmar, NJ",,,,,,,pending_google_api_lookup,Elevation intentionally left blank until Google Maps API lookup is run; avoid guessing for ambiguous gym names.
"Peralta Fitness, Morumbi",1,Felipe Arantes,https://www.google.com/search?q=Peralta+Fitness%2C+Morumbi+MMA+gym+location+elevation,"Peralta Fitness, Morumbi",,,,,,,pending_google_api_lookup,Elevation intentionally left blank until Google Maps API lookup is run; avoid guessing for ambiguous gym names.
Peresvet Rostov-on-Don,1,Milana Dudieva,https://www.google.com/search?q=Peresvet+Rostov-on-Don+MMA+gym+location+elevation,Peresvet Rostov-on-Don,,,,,,,pending_google_api_lookup,Elevation intentionally left blank until Google Maps API lookup is run; avoid guessing for ambiguous gym names.
"Phuket Top Team- Thailand/ Apex MMA- Accrington, England",1,Ian Entwistle,https://www.google.com/search?q=Phuket+Top+Team-+Thailand%2F+Apex+MMA-+Accrington%2C+England+MMA+gym+location+elevation,"Phuket Top Team- Thailand/ Apex MMA- Accrington, England",,,,,,,pending_google_api_lookup,Elevation intentionally left blank until Google Maps API lookup is run; avoid guessing for ambiguous gym names.
Pinnacle Gym and Vamos,1,JooSang Yoo,https://www.google.com/search?q=Pinnacle+Gym+and+Vamos+MMA+gym+location+elevation,Pinnacle Gym and Vamos,,,,,,,pending_google_api_lookup,Elevation intentionally left blank until Google Maps API lookup is run; avoid guessing for ambiguous gym names.
Pinnacle MMA,1,King Green,https://www.google.com/search?q=Pinnacle+MMA+MMA+gym+location+elevation,Pinnacle MMA,,,,,,,pending_google_api_lookup,Elevation intentionally left blank until Google Maps API lookup is run; avoid guessing for ambiguous gym names.
Pitbull Brothers,1,Patricio Pitbull,https://www.google.com/search?q=Pitbull+Brothers+MMA+gym+location+elevation,Pitbull Brothers,,,,,,,pending_google_api_lookup,Elevation intentionally left blank until Google Maps API lookup is run; avoid guessing for ambiguous gym names.
Pitbull Martial Arts Center,3,Enrique Barzola; Kevin Borjas; Rodrigo Vera,https://www.google.com/search?q=Pitbull+Martial+Arts+Center+MMA+gym+location+elevation,Pitbull Martial Arts Center,,,,,,,pending_google_api_lookup,Elevation intentionally left blank until Google Maps API lookup is run; avoid guessing for ambiguous gym names.
"Planet Eater, Balingen",1,Peter Sobotta,https://www.google.com/search?q=Planet+Eater%2C+Balingen+MMA+gym+location+elevation,"Planet Eater, Balingen",,,,,,,pending_google_api_lookup,Elevation intentionally left blank until Google Maps API lookup is run; avoid guessing for ambiguous gym names.
"PMA, Padstow NSW, Australia",1,Robert Whittaker,https://www.google.com/search?q=PMA%2C+Padstow+NSW%2C+Australia+MMA+gym+location+elevation,"PMA, Padstow NSW, Australia",,,,,,,pending_google_api_lookup,Elevation intentionally left blank until Google Maps API lookup is run; avoid guessing for ambiguous gym names.
Polar Bear Team,1,Serghei Spivac,https://www.google.com/search?q=Polar+Bear+Team+MMA+gym+location+elevation,Polar Bear Team,,,,,,,pending_google_api_lookup,Elevation intentionally left blank until Google Maps API lookup is run; avoid guessing for ambiguous gym names.
Porrada Training Center/Uprising MMA,1,Billy Elekana,https://www.google.com/search?q=Porrada+Training+Center%2FUprising+MMA+MMA+gym+location+elevation,Porrada Training Center/Uprising MMA,,,,,,,pending_google_api_lookup,Elevation intentionally left blank until Google Maps API lookup is run; avoid guessing for ambiguous gym names.
"Portland, Oregon",1,Jason Novelli,https://www.google.com/search?q=Portland%2C+Oregon+MMA+gym+location+elevation,"Portland, Oregon",,,,,,,pending_google_api_lookup,Elevation intentionally left blank until Google Maps API lookup is run; avoid guessing for ambiguous gym names.
Pound 4 Pound,1,Denzel Freeman,https://www.google.com/search?q=Pound+4+Pound+MMA+gym+location+elevation,Pound 4 Pound,,,,,,,pending_google_api_lookup,Elevation intentionally left blank until Google Maps API lookup is run; avoid guessing for ambiguous gym names.
Pound 4 Pound Muay Thai,1,Yuneisy Duben,https://www.google.com/search?q=Pound+4+Pound+Muay+Thai+MMA+gym+location+elevation,Pound 4 Pound Muay Thai,,,,,,,pending_google_api_lookup,Elevation intentionally left blank until Google Maps API lookup is run; avoid guessing for ambiguous gym names.
Pound 4 Pound Muay Thai & Easton Training Center Denver,1,Miranda Maverick,https://www.google.com/search?q=Pound+4+Pound+Muay+Thai+%26+Easton+Training+Center+Denver+MMA+gym+location+elevation,Pound 4 Pound Muay Thai & Easton Training Center Denver,,,,,,,pending_google_api_lookup,Elevation intentionally left blank until Google Maps API lookup is run; avoid guessing for ambiguous gym names.
"Power MMA and Fintess - Gilbert, AZ",3,CB Dollaway; Elvis Mutapcic; Ryan Bader,https://www.google.com/search?q=Power+MMA+and+Fintess+-+Gilbert%2C+AZ+MMA+gym+location+elevation,"Power MMA and Fintess - Gilbert, AZ",,,,,,,pending_google_api_lookup,Elevation intentionally left blank until Google Maps API lookup is run; avoid guessing for ambiguous gym names.
Prana Jiu Jitsu Stockholm,1,Nico Musoke,https://www.google.com/search?q=Prana+Jiu+Jitsu+Stockholm+MMA+gym+location+elevation,Prana Jiu Jitsu Stockholm,,,,,,,pending_google_api_lookup,Elevation intentionally left blank until Google Maps API lookup is run; avoid guessing for ambiguous gym names.
Premier Combat Center,1,Joe Ellenberger,https://www.google.com/search?q=Premier+Combat+Center+MMA+gym+location+elevation,Premier Combat Center,,,,,,,pending_google_api_lookup,Elevation intentionally left blank until Google Maps API lookup is run; avoid guessing for ambiguous gym names.
PRO GYM - Saint-Jean,1,Steve Bosse,https://www.google.com/search?q=PRO+GYM+-+Saint-Jean+MMA+gym+location+elevation,PRO GYM - Saint-Jean,,,,,,,pending_google_api_lookup,Elevation intentionally left blank until Google Maps API lookup is run; avoid guessing for ambiguous gym names.
Progressive Jiu Jitsu MMA Fitness Vancouver,1,Chris De La Rocha,https://www.google.com/search?q=Progressive+Jiu+Jitsu+MMA+Fitness+Vancouver+MMA+gym+location+elevation,Progressive Jiu Jitsu MMA Fitness Vancouver,,,,,,,pending_google_api_lookup,Elevation intentionally left blank until Google Maps API lookup is run; avoid guessing for ambiguous gym names.
"Projeto casa da cultura , amazon pro team",1,Larissa Pacheco,https://www.google.com/search?q=Projeto+casa+da+cultura+%2C+amazon+pro+team+MMA+gym+location+elevation,"Projeto casa da cultura , amazon pro team",,,,,,,pending_google_api_lookup,Elevation intentionally left blank until Google Maps API lookup is run; avoid guessing for ambiguous gym names.
PRVT Para Vale Tudo,1,Jéssica Andrade,https://www.google.com/search?q=PRVT+Para+Vale+Tudo+MMA+gym+location+elevation,PRVT Para Vale Tudo,,,,,,,pending_google_api_lookup,Elevation intentionally left blank until Google Maps API lookup is run; avoid guessing for ambiguous gym names.
Pura Vida BJJ & MMA,4,Cortavious Romious; Montel Jackson; Nick Klein; Wes Schultz,https://www.google.com/search?q=Pura+Vida+BJJ+%26+MMA+MMA+gym+location+elevation,Pura Vida BJJ & MMA,,,,,,,pending_google_api_lookup,Elevation intentionally left blank until Google Maps API lookup is run; avoid guessing for ambiguous gym names.
Q MMA,1,Levan Chokheli,https://www.google.com/search?q=Q+MMA+MMA+gym+location+elevation,Q MMA,,,,,,,pending_google_api_lookup,Elevation intentionally left blank until Google Maps API lookup is run; avoid guessing for ambiguous gym names.
"Rascal Gym, Tokyo Japan",1,Takanori Gomi,https://www.google.com/search?q=Rascal+Gym%2C+Tokyo+Japan+MMA+gym+location+elevation,"Rascal Gym, Tokyo Japan",,,,,,,pending_google_api_lookup,Elevation intentionally left blank until Google Maps API lookup is run; avoid guessing for ambiguous gym names.
Red Dragon Poznan,1,Jakub Wiklacz,https://www.google.com/search?q=Red+Dragon+Poznan+MMA+gym+location+elevation,Red Dragon Poznan,,,,,,,pending_google_api_lookup,Elevation intentionally left blank until Google Maps API lookup is run; avoid guessing for ambiguous gym names.
Red Hawk Academy,1,Tommy McMillen,https://www.google.com/search?q=Red+Hawk+Academy+MMA+gym+location+elevation,Red Hawk Academy,,,,,,,pending_google_api_lookup,Elevation intentionally left blank until Google Maps API lookup is run; avoid guessing for ambiguous gym names.
Red's Boxing,1,Drako Rodriguez,https://www.google.com/search?q=Red%27s+Boxing+MMA+gym+location+elevation,Red's Boxing,,,,,,,pending_google_api_lookup,Elevation intentionally left blank until Google Maps API lookup is run; avoid guessing for ambiguous gym names.
Regiment Training Center,1,Yorgan De Castro,https://www.google.com/search?q=Regiment+Training+Center+MMA+gym+location+elevation,Regiment Training Center,,,,,,,pending_google_api_lookup,Elevation intentionally left blank until Google Maps API lookup is run; avoid guessing for ambiguous gym names.
Reign Training Center Lake Forrest,3,Patrick Cummins; Tony Ferguson; Uriah Hall,https://www.google.com/search?q=Reign+Training+Center+Lake+Forrest+MMA+gym+location+elevation,Reign Training Center Lake Forrest,,,,,,,pending_google_api_lookup,Elevation intentionally left blank until Google Maps API lookup is run; avoid guessing for ambiguous gym names.
Reinders MMA,1,Tereza Bledá,https://www.google.com/search?q=Reinders+MMA+MMA+gym+location+elevation,Reinders MMA,,,,,,,pending_google_api_lookup,Elevation intentionally left blank until Google Maps API lookup is run; avoid guessing for ambiguous gym names.
Renegade Jiu-Jitsu,1,Jai Herbert,https://www.google.com/search?q=Renegade+Jiu-Jitsu+MMA+gym+location+elevation,Renegade Jiu-Jitsu,,,,,,,pending_google_api_lookup,Elevation intentionally left blank until Google Maps API lookup is run; avoid guessing for ambiguous gym names.
Reno Academy of Combat,1,Payton Talbott,https://www.google.com/search?q=Reno+Academy+of+Combat+MMA+gym+location+elevation,Reno Academy of Combat,,,,,,,pending_google_api_lookup,Elevation intentionally left blank until Google Maps API lookup is run; avoid guessing for ambiguous gym names.
Renzo Gracie Academy,2,Katlyn Cerminara; Ryan Benoit,https://www.google.com/search?q=Renzo+Gracie+Academy+MMA+gym+location+elevation,Renzo Gracie Academy,,,,,,,pending_google_api_lookup,Elevation intentionally left blank until Google Maps API lookup is run; avoid guessing for ambiguous gym names.
"Renzo gracie Academy- Houston, Texas",1,Rafael Natal,https://www.google.com/search?q=Renzo+gracie+Academy-+Houston%2C+Texas+MMA+gym+location+elevation,"Renzo gracie Academy- Houston, Texas",,,,,,,pending_google_api_lookup,Elevation intentionally left blank until Google Maps API lookup is run; avoid guessing for ambiguous gym names.
Renzo Gracie Philly (Philadelphia) / BMF Ranch (New Mexico),1,Paul Felder,https://www.google.com/search?q=Renzo+Gracie+Philly+%28Philadelphia%29+%2F+BMF+Ranch+%28New+Mexico%29+MMA+gym+location+elevation,Renzo Gracie Philly (Philadelphia) / BMF Ranch (New Mexico),,,,,,,pending_google_api_lookup,Elevation intentionally left blank until Google Maps API lookup is run; avoid guessing for ambiguous gym names.
Resilience Training Centre- Melbourne,1,Daniel Kelly,https://www.google.com/search?q=Resilience+Training+Centre-+Melbourne+MMA+gym+location+elevation,Resilience Training Centre- Melbourne,,,,,,,pending_google_api_lookup,Elevation intentionally left blank until Google Maps API lookup is run; avoid guessing for ambiguous gym names.
Resistance Fight Team,1,Alexis Davis,https://www.google.com/search?q=Resistance+Fight+Team+MMA+gym+location+elevation,Resistance Fight Team,,,,,,,pending_google_api_lookup,Elevation intentionally left blank until Google Maps API lookup is run; avoid guessing for ambiguous gym names.
"Revolution Martial Arts Inman, SC",2,Hector Urbina; Justin Scoggins,https://www.google.com/search?q=Revolution+Martial+Arts+Inman%2C+SC+MMA+gym+location+elevation,"Revolution Martial Arts Inman, SC",,,,,,,pending_google_api_lookup,Elevation intentionally left blank until Google Maps API lookup is run; avoid guessing for ambiguous gym names.
"Revolution Martial Arts, Langley BC Canada",1,Jeremy Kennedy,https://www.google.com/search?q=Revolution+Martial+Arts%2C+Langley+BC+Canada+MMA+gym+location+elevation,"Revolution Martial Arts, Langley BC Canada",,,,,,,pending_google_api_lookup,Elevation intentionally left blank until Google Maps API lookup is run; avoid guessing for ambiguous gym names.
Revolution MMA,1,Sara McMann,https://www.google.com/search?q=Revolution+MMA+MMA+gym+location+elevation,Revolution MMA,,,,,,,pending_google_api_lookup,Elevation intentionally left blank until Google Maps API lookup is run; avoid guessing for ambiguous gym names.
Ricardo Almeida / Valor MMA,1,Edson Barboza,https://www.google.com/search?q=Ricardo+Almeida+%2F+Valor+MMA+MMA+gym+location+elevation,Ricardo Almeida / Valor MMA,,,,,,,pending_google_api_lookup,Elevation intentionally left blank until Google Maps API lookup is run; avoid guessing for ambiguous gym names.
"Ricardo Almeida Braziliian Jiu Jitsu - Robinsville, NJ",1,Corey Anderson,https://www.google.com/search?q=Ricardo+Almeida+Braziliian+Jiu+Jitsu+-+Robinsville%2C+NJ+MMA+gym+location+elevation,"Ricardo Almeida Braziliian Jiu Jitsu - Robinsville, NJ",,,,,,,pending_google_api_lookup,Elevation intentionally left blank until Google Maps API lookup is run; avoid guessing for ambiguous gym names.
Ricardo Almeida/Valor MMA,1,Thiago Santos,https://www.google.com/search?q=Ricardo+Almeida%2FValor+MMA+MMA+gym+location+elevation,Ricardo Almeida/Valor MMA,,,,,,,pending_google_api_lookup,Elevation intentionally left blank until Google Maps API lookup is run; avoid guessing for ambiguous gym names.
RNC Sport Club Hyvinkää,1,Tina Lahdemaki,https://www.google.com/search?q=RNC+Sport+Club+Hyvink%C3%A4%C3%A4+MMA+gym+location+elevation,RNC Sport Club Hyvinkää,,,,,,,pending_google_api_lookup,Elevation intentionally left blank until Google Maps API lookup is run; avoid guessing for ambiguous gym names.
Roger Gracie Academy,1,Julija Stoliarenko,https://www.google.com/search?q=Roger+Gracie+Academy+MMA+gym+location+elevation,Roger Gracie Academy,,,,,,,pending_google_api_lookup,Elevation intentionally left blank until Google Maps API lookup is run; avoid guessing for ambiguous gym names.
"Ronin Training Center Columbus, OH",1,Daniel Spohn,https://www.google.com/search?q=Ronin+Training+Center+Columbus%2C+OH+MMA+gym+location+elevation,"Ronin Training Center Columbus, OH",,,,,,,pending_google_api_lookup,Elevation intentionally left blank until Google Maps API lookup is run; avoid guessing for ambiguous gym names.
Rosas Brothers MMA,1,Raul Rosas Jr.,https://www.google.com/search?q=Rosas+Brothers+MMA+MMA+gym+location+elevation,Rosas Brothers MMA,,,,,,,pending_google_api_lookup,Elevation intentionally left blank until Google Maps API lookup is run; avoid guessing for ambiguous gym names.
Rose City FC,1,Mike Pierce,https://www.google.com/search?q=Rose+City+FC+MMA+gym+location+elevation,Rose City FC,,,,,,,pending_google_api_lookup,Elevation intentionally left blank until Google Maps API lookup is run; avoid guessing for ambiguous gym names.
"RothwellMMA/LCCT Kenosha, WI",1,Ben Rothwell,https://www.google.com/search?q=RothwellMMA%2FLCCT+Kenosha%2C+WI+MMA+gym+location+elevation,"RothwellMMA/LCCT Kenosha, WI",,,,,,,pending_google_api_lookup,Elevation intentionally left blank until Google Maps API lookup is run; avoid guessing for ambiguous gym names.
Roufusport,4,Anthony Pettis; Dustin Ortiz; Erik Koch; Mark Choinski,https://www.google.com/search?q=Roufusport+MMA+gym+location+elevation,Roufusport,,,,,,,pending_google_api_lookup,Elevation intentionally left blank until Google Maps API lookup is run; avoid guessing for ambiguous gym names.
"Roufusport - Milwaukee, WI",1,Jordan Griffin,https://www.google.com/search?q=Roufusport+-+Milwaukee%2C+WI+MMA+gym+location+elevation,"Roufusport - Milwaukee, WI",,,,,,,pending_google_api_lookup,Elevation intentionally left blank until Google Maps API lookup is run; avoid guessing for ambiguous gym names.
"Roufusport, (Mikwaukee, WI) & Chicago Fight Team (Chicago, IL)",1,Belal Muhammad,https://www.google.com/search?q=Roufusport%2C+%28Mikwaukee%2C+WI%29+%26+Chicago+Fight+Team+%28Chicago%2C+IL%29+MMA+gym+location+elevation,"Roufusport, (Mikwaukee, WI) & Chicago Fight Team (Chicago, IL)",,,,,,,pending_google_api_lookup,Elevation intentionally left blank until Google Maps API lookup is run; avoid guessing for ambiguous gym names.
Rumble Sports,1,Nicolas Dalby,https://www.google.com/search?q=Rumble+Sports+MMA+gym+location+elevation,Rumble Sports,,,,,,,pending_google_api_lookup,Elevation intentionally left blank until Google Maps API lookup is run; avoid guessing for ambiguous gym names.
Rumble Sports - Copenhagen,2,Anna Elmose; Damir Hadžović,https://www.google.com/search?q=Rumble+Sports+-+Copenhagen+MMA+gym+location+elevation,Rumble Sports - Copenhagen,,,,,,,pending_google_api_lookup,Elevation intentionally left blank until Google Maps API lookup is run; avoid guessing for ambiguous gym names.
RVCA,1,Jalin Turner,https://www.google.com/search?q=RVCA+MMA+gym+location+elevation,RVCA,,,,,,,pending_google_api_lookup,Elevation intentionally left blank until Google Maps API lookup is run; avoid guessing for ambiguous gym names.
S4 Warszawa,1,Marcin Tybura,https://www.google.com/search?q=S4+Warszawa+MMA+gym+location+elevation,S4 Warszawa,,,,,,,pending_google_api_lookup,Elevation intentionally left blank until Google Maps API lookup is run; avoid guessing for ambiguous gym names.
S4 Wevszewe,1,Bartosz Fabinski,https://www.google.com/search?q=S4+Wevszewe+MMA+gym+location+elevation,S4 Wevszewe,,,,,,,pending_google_api_lookup,Elevation intentionally left blank until Google Maps API lookup is run; avoid guessing for ambiguous gym names.
Saekson's Muay Thai Van Nuys,1,Danielle Taylor,https://www.google.com/search?q=Saekson%27s+Muay+Thai+Van+Nuys+MMA+gym+location+elevation,Saekson's Muay Thai Van Nuys,,,,,,,pending_google_api_lookup,Elevation intentionally left blank until Google Maps API lookup is run; avoid guessing for ambiguous gym names.
Saigon Sports Club- Vietnam,1,Dan Hooker,https://www.google.com/search?q=Saigon+Sports+Club-+Vietnam+MMA+gym+location+elevation,Saigon Sports Club- Vietnam,,,,,,,pending_google_api_lookup,Elevation intentionally left blank until Google Maps API lookup is run; avoid guessing for ambiguous gym names.
San Diego Combat Academy,1,Liz Carmouche,https://www.google.com/search?q=San+Diego+Combat+Academy+MMA+gym+location+elevation,San Diego Combat Academy,,,,,,,pending_google_api_lookup,Elevation intentionally left blank until Google Maps API lookup is run; avoid guessing for ambiguous gym names.
Sanford MMA,14,Andre Fialho; Charles Rosa; Chase Sherman; Christos Giagos; Dalcha Lungiambula,https://www.google.com/search?q=Sanford+MMA+MMA+gym+location+elevation,Sanford MMA,,,,,,,pending_google_api_lookup,Elevation intentionally left blank until Google Maps API lookup is run; avoid guessing for ambiguous gym names.
SBG,1,Cathal Pendred,https://www.google.com/search?q=SBG+MMA+gym+location+elevation,SBG,,,,,,,pending_google_api_lookup,Elevation intentionally left blank until Google Maps API lookup is run; avoid guessing for ambiguous gym names.
SBG Ireland,7,Aisling Daly; Artem Lobov; Brad Katona; Conor McGregor; Johnny Walker,https://www.google.com/search?q=SBG+Ireland+MMA+gym+location+elevation,SBG Ireland,,,,,,,pending_google_api_lookup,Elevation intentionally left blank until Google Maps API lookup is run; avoid guessing for ambiguous gym names.
SBG Manchester,1,Davey Grant,https://www.google.com/search?q=SBG+Manchester+MMA+gym+location+elevation,SBG Manchester,,,,,,,pending_google_api_lookup,Elevation intentionally left blank until Google Maps API lookup is run; avoid guessing for ambiguous gym names.
SBGAthens,1,Rory Singer,https://www.google.com/search?q=SBGAthens+MMA+gym+location+elevation,SBGAthens,,,,,,,pending_google_api_lookup,Elevation intentionally left blank until Google Maps API lookup is run; avoid guessing for ambiguous gym names.
School of MMA of Alexey Oleynik,1,Aleksei Oleinik,https://www.google.com/search?q=School+of+MMA+of+Alexey+Oleynik+MMA+gym+location+elevation,School of MMA of Alexey Oleynik,,,,,,,pending_google_api_lookup,Elevation intentionally left blank until Google Maps API lookup is run; avoid guessing for ambiguous gym names.
Scrappy MMA,1,Jack Della Maddalena,https://www.google.com/search?q=Scrappy+MMA+MMA+gym+location+elevation,Scrappy MMA,,,,,,,pending_google_api_lookup,Elevation intentionally left blank until Google Maps API lookup is run; avoid guessing for ambiguous gym names.
"Serra-Longo - Long Island, NY",4,Al Iaquinta; Aljamain Sterling; Charalampos Grigoriou; Mizuki,https://www.google.com/search?q=Serra-Longo+-+Long+Island%2C+NY+MMA+gym+location+elevation,"Serra-Longo - Long Island, NY",,,,,,,pending_google_api_lookup,Elevation intentionally left blank until Google Maps API lookup is run; avoid guessing for ambiguous gym names.
Shandas MMA,1,Nyamjargal Tumendemberel,https://www.google.com/search?q=Shandas+MMA+MMA+gym+location+elevation,Shandas MMA,,,,,,,pending_google_api_lookup,Elevation intentionally left blank until Google Maps API lookup is run; avoid guessing for ambiguous gym names.
"Shield Systems Academy - Knoxville, TN",1,Scott Holtzman,https://www.google.com/search?q=Shield+Systems+Academy+-+Knoxville%2C+TN+MMA+gym+location+elevation,"Shield Systems Academy - Knoxville, TN",,,,,,,pending_google_api_lookup,Elevation intentionally left blank until Google Maps API lookup is run; avoid guessing for ambiguous gym names.
Shore Mixed Martial Arts,1,Oban Elliott,https://www.google.com/search?q=Shore+Mixed+Martial+Arts+MMA+gym+location+elevation,Shore Mixed Martial Arts,,,,,,,pending_google_api_lookup,Elevation intentionally left blank until Google Maps API lookup is run; avoid guessing for ambiguous gym names.
Siege MMA,1,Kamuela Kirk,https://www.google.com/search?q=Siege+MMA+MMA+gym+location+elevation,Siege MMA,,,,,,,pending_google_api_lookup,Elevation intentionally left blank until Google Maps API lookup is run; avoid guessing for ambiguous gym names.
Sik-Jitsu Mixed Martial Arts,1,Brady Hiestand,https://www.google.com/search?q=Sik-Jitsu+Mixed+Martial+Arts+MMA+gym+location+elevation,Sik-Jitsu Mixed Martial Arts,,,,,,,pending_google_api_lookup,Elevation intentionally left blank until Google Maps API lookup is run; avoid guessing for ambiguous gym names.
"Sik-Jitsu Spokane, WA",4,Elizabeth Phillips; Julianna Peña; Michael Chiesa; Sam Sicilia,https://www.google.com/search?q=Sik-Jitsu+Spokane%2C+WA+MMA+gym+location+elevation,"Sik-Jitsu Spokane, WA",,,,,,,pending_google_api_lookup,Elevation intentionally left blank until Google Maps API lookup is run; avoid guessing for ambiguous gym names.
Sinosic Perosh Martial Arts SPMA Sydney,1,Anthony Perosh,https://www.google.com/search?q=Sinosic+Perosh+Martial+Arts+SPMA+Sydney+MMA+gym+location+elevation,Sinosic Perosh Martial Arts SPMA Sydney,,,,,,,pending_google_api_lookup,Elevation intentionally left blank until Google Maps API lookup is run; avoid guessing for ambiguous gym names.
Sityodtong - Boston,1,Rob Font,https://www.google.com/search?q=Sityodtong+-+Boston+MMA+gym+location+elevation,Sityodtong - Boston,,,,,,,pending_google_api_lookup,Elevation intentionally left blank until Google Maps API lookup is run; avoid guessing for ambiguous gym names.
Sityodtong Boston,1,Peter Barrett,https://www.google.com/search?q=Sityodtong+Boston+MMA+gym+location+elevation,Sityodtong Boston,,,,,,,pending_google_api_lookup,Elevation intentionally left blank until Google Maps API lookup is run; avoid guessing for ambiguous gym names.
Sityodtong Boston MA / Perfomrance Compound St. Cloud MN,1,Anthony Rocco Martin,https://www.google.com/search?q=Sityodtong+Boston+MA+%2F+Perfomrance+Compound+St.+Cloud+MN+MMA+gym+location+elevation,Sityodtong Boston MA / Perfomrance Compound St. Cloud MN,,,,,,,pending_google_api_lookup,Elevation intentionally left blank until Google Maps API lookup is run; avoid guessing for ambiguous gym names.
SKULLMAN / Gracie Barcelona - Spain,1,Abner Lloveras,https://www.google.com/search?q=SKULLMAN+%2F+Gracie+Barcelona+-+Spain+MMA+gym+location+elevation,SKULLMAN / Gracie Barcelona - Spain,,,,,,,pending_google_api_lookup,Elevation intentionally left blank until Google Maps API lookup is run; avoid guessing for ambiguous gym names.
Sochi Star,1,Magomed Mustafaev,https://www.google.com/search?q=Sochi+Star+MMA+gym+location+elevation,Sochi Star,,,,,,,pending_google_api_lookup,Elevation intentionally left blank until Google Maps API lookup is run; avoid guessing for ambiguous gym names.
Sombra Team MMA,1,Vinicius Oliveira,https://www.google.com/search?q=Sombra+Team+MMA+MMA+gym+location+elevation,Sombra Team MMA,,,,,,,pending_google_api_lookup,Elevation intentionally left blank until Google Maps API lookup is run; avoid guessing for ambiguous gym names.
Soul Fighters,1,Tony Kelley,https://www.google.com/search?q=Soul+Fighters+MMA+gym+location+elevation,Soul Fighters,,,,,,,pending_google_api_lookup,Elevation intentionally left blank until Google Maps API lookup is run; avoid guessing for ambiguous gym names.
Southside Kickboxing Company,1,Sarah Alpar,https://www.google.com/search?q=Southside+Kickboxing+Company+MMA+gym+location+elevation,Southside Kickboxing Company,,,,,,,pending_google_api_lookup,Elevation intentionally left blank until Google Maps API lookup is run; avoid guessing for ambiguous gym names.
Spartakus Fight Gym,1,Martin Buday,https://www.google.com/search?q=Spartakus+Fight+Gym+MMA+gym+location+elevation,Spartakus Fight Gym,,,,,,,pending_google_api_lookup,Elevation intentionally left blank until Google Maps API lookup is run; avoid guessing for ambiguous gym names.
Spartan Fitness MMA,1,Eryk Anders,https://www.google.com/search?q=Spartan+Fitness+MMA+MMA+gym+location+elevation,Spartan Fitness MMA,,,,,,,pending_google_api_lookup,Elevation intentionally left blank until Google Maps API lookup is run; avoid guessing for ambiguous gym names.
Squabble MMA,1,Kevin Holland,https://www.google.com/search?q=Squabble+MMA+MMA+gym+location+elevation,Squabble MMA,,,,,,,pending_google_api_lookup,Elevation intentionally left blank until Google Maps API lookup is run; avoid guessing for ambiguous gym names.
Stewie's House of BJJ,1,Jimmy Crute,https://www.google.com/search?q=Stewie%27s+House+of+BJJ+MMA+gym+location+elevation,Stewie's House of BJJ,,,,,,,pending_google_api_lookup,Elevation intentionally left blank until Google Maps API lookup is run; avoid guessing for ambiguous gym names.
STL Boxing,1,Joaquin Buckley,https://www.google.com/search?q=STL+Boxing+MMA+gym+location+elevation,STL Boxing,,,,,,,pending_google_api_lookup,Elevation intentionally left blank until Google Maps API lookup is run; avoid guessing for ambiguous gym names.
Storm School,1,Andrey Pulyaev,https://www.google.com/search?q=Storm+School+MMA+gym+location+elevation,Storm School,,,,,,,pending_google_api_lookup,Elevation intentionally left blank until Google Maps API lookup is run; avoid guessing for ambiguous gym names.
Strong Style Cleveland,2,Aleksa Camur; Jessica Eye,https://www.google.com/search?q=Strong+Style+Cleveland+MMA+gym+location+elevation,Strong Style Cleveland,,,,,,,pending_google_api_lookup,Elevation intentionally left blank until Google Maps API lookup is run; avoid guessing for ambiguous gym names.
Strongstyle Fight Team,1,Stipe Miocic,https://www.google.com/search?q=Strongstyle+Fight+Team+MMA+gym+location+elevation,Strongstyle Fight Team,,,,,,,pending_google_api_lookup,Elevation intentionally left blank until Google Maps API lookup is run; avoid guessing for ambiguous gym names.
"Subfighter MMA Laguna Nigel, CA",2,Ashlee Evans-Smith; Gabe Green,https://www.google.com/search?q=Subfighter+MMA+Laguna+Nigel%2C+CA+MMA+gym+location+elevation,"Subfighter MMA Laguna Nigel, CA",,,,,,,pending_google_api_lookup,Elevation intentionally left blank until Google Maps API lookup is run; avoid guessing for ambiguous gym names.
"Submission Boxing Academy Pearland, TX",1,Justin Ledet,https://www.google.com/search?q=Submission+Boxing+Academy+Pearland%2C+TX+MMA+gym+location+elevation,"Submission Boxing Academy Pearland, TX",,,,,,,pending_google_api_lookup,Elevation intentionally left blank until Google Maps API lookup is run; avoid guessing for ambiguous gym names.
Syndicate MMA,21,Brandon Jenkins; Carl Deaton; Chepe Mariscal; Cynthia Calvillo; Dennis Buzukja,https://www.google.com/search?q=Syndicate+MMA+MMA+gym+location+elevation,Syndicate MMA,,,,,,,pending_google_api_lookup,Elevation intentionally left blank until Google Maps API lookup is run; avoid guessing for ambiguous gym names.
"Syndicate MMA - Las Vegas, NV",6,Arman Tsarukyan; Khalil Rountree Jr.; Kody Steele; Mike Pyle; Roxanne Modafferi,https://www.google.com/search?q=Syndicate+MMA+-+Las+Vegas%2C+NV+MMA+gym+location+elevation,"Syndicate MMA - Las Vegas, NV",,,,,,,pending_google_api_lookup,Elevation intentionally left blank until Google Maps API lookup is run; avoid guessing for ambiguous gym names.
Syndicate MMA and Tiger Muay Thai,1,Daniil Donchenko,https://www.google.com/search?q=Syndicate+MMA+and+Tiger+Muay+Thai+MMA+gym+location+elevation,Syndicate MMA and Tiger Muay Thai,,,,,,,pending_google_api_lookup,Elevation intentionally left blank until Google Maps API lookup is run; avoid guessing for ambiguous gym names.
T-BLOOD,1,Tatsuya Kawajiri,https://www.google.com/search?q=T-BLOOD+MMA+gym+location+elevation,T-BLOOD,,,,,,,pending_google_api_lookup,Elevation intentionally left blank until Google Maps API lookup is run; avoid guessing for ambiguous gym names.
Tafa Gang,1,Justin Tafa,https://www.google.com/search?q=Tafa+Gang+MMA+gym+location+elevation,Tafa Gang,,,,,,,pending_google_api_lookup,Elevation intentionally left blank until Google Maps API lookup is run; avoid guessing for ambiguous gym names.
Tapout - Burlington/Headrush - TC,1,Elias Theodorou,https://www.google.com/search?q=Tapout+-+Burlington%2FHeadrush+-+TC+MMA+gym+location+elevation,Tapout - Burlington/Headrush - TC,,,,,,,pending_google_api_lookup,Elevation intentionally left blank until Google Maps API lookup is run; avoid guessing for ambiguous gym names.
TATA Fight Team - Rio de Janeiro,2,Alex Oliveira; Andre Muniz,https://www.google.com/search?q=TATA+Fight+Team+-+Rio+de+Janeiro+MMA+gym+location+elevation,TATA Fight Team - Rio de Janeiro,,,,,,,pending_google_api_lookup,Elevation intentionally left blank until Google Maps API lookup is run; avoid guessing for ambiguous gym names.
Tatsujin MMA,1,Marcin Prachnio,https://www.google.com/search?q=Tatsujin+MMA+MMA+gym+location+elevation,Tatsujin MMA,,,,,,,pending_google_api_lookup,Elevation intentionally left blank until Google Maps API lookup is run; avoid guessing for ambiguous gym names.
Team 5050 Guayaquil Ecuador,1,Marlon Vera,https://www.google.com/search?q=Team+5050+Guayaquil+Ecuador+MMA+gym+location+elevation,Team 5050 Guayaquil Ecuador,,,,,,,pending_google_api_lookup,Elevation intentionally left blank until Google Maps API lookup is run; avoid guessing for ambiguous gym names.
Team 515,1,Kevin Aguilar,https://www.google.com/search?q=Team+515+MMA+gym+location+elevation,Team 515,,,,,,,pending_google_api_lookup,Elevation intentionally left blank until Google Maps API lookup is run; avoid guessing for ambiguous gym names.
Team Alpha Male,12,Alexander Munoz; Benito Lopez; Cory McKenna; Isaac Thomson; Joseph Morales,https://www.google.com/search?q=Team+Alpha+Male+MMA+gym+location+elevation,Team Alpha Male,,,,,,,pending_google_api_lookup,Elevation intentionally left blank until Google Maps API lookup is run; avoid guessing for ambiguous gym names.
Team Alpha Male (Urijah Faber's Ultimate Fitness),10,Andre Fili; Chad Mendes; Chris Holdsworth; Cody Garbrandt; Danny Castillo,https://www.google.com/search?q=Team+Alpha+Male+%28Urijah+Faber%27s+Ultimate+Fitness%29+MMA+gym+location+elevation,Team Alpha Male (Urijah Faber's Ultimate Fitness),,,,,,,pending_google_api_lookup,Elevation intentionally left blank until Google Maps API lookup is run; avoid guessing for ambiguous gym names.
"Team Alpha Male Japan, other gyms",1,Teruto Ishihara,https://www.google.com/search?q=Team+Alpha+Male+Japan%2C+other+gyms+MMA+gym+location+elevation,"Team Alpha Male Japan, other gyms",,,,,,,pending_google_api_lookup,Elevation intentionally left blank until Google Maps API lookup is run; avoid guessing for ambiguous gym names.
Team Amedovski,1,Alen Amedovski,https://www.google.com/search?q=Team+Amedovski+MMA+gym+location+elevation,Team Amedovski,,,,,,,pending_google_api_lookup,Elevation intentionally left blank until Google Maps API lookup is run; avoid guessing for ambiguous gym names.
Team Aoriqileng,1,Aoriqileng,https://www.google.com/search?q=Team+Aoriqileng+MMA+gym+location+elevation,Team Aoriqileng,,,,,,,pending_google_api_lookup,Elevation intentionally left blank until Google Maps API lookup is run; avoid guessing for ambiguous gym names.
"Team Balance - Binghamton, NY",1,Tamdan McCrory,https://www.google.com/search?q=Team+Balance+-+Binghamton%2C+NY+MMA+gym+location+elevation,"Team Balance - Binghamton, NY",,,,,,,pending_google_api_lookup,Elevation intentionally left blank until Google Maps API lookup is run; avoid guessing for ambiguous gym names.
Team Banzai,1,Pannie Kianzad,https://www.google.com/search?q=Team+Banzai+MMA+gym+location+elevation,Team Banzai,,,,,,,pending_google_api_lookup,Elevation intentionally left blank until Google Maps API lookup is run; avoid guessing for ambiguous gym names.
Team Borracha,2,Natalia Silva; Paulo Costa,https://www.google.com/search?q=Team+Borracha+MMA+gym+location+elevation,Team Borracha,,,,,,,pending_google_api_lookup,Elevation intentionally left blank until Google Maps API lookup is run; avoid guessing for ambiguous gym names.
Team Compton Training Centre,3,Dom Mar Fan; Stewart Nicoll; Tom Nolan,https://www.google.com/search?q=Team+Compton+Training+Centre+MMA+gym+location+elevation,Team Compton Training Centre,,,,,,,pending_google_api_lookup,Elevation intentionally left blank until Google Maps API lookup is run; avoid guessing for ambiguous gym names.
Team Crossface,1,Sam Patterson,https://www.google.com/search?q=Team+Crossface+MMA+gym+location+elevation,Team Crossface,,,,,,,pending_google_api_lookup,Elevation intentionally left blank until Google Maps API lookup is run; avoid guessing for ambiguous gym names.
Team Curran,1,Felice Herrig,https://www.google.com/search?q=Team+Curran+MMA+gym+location+elevation,Team Curran,,,,,,,pending_google_api_lookup,Elevation intentionally left blank until Google Maps API lookup is run; avoid guessing for ambiguous gym names.
Team Diakiese,1,Marc Diakiese,https://www.google.com/search?q=Team+Diakiese+MMA+gym+location+elevation,Team Diakiese,,,,,,,pending_google_api_lookup,Elevation intentionally left blank until Google Maps API lookup is run; avoid guessing for ambiguous gym names.
Team Elevation,2,Abdul Razak Alhassan; Shana Dobson,https://www.google.com/search?q=Team+Elevation+MMA+gym+location+elevation,Team Elevation,,,,,,,pending_google_api_lookup,Elevation intentionally left blank until Google Maps API lookup is run; avoid guessing for ambiguous gym names.
"Team Ferreira BJJ- Pharr, TX",1,Diego Ferreira,https://www.google.com/search?q=Team+Ferreira+BJJ-+Pharr%2C+TX+MMA+gym+location+elevation,"Team Ferreira BJJ- Pharr, TX",,,,,,,pending_google_api_lookup,Elevation intentionally left blank until Google Maps API lookup is run; avoid guessing for ambiguous gym names.
Team Figueiredo,3,Deiveson Figueiredo; Francisco Figueiredo; Zarah Fairn,https://www.google.com/search?q=Team+Figueiredo+MMA+gym+location+elevation,Team Figueiredo,,,,,,,pending_google_api_lookup,Elevation intentionally left blank until Google Maps API lookup is run; avoid guessing for ambiguous gym names.
Team Fish Tank,1,Mick Parkin,https://www.google.com/search?q=Team+Fish+Tank+MMA+gym+location+elevation,Team Fish Tank,,,,,,,pending_google_api_lookup,Elevation intentionally left blank until Google Maps API lookup is run; avoid guessing for ambiguous gym names.
Team Fluffy,1,Anthony Hernandez,https://www.google.com/search?q=Team+Fluffy+MMA+gym+location+elevation,Team Fluffy,,,,,,,pending_google_api_lookup,Elevation intentionally left blank until Google Maps API lookup is run; avoid guessing for ambiguous gym names.
Team Fusion,1,Julius Walker,https://www.google.com/search?q=Team+Fusion+MMA+gym+location+elevation,Team Fusion,,,,,,,pending_google_api_lookup,Elevation intentionally left blank until Google Maps API lookup is run; avoid guessing for ambiguous gym names.
Team Garry,1,Ian Machado Garry,https://www.google.com/search?q=Team+Garry+MMA+gym+location+elevation,Team Garry,,,,,,,pending_google_api_lookup,Elevation intentionally left blank until Google Maps API lookup is run; avoid guessing for ambiguous gym names.
Team Germaine- csa Holland,1,Germaine de Randamie,https://www.google.com/search?q=Team+Germaine-+csa+Holland+MMA+gym+location+elevation,Team Germaine- csa Holland,,,,,,,pending_google_api_lookup,Elevation intentionally left blank until Google Maps API lookup is run; avoid guessing for ambiguous gym names.
Team Gracie,1,Kron Gracie,https://www.google.com/search?q=Team+Gracie+MMA+gym+location+elevation,Team Gracie,,,,,,,pending_google_api_lookup,Elevation intentionally left blank until Google Maps API lookup is run; avoid guessing for ambiguous gym names.
Team Grishin,1,Max Grishin,https://www.google.com/search?q=Team+Grishin+MMA+gym+location+elevation,Team Grishin,,,,,,,pending_google_api_lookup,Elevation intentionally left blank until Google Maps API lookup is run; avoid guessing for ambiguous gym names.
Team Ground Control,1,Tucker Lutz,https://www.google.com/search?q=Team+Ground+Control+MMA+gym+location+elevation,Team Ground Control,,,,,,,pending_google_api_lookup,Elevation intentionally left blank until Google Maps API lookup is run; avoid guessing for ambiguous gym names.
Team Hafez,1,Bassil Hafez,https://www.google.com/search?q=Team+Hafez+MMA+gym+location+elevation,Team Hafez,,,,,,,pending_google_api_lookup,Elevation intentionally left blank until Google Maps API lookup is run; avoid guessing for ambiguous gym names.
Team Herman,1,Ed Herman,https://www.google.com/search?q=Team+Herman+MMA+gym+location+elevation,Team Herman,,,,,,,pending_google_api_lookup,Elevation intentionally left blank until Google Maps API lookup is run; avoid guessing for ambiguous gym names.
Team Hu,1,Hu Yaozong,https://www.google.com/search?q=Team+Hu+MMA+gym+location+elevation,Team Hu,,,,,,,pending_google_api_lookup,Elevation intentionally left blank until Google Maps API lookup is run; avoid guessing for ambiguous gym names.
"Team Irish MMA- Brewer, ME",1,Tim Boetsch,https://www.google.com/search?q=Team+Irish+MMA-+Brewer%2C+ME+MMA+gym+location+elevation,"Team Irish MMA- Brewer, ME",,,,,,,pending_google_api_lookup,Elevation intentionally left blank until Google Maps API lookup is run; avoid guessing for ambiguous gym names.
Team Jones,1,Jon Jones,https://www.google.com/search?q=Team+Jones+MMA+gym+location+elevation,Team Jones,,,,,,,pending_google_api_lookup,Elevation intentionally left blank until Google Maps API lookup is run; avoid guessing for ambiguous gym names.
Team Kaobon,2,Mike Grundy; Tom Aspinall,https://www.google.com/search?q=Team+Kaobon+MMA+gym+location+elevation,Team Kaobon,,,,,,,pending_google_api_lookup,Elevation intentionally left blank until Google Maps API lookup is run; avoid guessing for ambiguous gym names.
Team Kazula,1,Kazula Vargas,https://www.google.com/search?q=Team+Kazula+MMA+gym+location+elevation,Team Kazula,,,,,,,pending_google_api_lookup,Elevation intentionally left blank until Google Maps API lookup is run; avoid guessing for ambiguous gym names.
Team Lee,1,Andrea Lee,https://www.google.com/search?q=Team+Lee+MMA+gym+location+elevation,Team Lee,,,,,,,pending_google_api_lookup,Elevation intentionally left blank until Google Maps API lookup is run; avoid guessing for ambiguous gym names.
Team Link Hooksett,1,Joey Gomez,https://www.google.com/search?q=Team+Link+Hooksett+MMA+gym+location+elevation,Team Link Hooksett,,,,,,,pending_google_api_lookup,Elevation intentionally left blank until Google Maps API lookup is run; avoid guessing for ambiguous gym names.
Team Lion,1,Zarrukh Adashev,https://www.google.com/search?q=Team+Lion+MMA+gym+location+elevation,Team Lion,,,,,,,pending_google_api_lookup,Elevation intentionally left blank until Google Maps API lookup is run; avoid guessing for ambiguous gym names.
Team Lloyd Irvin,1,Tafon Nchukwi,https://www.google.com/search?q=Team+Lloyd+Irvin+MMA+gym+location+elevation,Team Lloyd Irvin,,,,,,,pending_google_api_lookup,Elevation intentionally left blank until Google Maps API lookup is run; avoid guessing for ambiguous gym names.
Team Lucas Mineiro,1,Kevin Vallejos,https://www.google.com/search?q=Team+Lucas+Mineiro+MMA+gym+location+elevation,Team Lucas Mineiro,,,,,,,pending_google_api_lookup,Elevation intentionally left blank until Google Maps API lookup is run; avoid guessing for ambiguous gym names.
"Team MAD Busan, South Korea",2,Dong Hyun Kim; Dong Hyun Ma,https://www.google.com/search?q=Team+MAD+Busan%2C+South+Korea+MMA+gym+location+elevation,"Team MAD Busan, South Korea",,,,,,,pending_google_api_lookup,Elevation intentionally left blank until Google Maps API lookup is run; avoid guessing for ambiguous gym names.
Team Malecki,1,Bea Malecki,https://www.google.com/search?q=Team+Malecki+MMA+gym+location+elevation,Team Malecki,,,,,,,pending_google_api_lookup,Elevation intentionally left blank until Google Maps API lookup is run; avoid guessing for ambiguous gym names.
Team Marquez MMA,1,Joe Pyfer,https://www.google.com/search?q=Team+Marquez+MMA+MMA+gym+location+elevation,Team Marquez MMA,,,,,,,pending_google_api_lookup,Elevation intentionally left blank until Google Maps API lookup is run; avoid guessing for ambiguous gym names.
Team Moreno,1,Brandon Moreno,https://www.google.com/search?q=Team+Moreno+MMA+gym+location+elevation,Team Moreno,,,,,,,pending_google_api_lookup,Elevation intentionally left blank until Google Maps API lookup is run; avoid guessing for ambiguous gym names.
Team Morocco,1,Ottman Azaitar,https://www.google.com/search?q=Team+Morocco+MMA+gym+location+elevation,Team Morocco,,,,,,,pending_google_api_lookup,Elevation intentionally left blank until Google Maps API lookup is run; avoid guessing for ambiguous gym names.
Team Nogueira - Rio de Janeiro,2,Antonio Rogerio Nogueira; Vitor Miranda,https://www.google.com/search?q=Team+Nogueira+-+Rio+de+Janeiro+MMA+gym+location+elevation,Team Nogueira - Rio de Janeiro,,,,,,,pending_google_api_lookup,Elevation intentionally left blank until Google Maps API lookup is run; avoid guessing for ambiguous gym names.
Team Nunes,1,Amanda Nunes,https://www.google.com/search?q=Team+Nunes+MMA+gym+location+elevation,Team Nunes,,,,,,,pending_google_api_lookup,Elevation intentionally left blank until Google Maps API lookup is run; avoid guessing for ambiguous gym names.
Team Nurmagomedov,1,Said Nurmagomedov,https://www.google.com/search?q=Team+Nurmagomedov+MMA+gym+location+elevation,Team Nurmagomedov,,,,,,,pending_google_api_lookup,Elevation intentionally left blank until Google Maps API lookup is run; avoid guessing for ambiguous gym names.
Team Ortega,1,Brian Ortega,https://www.google.com/search?q=Team+Ortega+MMA+gym+location+elevation,Team Ortega,,,,,,,pending_google_api_lookup,Elevation intentionally left blank until Google Maps API lookup is run; avoid guessing for ambiguous gym names.
Team Oyama,7,Alex Perez; Ding Meng; Fernando Padilla; Frank Camacho; Gianni Vazquez,https://www.google.com/search?q=Team+Oyama+MMA+gym+location+elevation,Team Oyama,,,,,,,pending_google_api_lookup,Elevation intentionally left blank until Google Maps API lookup is run; avoid guessing for ambiguous gym names.
"Team Oyama - Irvine, CA",3,Carla Esparza; Ian McCall; Yuma Horiuchi,https://www.google.com/search?q=Team+Oyama+-+Irvine%2C+CA+MMA+gym+location+elevation,"Team Oyama - Irvine, CA",,,,,,,pending_google_api_lookup,Elevation intentionally left blank until Google Maps API lookup is run; avoid guessing for ambiguous gym names.
Team Perry,1,Mike Perry,https://www.google.com/search?q=Team+Perry+MMA+gym+location+elevation,Team Perry,,,,,,,pending_google_api_lookup,Elevation intentionally left blank until Google Maps API lookup is run; avoid guessing for ambiguous gym names.
Team Pogues,1,Jamal Pogues,https://www.google.com/search?q=Team+Pogues+MMA+gym+location+elevation,Team Pogues,,,,,,,pending_google_api_lookup,Elevation intentionally left blank until Google Maps API lookup is run; avoid guessing for ambiguous gym names.
Team Potieria,1,Ihor Potieria,https://www.google.com/search?q=Team+Potieria+MMA+gym+location+elevation,Team Potieria,,,,,,,pending_google_api_lookup,Elevation intentionally left blank until Google Maps API lookup is run; avoid guessing for ambiguous gym names.
Team Quest,2,Ashley Yoder; Sam Alvey,https://www.google.com/search?q=Team+Quest+MMA+gym+location+elevation,Team Quest,,,,,,,pending_google_api_lookup,Elevation intentionally left blank until Google Maps API lookup is run; avoid guessing for ambiguous gym names.
Team Reis & M80 Wrestling,1,Talita Alencar,https://www.google.com/search?q=Team+Reis+%26+M80+Wrestling+MMA+gym+location+elevation,Team Reis & M80 Wrestling,,,,,,,pending_google_api_lookup,Elevation intentionally left blank until Google Maps API lookup is run; avoid guessing for ambiguous gym names.
Team Roberson,1,Karl Roberson,https://www.google.com/search?q=Team+Roberson+MMA+gym+location+elevation,Team Roberson,,,,,,,pending_google_api_lookup,Elevation intentionally left blank until Google Maps API lookup is run; avoid guessing for ambiguous gym names.
Team Robertson,1,Kenny Robertson,https://www.google.com/search?q=Team+Robertson+MMA+gym+location+elevation,Team Robertson,,,,,,,pending_google_api_lookup,Elevation intentionally left blank until Google Maps API lookup is run; avoid guessing for ambiguous gym names.
"Team ROC Charlotte, NC",1,Jordan Rinaldi,https://www.google.com/search?q=Team+ROC+Charlotte%2C+NC+MMA+gym+location+elevation,"Team ROC Charlotte, NC",,,,,,,pending_google_api_lookup,Elevation intentionally left blank until Google Maps API lookup is run; avoid guessing for ambiguous gym names.
Team Romanov,1,Alexandr Romanov,https://www.google.com/search?q=Team+Romanov+MMA+gym+location+elevation,Team Romanov,,,,,,,pending_google_api_lookup,Elevation intentionally left blank until Google Maps API lookup is run; avoid guessing for ambiguous gym names.
"Team Ryano Dublin, Republic of Ireland",1,Neil Seery,https://www.google.com/search?q=Team+Ryano+Dublin%2C+Republic+of+Ireland+MMA+gym+location+elevation,"Team Ryano Dublin, Republic of Ireland",,,,,,,pending_google_api_lookup,Elevation intentionally left blank until Google Maps API lookup is run; avoid guessing for ambiguous gym names.
Team Serra/Longo,1,Merab Dvalishvili,https://www.google.com/search?q=Team+Serra%2FLongo+MMA+gym+location+elevation,Team Serra/Longo,,,,,,,pending_google_api_lookup,Elevation intentionally left blank until Google Maps API lookup is run; avoid guessing for ambiguous gym names.
Team Sheetara,1,Mayra Bueno Silva,https://www.google.com/search?q=Team+Sheetara+MMA+gym+location+elevation,Team Sheetara,,,,,,,pending_google_api_lookup,Elevation intentionally left blank until Google Maps API lookup is run; avoid guessing for ambiguous gym names.
Team Stewart,1,Darren Stewart,https://www.google.com/search?q=Team+Stewart+MMA+gym+location+elevation,Team Stewart,,,,,,,pending_google_api_lookup,Elevation intentionally left blank until Google Maps API lookup is run; avoid guessing for ambiguous gym names.
Team Taha,1,Khalid Taha,https://www.google.com/search?q=Team+Taha+MMA+gym+location+elevation,Team Taha,,,,,,,pending_google_api_lookup,Elevation intentionally left blank until Google Maps API lookup is run; avoid guessing for ambiguous gym names.
"Team Takedown- Arlington, TX",1,Chas Skelly,https://www.google.com/search?q=Team+Takedown-+Arlington%2C+TX+MMA+gym+location+elevation,"Team Takedown- Arlington, TX",,,,,,,pending_google_api_lookup,Elevation intentionally left blank until Google Maps API lookup is run; avoid guessing for ambiguous gym names.
"Team Tavares- Florianopolis, Brasil",1,Thiago Tavares,https://www.google.com/search?q=Team+Tavares-+Florianopolis%2C+Brasil+MMA+gym+location+elevation,"Team Tavares- Florianopolis, Brasil",,,,,,,pending_google_api_lookup,Elevation intentionally left blank until Google Maps API lookup is run; avoid guessing for ambiguous gym names.
Team Thriving,1,Jarno Errens,https://www.google.com/search?q=Team+Thriving+MMA+gym+location+elevation,Team Thriving,,,,,,,pending_google_api_lookup,Elevation intentionally left blank until Google Maps API lookup is run; avoid guessing for ambiguous gym names.
Team Topuria,1,Ilia Topuria,https://www.google.com/search?q=Team+Topuria+MMA+gym+location+elevation,Team Topuria,,,,,,,pending_google_api_lookup,Elevation intentionally left blank until Google Maps API lookup is run; avoid guessing for ambiguous gym names.
Team Tuivasa,1,Tai Tuivasa,https://www.google.com/search?q=Team+Tuivasa+MMA+gym+location+elevation,Team Tuivasa,,,,,,,pending_google_api_lookup,Elevation intentionally left blank until Google Maps API lookup is run; avoid guessing for ambiguous gym names.
Team Zellhuber,1,Daniel Zellhuber,https://www.google.com/search?q=Team+Zellhuber+MMA+gym+location+elevation,Team Zellhuber,,,,,,,pending_google_api_lookup,Elevation intentionally left blank until Google Maps API lookup is run; avoid guessing for ambiguous gym names.
Team Zhang,1,Zhang Weili,https://www.google.com/search?q=Team+Zhang+MMA+gym+location+elevation,Team Zhang,,,,,,,pending_google_api_lookup,Elevation intentionally left blank until Google Maps API lookup is run; avoid guessing for ambiguous gym names.
"TeamMAD- Busan, South Korea",1,Seohee Ham,https://www.google.com/search?q=TeamMAD-+Busan%2C+South+Korea+MMA+gym+location+elevation,"TeamMAD- Busan, South Korea",,,,,,,pending_google_api_lookup,Elevation intentionally left blank until Google Maps API lookup is run; avoid guessing for ambiguous gym names.
Teixeira / Novaumiao,1,Caio Magalhaes,https://www.google.com/search?q=Teixeira+%2F+Novaumiao+MMA+gym+location+elevation,Teixeira / Novaumiao,,,,,,,pending_google_api_lookup,Elevation intentionally left blank until Google Maps API lookup is run; avoid guessing for ambiguous gym names.
"Teixeira MMA & Fitness-Bethel, CT",5,Alex Pereira; Glover Teixeira; Sabina Mazo; Wellington Turman; Yousri Belgaroui,https://www.google.com/search?q=Teixeira+MMA+%26+Fitness-Bethel%2C+CT+MMA+gym+location+elevation,"Teixeira MMA & Fitness-Bethel, CT",,,,,,,pending_google_api_lookup,Elevation intentionally left blank until Google Maps API lookup is run; avoid guessing for ambiguous gym names.
Temecula,1,Tarec Saffiedine,https://www.google.com/search?q=Temecula+MMA+gym+location+elevation,Temecula,,,,,,,pending_google_api_lookup,Elevation intentionally left blank until Google Maps API lookup is run; avoid guessing for ambiguous gym names.
"TFT - Rio De Janeiro, Brazil",1,Bruno Korea,https://www.google.com/search?q=TFT+-+Rio+De+Janeiro%2C+Brazil+MMA+gym+location+elevation,"TFT - Rio De Janeiro, Brazil",,,,,,,pending_google_api_lookup,Elevation intentionally left blank until Google Maps API lookup is run; avoid guessing for ambiguous gym names.
TFT/ATT,1,Luis Henrique,https://www.google.com/search?q=TFT%2FATT+MMA+gym+location+elevation,TFT/ATT,,,,,,,pending_google_api_lookup,Elevation intentionally left blank until Google Maps API lookup is run; avoid guessing for ambiguous gym names.
Thai Brasil,1,Carlos Leal,https://www.google.com/search?q=Thai+Brasil+MMA+gym+location+elevation,Thai Brasil,,,,,,,pending_google_api_lookup,Elevation intentionally left blank until Google Maps API lookup is run; avoid guessing for ambiguous gym names.
Thai Brasil Floripa,1,Nicolle Caliari,https://www.google.com/search?q=Thai+Brasil+Floripa+MMA+gym+location+elevation,Thai Brasil Floripa,,,,,,,pending_google_api_lookup,Elevation intentionally left blank until Google Maps API lookup is run; avoid guessing for ambiguous gym names.
The Academy Fight Club,1,Tommy Gantt,https://www.google.com/search?q=The+Academy+Fight+Club+MMA+gym+location+elevation,The Academy Fight Club,,,,,,,pending_google_api_lookup,Elevation intentionally left blank until Google Maps API lookup is run; avoid guessing for ambiguous gym names.
The Academy Fight Club and Blackxicans,1,Imanol Rodriguez,https://www.google.com/search?q=The+Academy+Fight+Club+and+Blackxicans+MMA+gym+location+elevation,The Academy Fight Club and Blackxicans,,,,,,,pending_google_api_lookup,Elevation intentionally left blank until Google Maps API lookup is run; avoid guessing for ambiguous gym names.
The Academy of Minnesota,1,Quang Le,https://www.google.com/search?q=The+Academy+of+Minnesota+MMA+gym+location+elevation,The Academy of Minnesota,,,,,,,pending_google_api_lookup,Elevation intentionally left blank until Google Maps API lookup is run; avoid guessing for ambiguous gym names.
The Block Bali,1,Xiong Jingnan,https://www.google.com/search?q=The+Block+Bali+MMA+gym+location+elevation,The Block Bali,,,,,,,pending_google_api_lookup,Elevation intentionally left blank until Google Maps API lookup is run; avoid guessing for ambiguous gym names.
The Den Training Center,1,Ethyn Ewing,https://www.google.com/search?q=The+Den+Training+Center+MMA+gym+location+elevation,The Den Training Center,,,,,,,pending_google_api_lookup,Elevation intentionally left blank until Google Maps API lookup is run; avoid guessing for ambiguous gym names.
The Fight Centre & City Kickboxing,1,Ben Johnston,https://www.google.com/search?q=The+Fight+Centre+%26+City+Kickboxing+MMA+gym+location+elevation,The Fight Centre & City Kickboxing,,,,,,,pending_google_api_lookup,Elevation intentionally left blank until Google Maps API lookup is run; avoid guessing for ambiguous gym names.
The Fighting Nerds,10,Bruna Brasil; Caio Borralho; Carlos Prates; Cezary Oleksiejczuk; Jean Silva,https://www.google.com/search?q=The+Fighting+Nerds+MMA+gym+location+elevation,The Fighting Nerds,,,,,,,pending_google_api_lookup,Elevation intentionally left blank until Google Maps API lookup is run; avoid guessing for ambiguous gym names.
The Forge MMA,1,Kyle Daukaus,https://www.google.com/search?q=The+Forge+MMA+MMA+gym+location+elevation,The Forge MMA,,,,,,,pending_google_api_lookup,Elevation intentionally left blank until Google Maps API lookup is run; avoid guessing for ambiguous gym names.
The Goat Shed,1,Gillian Robertson,https://www.google.com/search?q=The+Goat+Shed+MMA+gym+location+elevation,The Goat Shed,,,,,,,pending_google_api_lookup,Elevation intentionally left blank until Google Maps API lookup is run; avoid guessing for ambiguous gym names.
The HitPit Martial Arts,1,Jamie Pickett,https://www.google.com/search?q=The+HitPit+Martial+Arts+MMA+gym+location+elevation,The HitPit Martial Arts,,,,,,,pending_google_api_lookup,Elevation intentionally left blank until Google Maps API lookup is run; avoid guessing for ambiguous gym names.
The MMA Lab,9,Drakkar Klose; Eric McConico; Jackson McVey; Jose Miguel Delgado; Julian Marquez,https://www.google.com/search?q=The+MMA+Lab+MMA+gym+location+elevation,The MMA Lab,,,,,,,pending_google_api_lookup,Elevation intentionally left blank until Google Maps API lookup is run; avoid guessing for ambiguous gym names.
"The Nest / Sanchez BJJ - Maui, HI",1,Cortney Casey,https://www.google.com/search?q=The+Nest+%2F+Sanchez+BJJ+-+Maui%2C+HI+MMA+gym+location+elevation,"The Nest / Sanchez BJJ - Maui, HI",,,,,,,pending_google_api_lookup,Elevation intentionally left blank until Google Maps API lookup is run; avoid guessing for ambiguous gym names.
The Pit,1,Cody Gibson,https://www.google.com/search?q=The+Pit+MMA+gym+location+elevation,The Pit,,,,,,,pending_google_api_lookup,Elevation intentionally left blank until Google Maps API lookup is run; avoid guessing for ambiguous gym names.
"The Pit - Cuba, MO",1,Jake Collier,https://www.google.com/search?q=The+Pit+-+Cuba%2C+MO+MMA+gym+location+elevation,"The Pit - Cuba, MO",,,,,,,pending_google_api_lookup,Elevation intentionally left blank until Google Maps API lookup is run; avoid guessing for ambiguous gym names.
The Q,2,Artur Minev; Ozzy Diaz,https://www.google.com/search?q=The+Q+MMA+gym+location+elevation,The Q,,,,,,,pending_google_api_lookup,Elevation intentionally left blank until Google Maps API lookup is run; avoid guessing for ambiguous gym names.
The Sound Martial Arts,1,Jamey-Lyn Horth,https://www.google.com/search?q=The+Sound+Martial+Arts+MMA+gym+location+elevation,The Sound Martial Arts,,,,,,,pending_google_api_lookup,Elevation intentionally left blank until Google Maps API lookup is run; avoid guessing for ambiguous gym names.
The Striking Institute,1,Thomas Petersen,https://www.google.com/search?q=The+Striking+Institute+MMA+gym+location+elevation,The Striking Institute,,,,,,,pending_google_api_lookup,Elevation intentionally left blank until Google Maps API lookup is run; avoid guessing for ambiguous gym names.
The Treigning Lab,1,TJ Dillashaw,https://www.google.com/search?q=The+Treigning+Lab+MMA+gym+location+elevation,The Treigning Lab,,,,,,,pending_google_api_lookup,Elevation intentionally left blank until Google Maps API lookup is run; avoid guessing for ambiguous gym names.
The UFC Performance Institute,2,Duško Todorović; Malcolm Gordon,https://www.google.com/search?q=The+UFC+Performance+Institute+MMA+gym+location+elevation,The UFC Performance Institute,,,,,,,pending_google_api_lookup,Elevation intentionally left blank until Google Maps API lookup is run; avoid guessing for ambiguous gym names.
The Wolves’ Den Training Center,1,Sean Woodson,https://www.google.com/search?q=The+Wolves%E2%80%99+Den+Training+Center+MMA+gym+location+elevation,The Wolves’ Den Training Center,,,,,,,pending_google_api_lookup,Elevation intentionally left blank until Google Maps API lookup is run; avoid guessing for ambiguous gym names.
Thornton Mixed Martial Arts,1,William Knight,https://www.google.com/search?q=Thornton+Mixed+Martial+Arts+MMA+gym+location+elevation,Thornton Mixed Martial Arts,,,,,,,pending_google_api_lookup,Elevation intentionally left blank until Google Maps API lookup is run; avoid guessing for ambiguous gym names.
Tiger Beetle Martial Arts,1,JJ Aldrich,https://www.google.com/search?q=Tiger+Beetle+Martial+Arts+MMA+gym+location+elevation,Tiger Beetle Martial Arts,,,,,,,pending_google_api_lookup,Elevation intentionally left blank until Google Maps API lookup is run; avoid guessing for ambiguous gym names.
"Tiger Muay Thai - Phuket, Thailand",7,HyunSung Park; Mairbek Taisumov; Nick Hein; Ning Guangyou; Rafael Fiziev,https://www.google.com/search?q=Tiger+Muay+Thai+-+Phuket%2C+Thailand+MMA+gym+location+elevation,"Tiger Muay Thai - Phuket, Thailand",,,,,,,pending_google_api_lookup,Elevation intentionally left blank until Google Maps API lookup is run; avoid guessing for ambiguous gym names.
"Tiger Schulmann's MMA - Elmwood Park, NJ",4,Jimmie Rivera; Lyman Good; Michael Trizano; Shane Burgos,https://www.google.com/search?q=Tiger+Schulmann%27s+MMA+-+Elmwood+Park%2C+NJ+MMA+gym+location+elevation,"Tiger Schulmann's MMA - Elmwood Park, NJ",,,,,,,pending_google_api_lookup,Elevation intentionally left blank until Google Maps API lookup is run; avoid guessing for ambiguous gym names.
Tillery Combat MMA Academy - Wales,1,Jack Marshman,https://www.google.com/search?q=Tillery+Combat+MMA+Academy+-+Wales+MMA+gym+location+elevation,Tillery Combat MMA Academy - Wales,,,,,,,pending_google_api_lookup,Elevation intentionally left blank until Google Maps API lookup is run; avoid guessing for ambiguous gym names.
Titans MMA,1,Gavin Tucker,https://www.google.com/search?q=Titans+MMA+MMA+gym+location+elevation,Titans MMA,,,,,,,pending_google_api_lookup,Elevation intentionally left blank until Google Maps API lookup is run; avoid guessing for ambiguous gym names.
"TKMMA Fit, Akhmat MMA",1,Khamzat Chimaev,https://www.google.com/search?q=TKMMA+Fit%2C+Akhmat+MMA+MMA+gym+location+elevation,"TKMMA Fit, Akhmat MMA",,,,,,,pending_google_api_lookup,Elevation intentionally left blank until Google Maps API lookup is run; avoid guessing for ambiguous gym names.
Tobet Top Team,1,Diyar Nurgozhay,https://www.google.com/search?q=Tobet+Top+Team+MMA+gym+location+elevation,Tobet Top Team,,,,,,,pending_google_api_lookup,Elevation intentionally left blank until Google Maps API lookup is run; avoid guessing for ambiguous gym names.
"Toms river, New Jersey",1,Frankie Edgar,https://www.google.com/search?q=Toms+river%2C+New+Jersey+MMA+gym+location+elevation,"Toms river, New Jersey",,,,,,,pending_google_api_lookup,Elevation intentionally left blank until Google Maps API lookup is run; avoid guessing for ambiguous gym names.
Top Brother,1,Raoni Barcelos,https://www.google.com/search?q=Top+Brother+MMA+gym+location+elevation,Top Brother,,,,,,,pending_google_api_lookup,Elevation intentionally left blank until Google Maps API lookup is run; avoid guessing for ambiguous gym names.
"Top Notch- Chicago, IL/MMA Masters- Miami, FL",1,Ricardo Lamas,https://www.google.com/search?q=Top+Notch-+Chicago%2C+IL%2FMMA+Masters-+Miami%2C+FL+MMA+gym+location+elevation,"Top Notch- Chicago, IL/MMA Masters- Miami, FL",,,,,,,pending_google_api_lookup,Elevation intentionally left blank until Google Maps API lookup is run; avoid guessing for ambiguous gym names.
"Toshido MMA - Kelowna, BC Canada",2,Sarah Moras; Shane Campbell,https://www.google.com/search?q=Toshido+MMA+-+Kelowna%2C+BC+Canada+MMA+gym+location+elevation,"Toshido MMA - Kelowna, BC Canada",,,,,,,pending_google_api_lookup,Elevation intentionally left blank until Google Maps API lookup is run; avoid guessing for ambiguous gym names.
Train4Life,1,Terrance Saeteurn,https://www.google.com/search?q=Train4Life+MMA+gym+location+elevation,Train4Life,,,,,,,pending_google_api_lookup,Elevation intentionally left blank until Google Maps API lookup is run; avoid guessing for ambiguous gym names.
Trifecta MMA,1,Marion Reneau,https://www.google.com/search?q=Trifecta+MMA+MMA+gym+location+elevation,Trifecta MMA,,,,,,,pending_google_api_lookup,Elevation intentionally left blank until Google Maps API lookup is run; avoid guessing for ambiguous gym names.
"Triforce MMA, Pawtucket, RI",1,Eric Spicely,https://www.google.com/search?q=Triforce+MMA%2C+Pawtucket%2C+RI+MMA+gym+location+elevation,"Triforce MMA, Pawtucket, RI",,,,,,,pending_google_api_lookup,Elevation intentionally left blank until Google Maps API lookup is run; avoid guessing for ambiguous gym names.
Triple One Gym Duesseldorf,1,Islam Dulatov,https://www.google.com/search?q=Triple+One+Gym+Duesseldorf+MMA+gym+location+elevation,Triple One Gym Duesseldorf,,,,,,,pending_google_api_lookup,Elevation intentionally left blank until Google Maps API lookup is run; avoid guessing for ambiguous gym names.
Tristar,1,Yohan Lainesse,https://www.google.com/search?q=Tristar+MMA+gym+location+elevation,Tristar,,,,,,,pending_google_api_lookup,Elevation intentionally left blank until Google Maps API lookup is run; avoid guessing for ambiguous gym names.
Tristar Gym - Montreal,12,Aiemann Zahabi; Alex Garcia; Andrew Sanchez; Chad Laprise; Joe Duffy,https://www.google.com/search?q=Tristar+Gym+-+Montreal+MMA+gym+location+elevation,Tristar Gym - Montreal,,,,,,,pending_google_api_lookup,Elevation intentionally left blank until Google Maps API lookup is run; avoid guessing for ambiguous gym names.
Tristar Vancouver,1,Kajan Johnson,https://www.google.com/search?q=Tristar+Vancouver+MMA+gym+location+elevation,Tristar Vancouver,,,,,,,pending_google_api_lookup,Elevation intentionally left blank until Google Maps API lookup is run; avoid guessing for ambiguous gym names.
Triumph Fights,1,Azat Maksum,https://www.google.com/search?q=Triumph+Fights+MMA+gym+location+elevation,Triumph Fights,,,,,,,pending_google_api_lookup,Elevation intentionally left blank until Google Maps API lookup is run; avoid guessing for ambiguous gym names.
Troop MMA,1,Mitch Gagnon,https://www.google.com/search?q=Troop+MMA+MMA+gym+location+elevation,Troop MMA,,,,,,,pending_google_api_lookup,Elevation intentionally left blank until Google Maps API lookup is run; avoid guessing for ambiguous gym names.
Tuan MMA,1,Guido Cannetti,https://www.google.com/search?q=Tuan+MMA+MMA+gym+location+elevation,Tuan MMA,,,,,,,pending_google_api_lookup,Elevation intentionally left blank until Google Maps API lookup is run; avoid guessing for ambiguous gym names.
UFC Performance Institue Mexico City,2,Adrián Luna Martinetti; Juan Diaz,https://www.google.com/search?q=UFC+Performance+Institue+Mexico+City+MMA+gym+location+elevation,UFC Performance Institue Mexico City,,,,,,,pending_google_api_lookup,Elevation intentionally left blank until Google Maps API lookup is run; avoid guessing for ambiguous gym names.
UFC Performance Institute,6,David Martinez; Dione Barbosa; Jean-Paul Lebosnoyani; Polyana Viana; Regina Tarin,https://www.google.com/search?q=UFC+Performance+Institute+MMA+gym+location+elevation,UFC Performance Institute,,,,,,,pending_google_api_lookup,Elevation intentionally left blank until Google Maps API lookup is run; avoid guessing for ambiguous gym names.
UFC Performance Institute Shanghai,2,Liang Na; Xiao Long,https://www.google.com/search?q=UFC+Performance+Institute+Shanghai+MMA+gym+location+elevation,UFC Performance Institute Shanghai,,,,,,,pending_google_api_lookup,Elevation intentionally left blank until Google Maps API lookup is run; avoid guessing for ambiguous gym names.
UFC PI Shanghai,1,Wang Cong,https://www.google.com/search?q=UFC+PI+Shanghai+MMA+gym+location+elevation,UFC PI Shanghai,,,,,,,pending_google_api_lookup,Elevation intentionally left blank until Google Maps API lookup is run; avoid guessing for ambiguous gym names.
UFD Gym Dusseldorf,1,David Zawada,https://www.google.com/search?q=UFD+Gym+Dusseldorf+MMA+gym+location+elevation,UFD Gym Dusseldorf,,,,,,,pending_google_api_lookup,Elevation intentionally left blank until Google Maps API lookup is run; avoid guessing for ambiguous gym names.
UFK Gladiator Maro Perak / Aspinall BJJ,1,Ante Delija,https://www.google.com/search?q=UFK+Gladiator+Maro+Perak+%2F+Aspinall+BJJ+MMA+gym+location+elevation,UFK Gladiator Maro Perak / Aspinall BJJ,,,,,,,pending_google_api_lookup,Elevation intentionally left blank until Google Maps API lookup is run; avoid guessing for ambiguous gym names.
UKF Gym,1,Javier Reyes,https://www.google.com/search?q=UKF+Gym+MMA+gym+location+elevation,UKF Gym,,,,,,,pending_google_api_lookup,Elevation intentionally left blank until Google Maps API lookup is run; avoid guessing for ambiguous gym names.
Ukmergė Judo Club,1,Zygimantas Ramaska,https://www.google.com/search?q=Ukmerg%C4%97+Judo+Club+MMA+gym+location+elevation,Ukmergė Judo Club,,,,,,,pending_google_api_lookup,Elevation intentionally left blank until Google Maps API lookup is run; avoid guessing for ambiguous gym names.
Ultimate Kombat Gym,1,Chris Ewert,https://www.google.com/search?q=Ultimate+Kombat+Gym+MMA+gym+location+elevation,Ultimate Kombat Gym,,,,,,,pending_google_api_lookup,Elevation intentionally left blank until Google Maps API lookup is run; avoid guessing for ambiguous gym names.
Ultimate Submission Academy,1,Ray Rodriguez,https://www.google.com/search?q=Ultimate+Submission+Academy+MMA+gym+location+elevation,Ultimate Submission Academy,,,,,,,pending_google_api_lookup,Elevation intentionally left blank until Google Maps API lookup is run; avoid guessing for ambiguous gym names.
Uniq Fight Club,1,Robert Bryczek,https://www.google.com/search?q=Uniq+Fight+Club+MMA+gym+location+elevation,Uniq Fight Club,,,,,,,pending_google_api_lookup,Elevation intentionally left blank until Google Maps API lookup is run; avoid guessing for ambiguous gym names.
"United Gym, Lodz",1,Damian Stasiak,https://www.google.com/search?q=United+Gym%2C+Lodz+MMA+gym+location+elevation,"United Gym, Lodz",,,,,,,pending_google_api_lookup,Elevation intentionally left blank until Google Maps API lookup is run; avoid guessing for ambiguous gym names.
United States,1,Josh Samman,https://www.google.com/search?q=United+States+MMA+gym+location+elevation,United States,,,,,,,pending_google_api_lookup,Elevation intentionally left blank until Google Maps API lookup is run; avoid guessing for ambiguous gym names.
Unrivaled Athletics - PA,1,Darrell Horcher,https://www.google.com/search?q=Unrivaled+Athletics+-+PA+MMA+gym+location+elevation,Unrivaled Athletics - PA,,,,,,,pending_google_api_lookup,Elevation intentionally left blank until Google Maps API lookup is run; avoid guessing for ambiguous gym names.
Upper - Nova Uniao - RJ,1,Felipe Olivieri,https://www.google.com/search?q=Upper+-+Nova+Uniao+-+RJ+MMA+gym+location+elevation,Upper - Nova Uniao - RJ,,,,,,,pending_google_api_lookup,Elevation intentionally left blank until Google Maps API lookup is run; avoid guessing for ambiguous gym names.
Upstate Karate Family Martial Arts Center,1,Stephen Thompson,https://www.google.com/search?q=Upstate+Karate+Family+Martial+Arts+Center+MMA+gym+location+elevation,Upstate Karate Family Martial Arts Center,,,,,,,pending_google_api_lookup,Elevation intentionally left blank until Google Maps API lookup is run; avoid guessing for ambiguous gym names.
UTC Ultimate Training Centre Birmingham,1,Leon Edwards,https://www.google.com/search?q=UTC+Ultimate+Training+Centre+Birmingham+MMA+gym+location+elevation,UTC Ultimate Training Centre Birmingham,,,,,,,pending_google_api_lookup,Elevation intentionally left blank until Google Maps API lookup is run; avoid guessing for ambiguous gym names.
Vagner Rocha Martial Arts,1,Jim Alers,https://www.google.com/search?q=Vagner+Rocha+Martial+Arts+MMA+gym+location+elevation,Vagner Rocha Martial Arts,,,,,,,pending_google_api_lookup,Elevation intentionally left blank until Google Maps API lookup is run; avoid guessing for ambiguous gym names.
Vale Top Team,1,Luis Felipe Dias,https://www.google.com/search?q=Vale+Top+Team+MMA+gym+location+elevation,Vale Top Team,,,,,,,pending_google_api_lookup,Elevation intentionally left blank until Google Maps API lookup is run; avoid guessing for ambiguous gym names.
Valle Flow Striking Academy,3,Gerald Meerschaert; Ignacio Bahamondes; Ramiz Brahimaj,https://www.google.com/search?q=Valle+Flow+Striking+Academy+MMA+gym+location+elevation,Valle Flow Striking Academy,,,,,,,pending_google_api_lookup,Elevation intentionally left blank until Google Maps API lookup is run; avoid guessing for ambiguous gym names.
Valley Flow Striking,2,Austin Hubbard; Charles Radtke,https://www.google.com/search?q=Valley+Flow+Striking+MMA+gym+location+elevation,Valley Flow Striking,,,,,,,pending_google_api_lookup,Elevation intentionally left blank until Google Maps API lookup is run; avoid guessing for ambiguous gym names.
Valon Team,1,Bolaji Oki,https://www.google.com/search?q=Valon+Team+MMA+gym+location+elevation,Valon Team,,,,,,,pending_google_api_lookup,Elevation intentionally left blank until Google Maps API lookup is run; avoid guessing for ambiguous gym names.
Velociti Fitness,1,Johny Hendricks,https://www.google.com/search?q=Velociti+Fitness+MMA+gym+location+elevation,Velociti Fitness,,,,,,,pending_google_api_lookup,Elevation intentionally left blank until Google Maps API lookup is run; avoid guessing for ambiguous gym names.
Venum Training Camp Paris,3,Benoît Saint Denis; Nassourdine Imavov; William Gomis,https://www.google.com/search?q=Venum+Training+Camp+Paris+MMA+gym+location+elevation,Venum Training Camp Paris,,,,,,,pending_google_api_lookup,Elevation intentionally left blank until Google Maps API lookup is run; avoid guessing for ambiguous gym names.
Vila da Luta/Demian Maia Jiu-Jitsu (Săo Paulo),1,Demian Maia,https://www.google.com/search?q=Vila+da+Luta%2FDemian+Maia+Jiu-Jitsu+%28S%C4%83o+Paulo%29+MMA+gym+location+elevation,Vila da Luta/Demian Maia Jiu-Jitsu (Săo Paulo),,,,,,,pending_google_api_lookup,Elevation intentionally left blank until Google Maps API lookup is run; avoid guessing for ambiguous gym names.
Viscardi Andrade Training Center,1,Viscardi Andrade,https://www.google.com/search?q=Viscardi+Andrade+Training+Center+MMA+gym+location+elevation,Viscardi Andrade Training Center,,,,,,,pending_google_api_lookup,Elevation intentionally left blank until Google Maps API lookup is run; avoid guessing for ambiguous gym names.
Vision MMA,1,Dominique Steele,https://www.google.com/search?q=Vision+MMA+MMA+gym+location+elevation,Vision MMA,,,,,,,pending_google_api_lookup,Elevation intentionally left blank until Google Maps API lookup is run; avoid guessing for ambiguous gym names.
"VT1 Gym- Sydney, Australia",2,Alex Chambers; Rich Walsh,https://www.google.com/search?q=VT1+Gym-+Sydney%2C+Australia+MMA+gym+location+elevation,"VT1 Gym- Sydney, Australia",,,,,,,pending_google_api_lookup,Elevation intentionally left blank until Google Maps API lookup is run; avoid guessing for ambiguous gym names.
Västerås Fight Club,1,Andreas Gustafsson,https://www.google.com/search?q=V%C3%A4ster%C3%A5s+Fight+Club+MMA+gym+location+elevation,Västerås Fight Club,,,,,,,pending_google_api_lookup,Elevation intentionally left blank until Google Maps API lookup is run; avoid guessing for ambiguous gym names.
W4R Training Center,1,Charlie Ontiveros,https://www.google.com/search?q=W4R+Training+Center+MMA+gym+location+elevation,W4R Training Center,,,,,,,pending_google_api_lookup,Elevation intentionally left blank until Google Maps API lookup is run; avoid guessing for ambiguous gym names.
Wajiutsu Keishu-kai Suruga,1,Ulka Sasaki,https://www.google.com/search?q=Wajiutsu+Keishu-kai+Suruga+MMA+gym+location+elevation,Wajiutsu Keishu-kai Suruga,,,,,,,pending_google_api_lookup,Elevation intentionally left blank until Google Maps API lookup is run; avoid guessing for ambiguous gym names.
Wanderley Jiu-Jitsu,1,Leah Letson,https://www.google.com/search?q=Wanderley+Jiu-Jitsu+MMA+gym+location+elevation,Wanderley Jiu-Jitsu,,,,,,,pending_google_api_lookup,Elevation intentionally left blank until Google Maps API lookup is run; avoid guessing for ambiguous gym names.
War Room MMA,1,Kennedy Nzechukwu,https://www.google.com/search?q=War+Room+MMA+MMA+gym+location+elevation,War Room MMA,,,,,,,pending_google_api_lookup,Elevation intentionally left blank until Google Maps API lookup is run; avoid guessing for ambiguous gym names.
War Training Center,2,Trevin Giles; Zachary Reese,https://www.google.com/search?q=War+Training+Center+MMA+gym+location+elevation,War Training Center,,,,,,,pending_google_api_lookup,Elevation intentionally left blank until Google Maps API lookup is run; avoid guessing for ambiguous gym names.
Warrior Camp,1,Terrance McKinney,https://www.google.com/search?q=Warrior+Camp+MMA+gym+location+elevation,Warrior Camp,,,,,,,pending_google_api_lookup,Elevation intentionally left blank until Google Maps API lookup is run; avoid guessing for ambiguous gym names.
Wave Combat Sports,1,Jose Johnson,https://www.google.com/search?q=Wave+Combat+Sports+MMA+gym+location+elevation,Wave Combat Sports,,,,,,,pending_google_api_lookup,Elevation intentionally left blank until Google Maps API lookup is run; avoid guessing for ambiguous gym names.
WCA Warszawa,1,Lukasz Brzeski,https://www.google.com/search?q=WCA+Warszawa+MMA+gym+location+elevation,WCA Warszawa,,,,,,,pending_google_api_lookup,Elevation intentionally left blank until Google Maps API lookup is run; avoid guessing for ambiguous gym names.
"Welfrun MMA- PEI, Canada",1,Jason Saggo,https://www.google.com/search?q=Welfrun+MMA-+PEI%2C+Canada+MMA+gym+location+elevation,"Welfrun MMA- PEI, Canada",,,,,,,pending_google_api_lookup,Elevation intentionally left blank until Google Maps API lookup is run; avoid guessing for ambiguous gym names.
Whitsunday Martial Arts - Airlie Beach,1,Anton Zafir,https://www.google.com/search?q=Whitsunday+Martial+Arts+-+Airlie+Beach+MMA+gym+location+elevation,Whitsunday Martial Arts - Airlie Beach,,,,,,,pending_google_api_lookup,Elevation intentionally left blank until Google Maps API lookup is run; avoid guessing for ambiguous gym names.
Wilkes Martial Arts & Fitness Academy,1,Steve Erceg,https://www.google.com/search?q=Wilkes+Martial+Arts+%26+Fitness+Academy+MMA+gym+location+elevation,Wilkes Martial Arts & Fitness Academy,,,,,,,pending_google_api_lookup,Elevation intentionally left blank until Google Maps API lookup is run; avoid guessing for ambiguous gym names.
Witness Martial Arts,1,Sedriques Dumas,https://www.google.com/search?q=Witness+Martial+Arts+MMA+gym+location+elevation,Witness Martial Arts,,,,,,,pending_google_api_lookup,Elevation intentionally left blank until Google Maps API lookup is run; avoid guessing for ambiguous gym names.
WKX / PT Team Vancouver,1,Loopy Godinez,https://www.google.com/search?q=WKX+%2F+PT+Team+Vancouver+MMA+gym+location+elevation,WKX / PT Team Vancouver,,,,,,,pending_google_api_lookup,Elevation intentionally left blank until Google Maps API lookup is run; avoid guessing for ambiguous gym names.
"X3 Sports- Atlanta, GA",1,Clint Hester,https://www.google.com/search?q=X3+Sports-+Atlanta%2C+GA+MMA+gym+location+elevation,"X3 Sports- Atlanta, GA",,,,,,,pending_google_api_lookup,Elevation intentionally left blank until Google Maps API lookup is run; avoid guessing for ambiguous gym names.
XCMMA,1,Sean Sharaf,https://www.google.com/search?q=XCMMA+MMA+gym+location+elevation,XCMMA,,,,,,,pending_google_api_lookup,Elevation intentionally left blank until Google Maps API lookup is run; avoid guessing for ambiguous gym names.
XGYM - Rio de Janeiro,4,Alan Patrick; Marcelo Guimaraes; Ronaldo Souza; Warlley Alves,https://www.google.com/search?q=XGYM+-+Rio+de+Janeiro+MMA+gym+location+elevation,XGYM - Rio de Janeiro,,,,,,,pending_google_api_lookup,Elevation intentionally left blank until Google Maps API lookup is run; avoid guessing for ambiguous gym names.
"XLR8 Traning Centre, Epping, Victoria, Australia",1,Jake Matthews,https://www.google.com/search?q=XLR8+Traning+Centre%2C+Epping%2C+Victoria%2C+Australia+MMA+gym+location+elevation,"XLR8 Traning Centre, Epping, Victoria, Australia",,,,,,,pending_google_api_lookup,Elevation intentionally left blank until Google Maps API lookup is run; avoid guessing for ambiguous gym names.
"Xtreme Couture - Las Vegas, NV",32,Brad Tavares; Bryan Caraway; Cheyanne Vlismas; Chris Curtis; Christian Rodriguez,https://www.google.com/search?q=Xtreme+Couture+-+Las+Vegas%2C+NV+MMA+gym+location+elevation,"Xtreme Couture - Las Vegas, NV",,,,,,,pending_google_api_lookup,Elevation intentionally left blank until Google Maps API lookup is run; avoid guessing for ambiguous gym names.
Xtreme Couture / Overcome Academy,1,Michel Pereira,https://www.google.com/search?q=Xtreme+Couture+%2F+Overcome+Academy+MMA+gym+location+elevation,Xtreme Couture / Overcome Academy,,,,,,,pending_google_api_lookup,Elevation intentionally left blank until Google Maps API lookup is run; avoid guessing for ambiguous gym names.
Xtreme Plainview,1,John Yannis,https://www.google.com/search?q=Xtreme+Plainview+MMA+gym+location+elevation,Xtreme Plainview,,,,,,,pending_google_api_lookup,Elevation intentionally left blank until Google Maps API lookup is run; avoid guessing for ambiguous gym names.
Yuma United/Kings MMA,1,Kelvin Gastelum,https://www.google.com/search?q=Yuma+United%2FKings+MMA+MMA+gym+location+elevation,Yuma United/Kings MMA,,,,,,,pending_google_api_lookup,Elevation intentionally left blank until Google Maps API lookup is run; avoid guessing for ambiguous gym names.
Zenith BJJ/Dunham Jiu Jitsu,1,Evan Dunham,https://www.google.com/search?q=Zenith+BJJ%2FDunham+Jiu+Jitsu+MMA+gym+location+elevation,Zenith BJJ/Dunham Jiu Jitsu,,,,,,,pending_google_api_lookup,Elevation intentionally left blank until Google Maps API lookup is run; avoid guessing for ambiguous gym names.
"Zuma Martial Arts - Victoria, BC",2,Ryan Janes; Sarah Kaufman,https://www.google.com/search?q=Zuma+Martial+Arts+-+Victoria%2C+BC+MMA+gym+location+elevation,"Zuma Martial Arts - Victoria, BC",,,,,,,pending_google_api_lookup,Elevation intentionally left blank until Google Maps API lookup is run; avoid guessing for ambiguous gym names.
